/*--------------------------------*- C++ -*----------------------------------*\
| =========                 |                                                 |
| \\      /  F ield         | OpenFOAM: The Open Source CFD Toolbox           |
|  \\    /   O peration     | Version:  2512                                  |
|   \\  /    A nd           | Website:  www.openfoam.com                      |
|    \\/     M anipulation  |                                                 |
\*---------------------------------------------------------------------------*/
FoamFile
{
    version     2.0;
    format      ascii;
    arch        "LSB;label=32;scalar=64";
    class       volScalarField;
    location    "200";
    object      p;
}
// * * * * * * * * * * * * * * * * * * * * * * * * * * * * * * * * * * * * * //

dimensions      [0 2 -2 0 0 0 0];

internalField   nonuniform List<scalar> 
86742
(
584.87882
584.33181
583.38488
582.09906
580.53842
578.75993
576.81547
574.74746
572.59057
570.37174
568.11178
565.82631
563.52705
561.22263
558.91938
556.62188
554.33343
552.05635
549.79231
547.54239
545.30736
543.08768
540.88366
538.69549
536.5233
534.36718
532.22731
530.10389
527.99734
525.9082
523.83736
521.78606
519.75609
517.74991
515.77092
513.82369
511.91441
510.05126
508.24494
506.50936
504.8618
503.32383
501.91986
500.67792
499.62374
498.78159
498.16388
497.77607
497.61526
583.10003
582.56232
581.61954
580.33897
578.78776
577.02353
575.0983
573.05386
570.92424
568.73561
566.50809
564.25676
561.99285
559.72461
557.4581
555.19769
552.94651
550.70679
548.48009
546.26745
544.06959
541.88695
539.71984
537.56842
535.43281
533.31312
531.2095
529.12217
527.05151
524.99806
522.96268
520.94656
518.95142
516.97963
515.03443
513.12023
511.24291
509.41032
507.63268
505.9234
504.2991
502.78113
501.39332
500.16482
499.12115
498.28947
497.68073
497.29846
497.13672
579.62937
579.10329
578.17462
576.9082
575.38032
573.64776
571.76339
569.76753
567.69305
565.56467
563.40133
561.21704
559.02222
556.82448
554.62936
552.44086
550.26186
548.09439
545.93985
543.79922
541.67313
539.56201
537.46612
535.38561
533.3206
531.2712
529.23756
527.21988
525.21854
523.23406
521.26724
519.31922
517.39161
515.48663
513.60731
511.75771
509.94327
508.17124
506.45101
504.7951
503.21896
501.74326
500.39089
499.19248
498.17369
497.36617
496.77923
496.41184
496.25412
574.0123
573.51724
572.62572
571.40507
569.93411
568.26963
566.46404
564.55613
562.57722
560.55034
558.49297
556.4179
554.33454
552.24973
550.16841
548.09415
546.02951
543.97627
541.9357
539.90866
537.89573
535.89728
533.91356
531.94473
529.9909
528.0522
526.12877
524.22084
522.32878
520.4531
518.59458
516.7543
514.93376
513.13504
511.36093
509.61517
507.90269
506.23006
504.60567
503.04096
501.54959
500.15122
498.8661
497.7265
496.75483
495.99085
495.43878
495.09428
494.94138
565.84565
565.38844
564.55282
563.40632
562.02853
560.4739
558.79264
557.02081
555.18718
553.31254
551.41246
549.4982
547.57795
545.65764
543.74153
541.83269
539.93332
538.04495
536.16869
534.30528
532.45526
530.61897
528.79664
526.98846
525.19456
523.41508
521.65022
519.90023
518.16548
516.44651
514.74409
513.05926
511.39345
509.74862
508.12734
506.53301
504.97005
503.44432
501.96311
500.53644
499.17598
497.89935
496.72397
495.68165
494.79215
494.10072
493.60643
493.29904
493.15803
554.92634
554.54047
553.8081
552.78237
551.54738
550.1533
548.6485
547.06568
545.43091
543.76238
542.07355
540.37398
538.67055
536.96818
535.27041
533.57978
531.8981
530.22668
528.56646
526.9181
525.28207
523.65871
522.04829
520.451
518.86702
517.29657
515.73987
514.19723
512.66907
511.15596
509.65869
508.17832
506.71624
505.27432
503.85497
502.46135
501.09746
499.7685
498.48075
497.24281
496.06396
494.95947
493.94137
493.04086
492.26774
491.67893
491.26377
491.007
490.8838
541.08928
540.75563
540.11379
539.2324
538.17644
536.9914
535.71684
534.38053
533.00383
531.60155
530.18442
528.75998
527.33358
525.90902
524.48906
523.07567
521.67031
520.27405
518.88765
517.51172
516.14671
514.79298
513.45082
512.12049
510.80223
509.49635
508.20313
506.92297
505.65635
504.40391
503.16651
501.94523
500.74148
499.55711
498.39445
497.2565
496.14698
495.0706
494.03298
493.04148
492.10394
491.23253
490.43699
489.74088
489.15171
488.71063
488.40432
488.21393
488.11549
525.11313
524.85573
524.34314
523.63508
522.79123
521.84892
520.841
519.78903
518.70941
517.61291
516.50728
515.39772
514.28792
513.1805
512.07737
510.97994
509.88929
508.80626
507.73152
506.66559
505.60891
504.56186
503.5248
502.49805
501.48198
500.47693
499.4833
498.50156
497.53229
496.57621
495.63424
494.70752
493.79753
492.90607
492.03548
491.18862
490.36905
489.58113
488.83002
488.12201
487.4639
486.86452
486.33121
485.87708
485.50569
485.23412
485.05019
484.93267
484.8601
507.60354
507.41192
507.01812
506.48717
505.86591
505.1844
504.46541
503.72311
502.96742
502.20436
501.43805
500.67114
499.90551
499.14252
498.38322
497.62848
496.87901
496.13544
495.39833
494.66816
493.94538
493.23041
492.52368
491.82561
491.13661
490.45715
489.78774
489.12892
488.48137
487.84591
487.22351
486.61537
486.02299
485.44823
484.89335
484.36114
483.85502
483.37902
482.93796
482.53711
482.18251
481.87942
481.63342
481.44519
481.31495
481.23048
481.18109
481.14278
481.09831
489.42088
489.29926
489.03362
488.68234
488.28803
487.87144
487.44679
487.01984
486.59398
486.17007
485.74856
485.32942
484.91276
484.49869
484.08749
483.6795
483.27512
482.87478
482.47899
482.08817
481.70281
481.32337
480.95035
480.58424
480.22559
479.87492
479.53283
479.19996
478.87708
478.56507
478.26496
477.97801
477.70573
477.44993
477.21283
476.99708
476.80587
476.64284
476.51236
476.41856
476.36657
476.35797
476.39642
476.4706
476.57716
476.67678
476.7597
476.79845
476.77935
471.22654
471.15288
470.99029
470.80201
470.62162
470.46033
470.32146
470.20144
470.09642
470.00188
469.91455
469.83191
469.7524
469.67507
469.5995
469.52563
469.4536
469.38372
469.3164
469.2521
469.19132
469.13459
469.08246
469.03553
468.99437
468.95963
468.93198
468.91216
468.90098
468.89938
468.90844
468.92942
468.9638
469.01333
469.0801
469.16652
469.27546
469.40997
469.57369
469.76935
470.00072
470.26583
470.56609
470.88105
471.2039
471.47598
471.68311
471.79398
471.79797
453.81473
453.79172
453.7341
453.69865
453.71752
453.79018
453.91169
454.06915
454.25273
454.45309
454.66402
454.8809
455.10091
455.3223
455.54417
455.76615
455.98824
456.21064
456.43379
456.65811
456.88414
457.11246
457.34369
457.57847
457.81749
458.06141
458.31099
458.567
458.83033
459.10194
459.38291
459.67449
459.97812
460.2954
460.62823
460.97871
461.34926
461.74221
462.16028
462.6046
463.07724
463.57283
464.09047
464.60265
465.10013
465.51158
465.81733
465.98277
465.99846
437.68928
437.6812
437.68649
437.77152
437.95694
438.2289
438.57184
438.96351
439.3886
439.83384
440.29094
440.75389
441.21918
441.68462
442.14909
442.61209
443.07355
443.53368
443.99288
444.45162
444.91048
445.37008
445.83107
446.29414
446.76
447.2294
447.7031
448.18193
448.66679
449.15864
449.65855
450.16772
450.68749
451.21931
451.76484
452.32582
452.90415
453.50136
454.119
454.75656
455.41376
456.08247
456.75808
457.41166
458.02934
458.54548
458.92245
459.12551
459.14628
423.57248
423.61618
423.7071
423.90049
424.22139
424.64165
425.14333
425.6972
426.28632
426.89535
427.51546
428.14022
428.76603
429.39064
430.01294
430.63243
431.24907
431.8631
432.4749
433.085
433.69397
434.30246
434.91114
435.5207
436.13187
436.74541
437.36209
437.98275
438.60827
439.23958
439.87772
440.52382
441.17909
441.84485
442.52253
443.21353
443.91927
444.64066
445.37835
446.13062
446.89553
447.66294
448.42508
449.15113
449.82149
450.37635
450.76992
450.97175
450.97005
411.39499
411.46624
411.60455
411.86111
412.26262
412.76792
413.35634
413.99396
414.66366
415.34983
416.04431
416.74119
417.43734
418.13086
418.82088
419.50704
420.18941
420.86826
421.544
422.21717
422.88835
423.55816
424.22726
424.89633
425.56607
426.23722
426.91053
427.58679
428.26686
428.95161
429.64201
430.3391
431.044
431.75786
432.48193
433.21738
433.96527
434.72611
435.49996
436.28461
437.07679
437.86631
438.64204
439.37546
440.04001
440.58456
440.96242
441.14498
441.12254
401.00663
401.09738
401.2625
401.54259
401.97441
402.49708
403.09544
403.7325
404.39479
405.06792
405.74569
406.42326
407.09842
407.76978
408.43682
409.09938
409.75764
410.41191
411.06265
411.71033
412.35553
412.99882
413.64081
414.28212
414.92341
415.56535
416.20864
416.85401
417.50222
418.15408
418.81047
419.47234
420.14069
420.81658
421.50108
422.19523
422.8999
423.61545
424.34171
425.07643
425.81595
426.55054
427.26778
427.94104
428.54081
429.02216
429.33805
429.46768
429.38975
392.01604
392.10058
392.24916
392.49516
392.87581
393.33264
393.85191
394.39975
394.96509
395.53599
396.10801
396.67766
397.24361
397.80505
398.36182
398.91397
399.46176
400.00554
400.54574
401.0828
401.61723
402.14952
402.6802
403.20979
403.73886
404.26799
404.79779
405.32888
405.8619
406.3976
406.93673
407.48013
408.0287
408.5834
409.14523
409.71515
410.29404
410.88232
411.4799
412.08508
412.69456
413.30026
413.89072
414.44441
414.93606
415.33081
415.59752
415.70501
415.64089
384.06907
384.13387
384.23873
384.41081
384.68115
385.00657
385.37714
385.76687
386.16752
386.5701
386.97157
387.3696
387.76346
388.15279
388.53764
388.91819
389.29473
389.6676
390.03716
390.4038
390.7679
391.12988
391.49013
391.84908
392.20716
392.56484
392.9226
393.28092
393.64037
394.00153
394.36502
394.73161
395.10209
395.47732
395.85825
396.24589
396.64118
397.04487
397.45733
397.87781
398.30419
398.73102
399.14959
399.54438
399.89558
400.17851
400.36675
400.43236
400.34298
376.79276
376.82222
376.85509
376.91566
377.02707
377.17008
377.33932
377.52001
377.70641
377.89287
378.07727
378.25821
378.4353
378.60845
378.77779
378.94355
379.10599
379.26536
379.42198
379.57609
379.72797
379.87788
380.02613
380.17297
380.3187
380.46366
380.60817
380.75261
380.89734
381.04285
381.18965
381.33834
381.48961
381.64428
381.80326
381.96764
382.13855
382.3172
382.50467
382.70161
382.9079
383.12158
383.33852
383.55074
383.74697
383.91201
384.02841
384.06089
383.96866
369.858
369.84586
369.79352
369.72469
369.65498
369.59197
369.53574
369.48409
369.43395
369.38313
369.33022
369.2746
369.21604
369.15457
369.09032
369.02348
368.9542
368.88269
368.80907
368.7335
368.65611
368.57704
368.49641
368.41437
368.33106
368.24667
368.16136
368.07533
367.98888
367.90229
367.81592
367.73027
367.64594
367.56363
367.48426
367.40899
367.33918
367.27655
367.22309
367.18101
367.15248
367.13963
367.14335
367.16365
367.19686
367.23749
367.26964
367.25979
367.14749
362.93451
362.87718
362.73338
362.52737
362.27365
362.00324
361.72181
361.43813
361.1518
360.86395
360.57408
360.28236
359.98878
359.69348
359.39659
359.0982
358.79839
358.4972
358.19467
357.89078
357.58553
357.27891
356.9709
356.66151
356.35073
356.03857
355.72508
355.41031
355.09437
354.77744
354.45974
354.1416
353.82349
353.50606
353.19017
352.87704
352.56822
352.26592
351.97291
351.69306
351.43094
351.19286
350.98522
350.81654
350.69221
350.61602
350.57885
350.53998
350.43293
355.70586
355.61298
355.39156
355.06619
354.65272
354.20135
353.72236
353.23401
352.7385
352.24025
351.73976
351.23815
350.73566
350.23261
349.72907
349.2251
348.72066
348.21568
347.71002
347.20359
346.69621
346.18776
345.67808
345.16705
344.65452
344.14038
343.62452
343.10687
342.58741
342.06617
341.54323
341.01881
340.49324
339.96706
339.44107
338.91645
338.39487
337.87887
337.37183
336.8789
336.40648
335.96464
335.56401
335.22126
334.94805
334.75933
334.64593
334.57132
334.45182
347.80803
347.68831
347.40653
346.98292
346.45002
345.86153
345.23283
344.58632
343.92747
343.26344
342.59635
341.92836
341.2602
340.59239
339.92505
339.25818
338.59165
337.92526
337.2588
336.592
335.9246
335.25636
334.587
333.91629
333.24398
332.56983
331.89364
331.21523
330.53444
329.8512
329.16548
328.47734
327.78701
327.09489
326.40165
325.70841
325.01677
324.32936
323.64976
322.98392
322.33938
321.72908
321.16708
320.67781
320.28046
320.00181
319.84393
319.75979
319.67822
338.89583
338.78118
338.48688
338.02609
337.43881
336.77825
336.06596
335.32874
334.57537
333.81525
333.05167
332.28746
331.52362
330.7608
329.99909
329.23848
328.47872
327.71954
326.96062
326.20162
325.4422
324.68203
323.92077
323.15811
322.39371
321.62731
320.85859
320.08732
319.31328
318.53629
317.75624
316.97311
316.18701
315.39821
314.60727
313.81513
313.02323
312.23406
311.451
310.68012
309.92878
309.21143
308.54211
307.95122
307.45758
307.10172
306.88098
306.75635
306.65021
328.53171
328.43238
328.15067
327.69495
327.10859
326.43811
325.7119
324.95635
324.18347
323.40315
322.61958
321.83576
321.05283
320.27137
319.49145
318.71294
317.9355
317.1588
316.38242
315.606
314.82915
314.05148
313.27264
312.49226
311.71002
310.92559
310.13867
309.34897
308.55624
307.76027
306.9609
306.15806
305.35174
304.54216
303.72967
302.91504
302.0994
301.28483
300.47416
299.67288
298.88736
298.13197
297.41959
296.78422
296.24424
295.85219
295.60409
295.46106
295.35311
316.48409
316.4308
316.20392
315.80471
315.27611
314.66068
313.98955
313.28886
312.57195
311.84849
311.12273
310.39738
309.67339
308.95114
308.23054
307.5113
306.79304
306.07534
305.35777
304.63993
303.92142
303.20187
302.48093
301.75826
301.03355
300.3065
299.57682
298.84425
298.10856
297.36953
296.62702
295.88091
295.1312
294.37798
293.62152
292.86236
292.10132
291.34
290.58039
289.82703
289.08432
288.36538
287.67867
287.06052
286.52093
286.13099
285.87679
285.72647
285.6125
302.50285
302.45755
302.26371
301.93602
301.50368
300.99918
300.44888
299.87421
299.2873
298.69619
298.1045
297.51415
296.92563
296.33893
295.75372
295.16953
294.5859
294.00233
293.41839
292.8337
292.24788
291.66061
291.0716
290.48058
289.88731
289.29155
288.69308
288.0917
287.48724
286.87955
286.26853
285.65409
285.03623
284.41503
283.79065
283.16346
282.53399
281.90338
281.27291
280.64595
280.02543
279.42212
278.84219
278.31845
277.85844
277.53003
277.31493
277.18504
277.0827
287.10757
287.09107
286.95874
286.72679
286.42078
286.06426
285.67772
285.27673
284.8703
284.46372
284.05903
283.65691
283.25709
282.85902
282.462
282.06537
281.66853
281.27101
280.87239
280.4723
280.07046
279.66661
279.26055
278.85214
278.44121
278.02763
277.61129
277.1921
276.76996
276.34484
275.9167
275.48554
275.0514
274.61438
274.17462
273.73241
273.28815
272.84261
272.39666
271.95273
271.51286
271.08507
270.67385
270.30376
269.98023
269.75219
269.60338
269.50934
269.42191
270.69832
270.7002
270.62089
270.48797
270.32054
270.1336
269.9389
269.74423
269.55347
269.368
269.18751
269.01093
268.83699
268.66443
268.49221
268.31945
268.14548
267.9698
267.79203
267.61191
267.42923
267.24387
267.05575
266.86482
266.67109
266.47453
266.27516
266.073
265.86812
265.66056
265.45043
265.23781
265.02284
264.80568
264.58651
264.36563
264.14335
263.92032
263.69724
263.47579
263.25765
263.04792
262.8501
262.67793
262.5346
262.44238
262.38736
262.34596
262.28051
253.92257
253.95286
253.93986
253.91314
253.89221
253.88384
253.89206
253.91636
253.95492
254.00461
254.06227
254.12497
254.19027
254.25627
254.32152
254.38499
254.44596
254.50398
254.55875
254.61011
254.658
254.70242
254.74342
254.78114
254.81566
254.84716
254.87576
254.90165
254.92502
254.94605
254.96497
254.982
254.99739
255.01138
255.02426
255.03635
255.04807
255.05993
255.07263
255.08727
255.10533
255.12899
255.16075
255.20263
255.25499
255.31146
255.36037
255.37715
255.33273
237.29681
237.34156
237.37977
237.45099
237.57102
237.73831
237.94768
238.18954
238.45566
238.73809
239.03081
239.3289
239.62893
239.92838
240.22558
240.51942
240.80922
241.0946
241.3754
241.6516
241.92329
242.19064
242.45386
242.71318
242.96892
243.22133
243.47073
243.71743
243.96175
244.20404
244.44464
244.68393
244.92226
245.15999
245.39751
245.63521
245.87353
246.11293
246.35403
246.59727
246.8437
247.09274
247.34549
247.59426
247.83587
248.04119
248.19515
248.27091
248.24673
221.48892
221.55654
221.6551
221.82277
222.07771
222.40823
222.80223
223.24119
223.71163
224.20128
224.70175
225.20673
225.71204
226.21488
226.7135
227.20683
227.69433
228.1758
228.65123
229.12079
229.58472
230.04336
230.49705
230.94623
231.39127
231.83263
232.27074
232.70607
233.13905
233.57018
233.99992
234.42877
234.85722
235.28573
235.71479
236.14484
236.57639
237.00975
237.44532
237.88287
238.3227
238.76174
239.19916
239.61962
240.01623
240.3432
240.58069
240.70002
240.68413
206.93506
206.99829
207.12628
207.36869
207.73619
208.20477
208.75365
209.35533
209.99165
210.6469
211.31127
211.97752
212.6414
213.30008
213.95206
214.59652
215.23314
215.86196
216.48318
217.09716
217.70433
218.30517
218.9002
219.48995
220.07496
220.65579
221.233
221.80716
222.37886
222.94868
223.51722
224.08507
224.65283
225.22109
225.7904
226.36127
226.93416
227.50921
228.08644
228.66482
229.24338
229.81687
230.38164
230.91929
231.41805
231.83281
232.12692
232.2728
232.25791
194.28868
194.38432
194.56764
194.88037
195.33989
195.90784
196.56159
197.2665
198.00324
198.75435
199.51014
200.26353
201.01075
201.74945
202.47858
203.19773
203.90696
204.60654
205.29694
205.97871
206.65245
207.31879
207.97835
208.63178
209.27971
209.9228
210.56171
211.19709
211.82962
212.45997
213.08881
213.71683
214.34474
214.97319
215.60284
216.23425
216.86788
217.50381
218.14177
218.78035
219.41756
220.04693
220.66169
221.24179
221.76823
222.19795
222.48806
222.61687
222.5714
183.50675
183.61649
183.82531
184.17311
184.68035
185.29431
185.99076
186.7296
187.49204
188.26049
189.02663
189.7844
190.53116
191.26546
191.98697
192.69585
193.39259
194.0778
194.75219
195.41651
196.07153
196.718
197.35663
197.98812
198.61317
199.23253
199.84689
200.45697
201.06351
201.66722
202.26883
202.8691
203.4688
204.0687
204.66952
205.27191
205.87641
206.48315
207.09184
207.70095
208.30813
208.90646
209.48789
210.03181
210.51744
210.90404
211.15232
211.24253
211.16793
174.48101
174.59775
174.81554
175.16435
175.67716
176.27931
176.95124
177.64875
178.35676
179.05924
179.75052
180.42639
181.0858
181.72847
182.355
182.96618
183.56298
184.14639
184.71734
185.27678
185.82558
186.3646
186.89461
187.41635
187.93055
188.43797
188.93932
189.43533
189.92679
190.41439
190.89893
191.38119
191.86201
192.34224
192.8227
193.30419
193.78738
194.27263
194.75992
195.24809
195.73494
196.21438
196.67767
197.1061
197.4763
197.7542
197.90154
197.91047
197.76498
166.9099
167.01064
167.19778
167.49473
167.93896
168.45238
169.01677
169.58889
170.15652
170.70634
171.23536
171.74156
172.22564
172.68864
173.13208
173.55748
173.96631
174.35986
174.73934
175.10582
175.46029
175.8036
176.13659
176.46002
176.77461
177.08109
177.38015
177.67249
177.95885
178.23997
178.51664
178.78967
179.05995
179.32838
179.59595
179.86361
180.13233
180.40282
180.67561
180.95023
181.22538
181.49664
181.75749
181.99387
182.18997
182.32246
182.37465
182.33011
182.18876
160.5419
160.61288
160.74248
160.94853
161.26421
161.62293
162.00912
162.38589
162.744
163.07357
163.37389
163.64497
163.88898
164.10809
164.30466
164.48078
164.63833
164.7789
164.90386
165.0144
165.11152
165.19615
165.26908
165.33105
165.38273
165.42482
165.45791
165.48271
165.49989
165.51018
165.51429
165.5131
165.50752
165.49855
165.48732
165.47503
165.46298
165.45248
165.44473
165.4405
165.44001
165.44158
165.44199
165.43387
165.40859
165.35621
165.26913
165.14079
164.95602
155.13591
155.1596
155.20047
155.27384
155.40708
155.55356
155.70209
155.82573
155.91835
155.97389
155.99349
155.97887
155.93329
155.8598
155.76135
155.64049
155.49938
155.3398
155.16322
154.97088
154.76381
154.54286
154.30882
154.06236
153.80408
153.53459
153.25445
152.96425
152.66457
152.3561
152.03958
151.71584
151.38582
151.05062
150.71153
150.37005
150.02792
149.68708
149.34979
149.01828
148.695
148.38173
148.08046
147.79158
147.51777
147.26123
147.03073
146.81867
146.61239
150.52178
150.48721
150.41903
150.33272
150.24959
150.14762
150.0217
149.85709
149.65123
149.40208
149.11227
148.78493
148.42402
148.03316
147.61568
147.17435
146.71148
146.22894
145.72822
145.21056
144.67693
144.12818
143.56495
142.98785
142.39739
141.7941
141.17839
140.5508
139.91187
139.26218
138.60241
137.93339
137.2561
136.57173
135.88176
135.18798
134.49263
133.79842
133.10867
132.4274
131.75953
131.1107
130.48822
129.90054
129.35975
128.88077
128.48077
128.1651
127.91354
146.57146
146.46844
146.27464
146.00708
145.68711
145.31697
144.89865
144.42948
143.91057
143.34383
142.73326
142.08316
141.39798
140.68168
139.93775
139.16906
138.37793
137.56622
136.7354
135.88662
135.0208
134.13862
133.24069
132.3275
131.39947
130.45699
129.50042
128.53014
127.54658
126.55029
125.54192
124.52225
123.49229
122.45334
121.40703
120.35551
119.3015
118.24849
117.20104
116.16493
115.14778
114.15914
113.21218
112.32284
111.51468
110.81241
110.25077
109.83656
109.56777
143.21404
143.04255
142.72319
142.27609
141.72451
141.09297
140.39099
139.62694
138.80586
137.93336
137.01486
136.05567
135.06061
134.03389
132.97903
131.89886
130.79566
129.67124
128.52697
127.36391
126.18286
124.98442
123.76906
122.53716
121.28906
120.02503
118.74529
117.45017
116.13999
114.81526
113.47651
112.12456
110.76045
109.38555
108.00172
106.61139
105.21781
103.82525
102.43939
101.06774
99.720392
98.41044
97.155873
95.979399
94.912324
93.990293
93.255343
92.733978
92.42551
140.39745
140.15813
139.71777
139.09559
138.33017
137.45913
136.49888
135.46585
134.36888
133.21707
132.01738
130.77617
129.49868
128.18929
126.85154
125.48821
124.1015
122.69309
121.26426
119.81595
118.34887
116.8635
115.36022
113.83929
112.30091
110.74527
109.17252
107.58287
105.97659
104.3541
102.71592
101.06283
99.39592
97.716671
96.027123
94.330035
92.629158
90.929504
89.23787
87.563344
85.918353
84.319114
82.788492
81.354637
80.059409
78.944755
78.078377
77.479046
77.198734
138.10479
137.81579
137.28615
136.5357
135.60822
134.54808
133.38116
132.13031
130.80914
129.42961
128.00036
126.52865
125.02019
123.47956
121.91033
120.31529
118.69657
117.05578
115.39409
113.71238
112.01125
110.29111
108.55226
106.79485
105.019
103.22482
101.41239
99.581847
97.733418
95.867488
93.984557
92.085419
90.171227
88.243588
86.304757
84.357826
82.407064
80.458189
78.519022
76.600074
74.715656
72.884601
71.132817
69.492845
68.010041
66.733972
65.73187
65.046922
64.723383
136.29166
135.96634
135.37307
134.53188
133.48633
132.28631
130.9634
129.54628
128.05246
126.49663
124.88896
123.23768
121.54897
119.82769
118.07749
116.3012
114.50092
112.67824
110.83428
108.96984
107.08546
105.1815
103.25821
101.31565
99.353893
97.372967
95.372929
93.353858
91.315956
89.259609
87.185314
85.093909
82.986617
80.865221
78.732184
76.590968
74.446373
72.304802
70.175064
68.068988
66.002651
63.997087
62.081039
60.290216
58.673871
57.28512
56.196571
55.458011
55.124867
134.92062
134.57338
133.9422
133.04625
131.92782
130.63583
129.20785
127.67582
126.06122
124.38077
122.64618
120.86653
119.04853
117.19733
115.31677
113.40977
111.47847
109.52445
107.5488
105.55232
103.5355
101.49868
99.442032
97.365614
95.269451
93.153538
91.017903
88.862613
86.687851
84.493999
82.281602
80.051551
77.805182
75.544427
73.272003
70.991711
68.708822
66.430427
64.166226
61.929223
59.736931
57.612256
55.585855
53.695907
51.993103
50.533529
49.38898
48.618123
48.277907
133.93813
133.57546
132.92183
131.9984
130.8428
129.50131
128.01276
126.41112
124.72066
122.96016
121.14289
119.27888
117.37545
115.43808
113.47083
111.47675
109.45805
107.41631
105.35267
103.26791
101.16252
99.036803
96.890934
94.724943
92.538841
90.332611
88.106274
85.859893
83.59366
81.307957
79.003398
76.680938
74.342023
71.988746
69.624062
67.252101
64.878561
62.511186
60.160489
57.840526
55.570094
53.373724
51.28364
49.339984
47.593824
46.102956
44.934391
44.153762
43.810196
133.33178
132.96071
132.29635
131.36004
130.18693
128.82034
127.29988
125.66016
123.92733
122.12136
120.25668
118.34396
116.39096
114.40345
112.38567
110.34075
108.27095
106.17792
104.06279
101.92634
99.769074
97.591298
95.39316
93.174697
90.935908
88.676774
86.397317
84.097601
81.777826
79.438389
77.079952
74.703524
72.310637
69.903503
67.485252
65.060248
62.634507
60.216222
57.816486
55.450092
53.136726
50.902017
48.779243
46.809759
45.044953
43.543083
42.369153
41.589344
41.252846
133.08303
132.7069
132.0376
131.09591
129.91604
128.53981
127.00702
125.35239
123.60286
121.7789
119.89544
117.9634
115.99076
113.98339
111.94558
109.88052
107.7905
105.67716
103.54164
101.38472
99.206922
97.008532
94.789703
92.550468
90.290821
88.010743
85.710265
83.389447
81.048493
78.687809
76.308088
73.910361
71.496198
69.067873
66.628595
64.182844
61.736783
59.298814
56.880309
54.496408
52.1672
49.918864
47.785135
45.80805
44.039051
42.536844
41.365784
40.589776
40.255705
585.62844
584.95087
583.88478
582.49156
580.84164
578.98668
576.98084
574.86274
572.66593
570.41485
568.1288
565.82187
563.50468
561.18496
558.86836
556.55896
554.25969
551.97259
549.69909
547.44014
545.19638
542.96819
540.75582
538.55941
536.37906
534.21484
532.0669
529.93547
527.82093
525.72387
523.64519
521.58617
519.54865
517.53517
515.54925
513.59562
511.68067
509.81296
508.00352
506.26711
504.62143
503.09011
501.69753
500.47595
499.44904
498.64655
498.07356
497.73677
497.67377
583.65164
582.97315
581.90222
580.51221
578.87071
577.03086
575.04615
572.95436
570.78819
568.57112
566.32166
564.05324
561.77592
559.49702
557.22187
554.95431
552.69709
550.45212
548.22075
546.00385
543.80203
541.61564
539.44491
537.28997
535.15089
533.02776
530.92073
528.82999
526.75594
524.69912
522.66039
520.64099
518.64268
516.66785
514.71985
512.80319
510.92388
509.0901
507.3122
505.60457
503.98367
502.47372
501.09683
499.88955
498.87121
498.08119
497.51823
497.18936
497.1951
580.04196
579.34006
578.28535
576.89262
575.2715
573.45862
571.51475
569.47238
567.36385
565.21021
563.02874
560.8315
558.62765
556.42373
554.22456
552.03355
549.85316
547.6851
545.53056
543.39033
541.26494
539.15469
537.0598
534.98036
532.91647
530.86818
528.83565
526.81906
524.81878
522.83533
520.86951
518.92245
516.99579
515.09173
513.21331
511.36465
509.55113
507.7802
506.06105
504.40706
502.83288
501.36262
500.01645
498.8355
497.83781
497.07376
496.53813
496.22816
496.31542
574.11343
573.45531
572.44819
571.11513
569.5625
567.82832
565.97283
564.02711
562.02218
559.97745
557.90891
555.82744
553.74132
551.65638
549.57688
547.50585
545.44545
543.39717
541.36208
539.34087
537.334
535.34176
533.36435
531.40186
529.4544
527.52205
525.60494
523.70331
521.81749
519.94801
518.09565
516.26147
514.447
512.65431
510.88617
509.14638
507.43975
505.77312
504.15438
502.59624
501.11008
499.72123
498.44115
497.32209
496.36151
495.64394
495.13901
494.85122
495.01058
565.42868
564.78788
563.82826
562.56931
561.11684
559.50284
557.78423
555.98793
554.14195
552.26305
550.36518
548.45763
546.54749
544.63967
542.73779
540.8444
538.96133
537.08985
535.23089
533.38502
531.5527
529.73417
527.92965
526.13926
524.36312
522.60136
520.85414
519.12173
517.40449
515.70297
514.01792
512.3504
510.70184
509.07418
507.46996
505.8926
504.34636
502.83722
501.37183
499.96119
498.61446
497.35457
496.18995
495.17339
494.29924
493.66283
493.22249
492.9739
493.22956
553.98853
553.44134
552.6554
551.54094
550.25971
548.82387
547.29829
545.70459
544.06989
542.40826
540.73206
539.04894
537.36487
535.68385
534.00889
532.34204
530.68485
529.03835
527.40336
525.78037
524.16982
522.57196
520.98701
519.41515
517.85656
516.31141
514.77994
513.26245
511.75936
510.27126
508.79894
507.34346
505.90624
504.48913
503.09454
501.72563
500.38623
499.08174
497.81745
496.60339
495.44405
494.3629
493.35191
492.48005
491.69438
491.16333
490.79766
490.59738
490.95383
538.96584
538.48736
537.74439
536.80394
535.7189
534.52396
533.2579
531.94171
530.59491
529.2289
527.85285
526.47267
525.09281
523.7163
522.34537
520.98164
519.62631
518.28025
516.94411
515.6184
514.30353
512.99981
511.70751
510.42691
509.1582
507.90171
506.65774
505.4267
504.2091
503.00559
501.81707
500.64461
499.48969
498.35417
497.24043
496.1515
495.09104
494.06391
493.07522
492.13313
491.24289
490.42145
489.66743
489.02623
488.46997
488.10155
487.85371
487.71804
488.18435
522.26504
521.89564
521.34769
520.61207
519.77208
518.84369
517.86628
516.85337
515.82112
514.77689
513.72743
512.6764
511.62683
510.58065
509.5394
508.50419
507.47592
506.45526
505.44285
504.43908
503.4444
502.45914
501.48368
500.51831
499.56345
498.6194
497.68662
496.76557
495.85688
494.96129
494.07974
493.21344
492.36389
491.53296
490.72301
489.93699
489.1785
488.45202
487.76256
487.11681
486.52037
485.98407
485.50948
485.11861
484.79701
484.58594
484.45219
484.37701
484.93954
503.95754
503.66521
503.22167
502.68464
502.08325
501.44015
500.77431
500.09428
499.40781
498.71806
498.02789
497.33875
496.65193
495.96825
495.2885
494.61333
493.94333
493.27905
492.62095
491.96951
491.32519
490.68838
490.05953
489.43909
488.82742
488.22508
487.63257
487.05048
486.47952
485.92054
485.37456
484.84282
484.32687
483.82862
483.35045
482.89519
482.46645
482.06823
481.70583
481.38406
481.11036
480.88753
480.72527
480.61444
480.56511
480.53874
480.53998
480.53549
481.2019
485.34886
485.14894
484.8788
484.54473
484.1962
483.8369
483.48277
483.13214
482.78792
482.44795
482.11221
481.77954
481.44977
481.12264
480.79828
480.4769
480.15887
479.84454
479.53445
479.22896
478.9286
478.63382
478.34516
478.06311
477.78825
477.52112
477.26235
477.01261
476.77271
476.54357
476.32625
476.12208
475.9326
475.75967
475.60563
475.47313
475.36565
475.28666
475.24147
475.23291
475.26965
475.34676
475.48012
475.63241
475.83346
475.97595
476.10054
476.15902
476.92616
466.74601
466.59047
466.40519
466.24492
466.12216
466.03607
465.98487
465.95755
465.94893
465.9517
465.96224
465.97726
465.99514
466.01475
466.03566
466.05779
466.08129
466.10649
466.13377
466.16366
466.19666
466.23333
466.27425
466.32006
466.3713
466.4287
466.49295
466.56481
466.64515
466.73494
466.83529
466.94748
467.07305
467.21378
467.37184
467.54962
467.75026
467.97644
468.2329
468.52032
468.84708
469.20201
469.60394
469.99807
470.42541
470.73985
470.98698
471.11092
472.00459
449.32489
449.24663
449.21591
449.22872
449.32886
449.48801
449.70681
449.96094
450.24314
450.54064
450.84835
451.16082
451.4757
451.79113
452.10639
452.42113
452.73544
453.04954
453.36395
453.67908
453.99553
454.31391
454.63485
454.95904
455.28718
455.61997
455.95819
456.30265
456.65426
457.01401
457.38302
457.76257
458.1541
458.55925
458.97998
459.41828
459.87688
460.35752
460.86428
461.39548
461.95918
462.53792
463.15347
463.73442
464.33302
464.76993
465.10018
465.26354
466.28573
433.08029
432.99439
432.97583
433.11074
433.38404
433.75504
434.20761
434.7058
435.23749
435.78585
436.34434
436.90655
437.46974
438.03184
438.59203
439.14995
439.70566
440.25949
440.81181
441.36324
441.91435
442.46583
443.01834
443.57263
444.12937
444.6894
445.25349
445.82251
446.39737
446.97906
447.56868
448.16741
448.77661
449.39773
450.03246
450.68238
451.34956
452.03485
452.74071
453.46366
454.20771
454.95372
455.7149
456.42986
457.13224
457.69443
458.09567
458.30042
459.51966
419.55449
419.57498
419.70615
419.96553
420.395
420.90779
421.51236
422.15624
422.83485
423.52726
424.22888
424.93244
425.63571
426.33648
427.03409
427.72815
428.41881
429.10636
429.79128
430.47412
431.15552
431.83615
432.51669
433.19788
433.88046
434.56522
435.25294
435.94448
436.64074
437.34268
438.05133
438.76784
439.49342
440.22936
440.9771
441.73789
442.51331
443.30355
444.11029
444.92881
445.76195
446.58824
447.41696
448.18459
448.90813
449.48146
449.86062
450.04276
451.43477
407.8673
407.90711
408.06204
408.36871
408.87117
409.45622
410.1349
410.84579
411.58696
412.3368
413.09244
413.84727
414.59988
415.34849
416.09278
416.83254
417.56803
418.2996
419.02774
419.75303
420.47609
421.19756
421.91812
422.63848
423.35933
424.08144
424.80557
425.53253
426.26317
426.99837
427.73913
428.48646
429.24148
430.00533
430.77926
431.5643
432.36164
433.17131
433.99396
434.82565
435.66562
436.49778
437.31874
438.08483
438.78207
439.33968
439.70718
439.88094
441.61658
398.08762
398.16156
398.36167
398.68456
399.24004
399.82491
400.50299
401.19028
401.90245
402.61545
403.33118
404.04344
404.75212
405.45583
406.15462
406.84843
407.53762
408.22256
408.90376
409.58173
410.25708
410.93039
411.60228
412.27338
412.94436
413.61589
414.28867
414.96343
415.64094
416.32202
417.00754
417.69846
418.39577
419.10049
419.81373
420.5364
421.26952
422.01305
422.7674
423.52896
424.29619
425.05464
425.79706
426.4842
427.08922
427.55514
427.8058
427.89336
429.84623
389.56105
389.6196
389.77978
390.03727
390.49845
390.98313
391.544
392.10699
392.68626
393.26189
393.83671
394.40626
394.97114
395.5306
396.08501
396.6345
397.17951
397.7204
398.25766
398.79173
399.32314
399.85237
400.37995
400.9064
401.43226
401.95811
402.48455
403.01219
403.54167
404.07372
404.60909
405.1486
405.69315
406.24368
406.80123
407.36671
407.94109
408.52465
409.11762
409.71772
410.32267
410.92227
411.50759
412.05154
412.53343
412.91016
413.16984
413.28205
415.86145
382.02485
382.0647
382.1738
382.34553
382.66037
382.98779
383.36881
383.74804
384.13714
384.52119
384.90287
385.27907
385.65057
386.01703
386.37885
386.7363
387.08975
387.43956
387.78609
388.12974
388.47088
388.80992
389.14723
389.48323
389.81833
390.15298
390.48763
390.82275
391.1589
391.49663
391.83656
392.17945
392.52609
392.87732
393.23414
393.59754
393.96859
394.348
394.73647
395.13303
395.53632
395.93992
396.33615
396.70699
397.03128
397.28477
397.43515
397.50001
400.3192
375.0493
375.0437
375.05591
375.09153
375.19579
375.31075
375.45393
375.59753
375.74525
375.88912
376.02997
376.16626
376.29847
376.42657
376.55092
376.67179
376.78948
376.90424
377.01638
377.12611
377.23371
377.3394
377.44345
377.54611
377.64763
377.74831
377.84847
377.94844
378.04857
378.14932
378.25119
378.35474
378.46067
378.5698
378.6831
378.80167
378.92678
379.05976
379.20197
379.35439
379.51751
379.68986
379.86862
380.04614
380.21408
380.35632
380.47098
380.53144
383.66382
368.35239
368.29978
368.21012
368.1038
367.98552
367.87492
367.76585
367.66084
367.55521
367.44842
367.33897
367.22676
367.11163
366.99379
366.87338
366.75061
366.62563
366.49862
366.36965
366.23889
366.1064
365.97231
365.8367
365.69968
365.56137
365.4219
365.28141
365.14007
364.99814
364.85588
364.71362
364.57185
364.43116
364.29226
364.1561
364.02392
363.89718
363.77789
363.66825
363.57118
363.48925
363.42625
363.38312
363.36346
363.36124
363.37875
363.39313
363.41395
366.59843
361.58288
361.47142
361.26552
360.99657
360.65672
360.3201
359.96388
359.61286
359.2563
358.9
358.54106
358.18091
357.81907
357.45595
357.09155
356.72599
356.35929
355.99147
355.62251
355.25235
354.88095
354.50826
354.13423
353.75881
353.38193
353.00359
352.62379
352.24254
351.85992
351.47606
351.09116
350.70552
350.31958
349.93401
349.54969
349.16791
348.79031
348.41946
348.05829
347.71178
347.38485
347.08669
346.82436
346.61238
346.45793
346.3712
346.35469
346.37332
349.6407
354.46836
354.31967
354.02973
353.63797
353.11837
352.59588
352.03173
351.47323
350.90395
350.33624
349.76582
349.19562
348.6248
348.05404
347.48313
346.91217
346.341
345.76957
345.19762
344.62505
344.05164
343.47722
342.90158
342.32456
341.74598
341.16569
340.58351
339.99935
339.41317
338.82494
338.2347
337.64267
337.04913
336.45463
335.85997
335.26645
334.67573
334.09081
333.51502
332.95498
332.41653
331.91427
331.45609
331.07004
330.75914
330.55947
330.44146
330.4178
333.48147
346.5773
346.38403
346.01489
345.48654
344.84221
344.17626
343.46143
342.7422
342.00674
341.26991
340.52946
339.78949
339.0497
338.31096
337.57309
336.83611
336.09976
335.36382
334.62798
333.89195
333.15542
332.4181
331.67966
330.93983
330.1983
329.45481
328.7091
327.96095
327.21018
326.45664
325.70028
324.94112
324.17932
323.41529
322.64966
321.8836
321.11863
320.3578
319.60436
318.86601
318.14909
317.47246
316.84684
316.31245
315.88399
315.61083
315.51329
315.51833
318.55315
337.65763
337.48565
337.13359
336.58839
335.91069
335.18386
334.39605
333.59833
332.78167
331.96363
331.14201
330.32151
329.50172
328.68363
327.86696
327.05171
326.23751
325.42407
324.61099
323.79793
322.98448
322.17028
321.35496
320.53818
319.71956
318.8988
318.07556
317.24956
316.42056
315.58834
314.75274
313.91373
313.07136
312.22593
311.37788
310.52829
309.67838
308.83117
307.9892
307.16082
306.34998
305.57962
304.85196
304.22389
303.68443
303.32785
303.11844
303.0441
305.56989
327.03555
326.86714
326.52168
325.97964
325.31779
324.58582
323.80182
322.99942
322.18087
321.35927
320.53518
319.71243
318.89106
318.07179
317.25432
316.43851
315.62391
314.81014
313.99675
313.18335
312.36949
311.55479
310.73886
309.92131
309.10179
308.27995
307.45547
306.62802
305.79735
304.96321
304.1254
303.28382
302.43845
301.58944
300.73707
299.88216
299.02551
298.16965
297.31619
296.47289
295.64174
294.84658
294.08605
293.42599
292.85001
292.47671
292.26731
292.18806
294.38897
314.74998
314.6674
314.434
313.98167
313.40277
312.74326
312.03184
311.30122
310.55692
309.81064
309.06318
308.3176
307.5738
306.83218
306.09233
305.35397
304.6166
303.87979
303.1431
302.40609
301.66836
300.92951
300.18919
299.44706
298.70278
297.95606
297.20657
296.45406
295.69825
294.93896
294.17597
293.40919
292.63856
291.86417
291.08617
290.30518
289.52162
288.73755
287.95337
287.17608
286.40328
285.66012
284.92883
284.29504
283.69244
283.3263
283.09095
282.99334
284.82455
299.96793
299.8601
299.61438
299.24945
298.78983
298.26997
297.71223
297.13853
296.55624
295.97329
295.39108
294.8113
294.23371
293.65817
293.08409
292.51099
291.93833
291.3656
290.79238
290.21826
289.64291
289.06597
288.48719
287.90628
287.32305
286.73722
286.1486
285.557
284.96224
284.36418
283.76271
283.15774
282.54924
281.93727
281.32191
280.70356
280.08234
279.4597
278.83539
278.21474
277.59456
276.99598
276.40254
275.89054
275.40219
275.12262
274.9425
274.86954
276.46879
284.10535
284.04521
283.90673
283.665
283.35932
283.00948
282.63706
282.25677
281.8747
281.49534
281.11897
280.74593
280.3753
280.0064
279.63838
279.27053
278.90224
278.53305
278.16255
277.79042
277.41636
277.04017
276.66165
276.28069
275.89711
275.51085
275.12177
274.72982
274.33491
273.93703
273.53612
273.13223
272.72536
272.31562
271.9031
271.4881
271.07075
270.65205
270.23173
269.81369
269.39539
268.99219
268.5919
268.24876
267.92153
267.73632
267.61582
267.56693
268.97819
267.12908
267.07379
266.97043
266.84024
266.68966
266.53144
266.37412
266.22275
266.07875
265.94197
265.81096
265.68406
265.55963
265.43627
265.31286
265.18854
265.06267
264.93477
264.8045
264.67163
264.53603
264.39757
264.25626
264.11203
263.96497
263.81504
263.66231
263.50683
263.34868
263.18795
263.02475
262.85919
262.69141
262.52158
262.34987
262.17656
262.00184
261.82647
261.65055
261.47645
261.30366
261.14067
260.98333
260.85808
260.74696
260.70251
260.68254
260.68109
261.9924
250.06251
250.04724
250.04412
250.03911
250.05787
250.0958
250.15842
250.24024
250.33885
250.44913
250.56748
250.69043
250.81544
250.94054
251.06434
251.18583
251.30437
251.41959
251.53124
251.63925
251.74356
251.84427
251.94145
252.03529
252.12589
252.21348
252.29822
252.38035
252.46005
252.53758
252.61316
252.68707
252.75956
252.83091
252.9014
252.97139
253.04128
253.1116
253.18306
253.25673
253.33431
253.4172
253.50925
253.60707
253.7159
253.81059
253.89021
253.93434
255.19411
233.13153
233.11909
233.14823
233.24827
233.41943
233.64899
233.9293
234.24391
234.5844
234.94032
235.30588
235.67561
236.0463
236.41543
236.78154
237.14362
237.50113
237.85377
238.20149
238.54432
238.88245
239.21609
239.54551
239.87098
240.19288
240.51148
240.82718
241.14029
241.45121
241.7603
242.06797
242.37459
242.68057
242.98629
243.29217
243.5986
243.9061
244.215
244.52626
244.83956
245.15777
245.47642
245.80444
246.11777
246.43567
246.68389
246.87191
246.97016
248.25196
217.3516
217.38161
217.51318
217.72694
218.05559
218.45976
218.93525
219.45205
220.00049
220.56501
221.13882
221.71511
222.29043
222.86203
223.42853
223.98898
224.54305
225.09064
225.63186
226.16696
226.69624
227.22013
227.73898
228.25332
228.76352
229.27015
229.77362
230.27447
230.77319
231.27029
231.76628
232.2617
232.75705
233.25286
233.74965
234.24785
234.74811
235.25049
235.75606
236.26337
236.77568
237.2839
237.79936
238.28145
238.75845
239.11424
239.3723
239.49923
240.83719
202.71394
202.71633
202.83111
203.12038
203.56854
204.12096
204.76256
205.45005
206.17132
206.90628
207.64806
208.38881
209.12548
209.85539
210.57756
211.29137
211.99675
212.69385
213.38302
214.06469
214.73938
215.40764
216.07004
216.72715
217.37957
218.0279
218.67277
219.31476
219.95452
220.59267
221.22985
221.86669
222.50383
223.14188
223.78146
224.42302
225.06712
225.71356
226.36285
227.01228
227.66335
228.30421
228.94198
229.53844
230.11007
230.57699
230.89502
231.05366
232.54936
190.61499
190.69616
190.92301
191.29654
191.85925
192.50781
193.25171
194.02987
194.83826
195.65296
196.46972
197.28057
198.08356
198.87646
199.65887
200.43056
201.19182
201.94307
202.68488
203.41789
204.14275
204.86015
205.57076
206.27525
206.9743
207.66863
208.35889
209.04581
209.73007
210.41239
211.09347
211.77405
212.45485
213.13658
213.81991
214.50539
215.19357
215.88426
216.57763
217.27103
217.96428
218.64616
219.31605
219.94004
220.50951
220.96111
221.23384
221.35137
222.99438
180.29214
180.38045
180.61174
181.00764
181.61411
182.29525
183.07063
183.86566
184.6826
185.49544
186.30318
187.09854
187.8812
188.64979
189.40474
190.14637
190.87543
191.59266
192.29886
192.99486
193.68146
194.35946
195.02959
195.69261
196.34923
197.00022
197.6463
198.28822
198.92673
199.56258
200.19654
200.8294
201.46196
202.095
202.7293
203.36549
204.00421
204.64533
205.28902
205.93257
206.57545
207.20626
207.8237
208.39383
208.90995
209.30964
209.55054
209.64248
211.64111
171.82401
171.92948
172.18765
172.57579
173.21376
173.86921
174.61295
175.34669
176.09004
176.81534
177.52703
178.21921
178.8936
179.54988
180.18941
180.81311
181.42218
182.01767
182.6006
183.17195
183.73262
184.28348
184.82531
185.3589
185.88497
186.40431
186.91762
187.42568
187.92923
188.42906
188.92593
189.4207
189.91422
190.40735
190.90098
191.39589
191.89286
192.39212
192.89397
193.39675
193.89928
194.39343
194.87211
195.31005
195.67862
195.93904
196.01537
195.98857
198.20444
164.6861
164.76636
164.97236
165.27724
165.81414
166.34907
166.9521
167.52651
168.09472
168.63218
169.14626
169.63342
170.0972
170.53864
170.96003
171.36301
171.74924
172.12006
172.47672
172.82031
173.15183
173.47212
173.78202
174.08229
174.37364
174.6568
174.93246
175.20133
175.46415
175.72167
175.97468
176.22404
176.47064
176.71542
176.95943
177.20364
177.44913
177.69658
177.94685
178.19906
178.45297
178.70232
178.94372
179.15744
179.33537
179.44351
179.49031
179.46111
182.36146
158.70485
158.75527
158.89678
159.09991
159.47534
159.8313
160.22629
160.57993
160.91303
161.20653
161.46888
161.69875
161.90083
162.0772
162.23087
162.36393
162.4784
162.57589
162.65776
162.72518
162.77913
162.82055
162.85014
162.86868
162.8768
162.87521
162.86443
162.84525
162.81825
162.78422
162.74384
162.69805
162.64775
162.594
162.53797
162.48094
162.42433
162.36951
162.31796
162.27048
162.22791
162.18814
162.14878
162.10103
162.03485
161.9428
161.81176
161.69123
164.841
153.59467
153.58696
153.61511
153.65987
153.80506
153.91781
154.0388
154.11087
154.14979
154.14325
154.09934
154.01898
153.90734
153.76742
153.60262
153.41548
153.20822
152.98254
152.73991
152.4815
152.20832
151.92116
151.62079
151.3078
150.9828
150.64635
150.29901
149.94133
149.57388
149.19736
148.81252
148.42016
148.02129
147.61702
147.20873
146.79799
146.3867
145.97693
145.57136
145.17233
144.7833
144.40593
144.04492
143.69945
143.37967
143.08401
142.84668
142.66939
146.15312
149.22851
149.15509
149.05524
148.92543
148.8129
148.65495
148.47301
148.23785
147.95934
147.6326
147.26458
146.85805
146.41819
145.94854
145.45267
144.93323
144.39251
143.83231
143.25404
142.65887
142.04767
141.42127
140.78021
140.12509
139.45637
138.77454
138.07996
137.37319
136.6547
135.92512
135.18506
134.43541
133.67716
132.91156
132.14014
131.36482
130.58799
129.81259
129.0423
128.28152
127.53601
126.81201
126.11845
125.46495
124.86553
124.34093
123.90759
123.625
127.1345
145.47118
145.31336
145.05914
144.71732
144.32361
143.87206
143.36921
142.81009
142.19932
141.53897
140.83482
140.09135
139.3135
138.5052
137.66992
136.8104
135.92886
135.02701
134.10621
133.1675
132.21173
131.23947
130.2513
129.2476
128.22877
127.19512
126.14703
125.0848
124.00886
122.91972
121.81805
120.7046
119.58044
118.44687
117.30565
116.15899
115.00984
113.86191
112.72029
111.5911
110.48333
109.40696
108.37913
107.41506
106.5506
105.80334
105.24579
104.87634
108.4483
142.2889
142.05537
141.65956
141.12839
140.47637
139.75193
138.95123
138.09054
137.17164
136.20235
135.18782
134.13379
133.04503
131.92563
130.77896
129.60767
128.41385
127.19915
125.96482
124.71179
123.44072
122.15217
120.8465
119.52407
118.1851
116.82985
115.45848
114.07132
112.66863
111.25093
109.81869
108.37279
106.91426
105.44455
103.96557
102.47988
100.99092
99.503243
98.022926
96.558003
95.119579
93.721526
92.384167
91.131422
89.998544
89.026293
88.253996
87.765809
91.026914
139.61489
139.29391
138.75085
137.99855
137.10566
136.12466
135.0507
133.9108
132.70614
131.44957
130.14641
128.80378
127.42638
126.0185
124.58332
123.12343
121.64078
120.13685
118.61273
117.06925
115.50697
113.92629
112.32751
110.71079
109.07629
107.42411
105.7544
104.06729
102.36306
100.64206
98.904846
97.152159
95.38512
93.605248
91.814662
90.01623
88.213917
86.412948
84.620697
82.846579
81.104564
79.411016
77.794105
76.27905
74.928595
73.763601
72.933631
72.371242
75.539828
137.47836
137.1102
136.48317
135.6138
134.56943
133.40388
132.13268
130.78504
129.36888
127.89829
126.38009
124.82186
123.22858
121.60465
119.95325
118.27691
116.57753
114.85652
113.11487
111.35334
109.5724
107.77237
105.95345
104.11575
102.25932
100.38422
98.490481
96.578236
94.647659
92.699133
90.733142
88.750505
86.752394
84.740473
82.717083
80.68544
78.65002
76.616788
74.594035
72.592679
70.628121
68.719608
66.895939
65.189079
63.652455
62.331903
61.312899
60.652145
63.069623
135.79737
135.3901
134.69798
133.74071
132.57707
131.27635
129.85398
128.34802
126.76794
125.13094
123.44463
121.71748
119.95476
118.16107
116.33965
114.49305
112.62312
110.73124
108.81836
106.88515
104.93203
102.95928
100.96705
98.955349
96.924201
94.873589
92.803543
90.714106
88.605471
86.477998
84.332201
82.16894
79.98948
77.79567
75.590083
73.376331
71.159445
68.946111
66.745704
64.570477
62.437833
60.369131
58.396975
56.555475
54.906351
53.492453
52.422197
51.722953
53.593755
134.55923
134.13438
133.41363
132.41162
131.18795
129.80086
128.28477
126.6748
124.98773
123.24031
121.44207
119.60167
117.72492
115.8166
113.88012
111.91812
109.93247
107.92457
105.89534
103.84545
101.77529
99.6851
97.574989
95.444953
93.29498
91.125027
88.935097
86.725235
84.495618
82.246614
79.978791
77.693074
75.390851
73.074127
70.745745
68.409663
66.071386
63.738314
61.420659
59.131893
56.890632
54.720282
52.654334
50.730419
49.007626
47.536912
46.411739
45.684134
46.966931
133.66499
133.22403
132.48265
131.46825
130.22279
128.80218
127.24038
125.5746
123.82508
122.01073
120.14296
118.23131
116.28225
114.30086
112.29077
110.25473
108.19471
106.11211
104.00789
101.88273
99.737025
97.570993
95.384747
93.17827
90.951541
88.704512
86.437189
84.149622
81.842008
79.514737
77.168455
74.804163
72.423384
70.028312
67.622059
65.208962
62.795022
60.388367
58.000115
55.644974
53.342946
51.119525
49.009469
47.053861
45.308811
43.832834
42.695317
41.976872
42.746132
133.15302
132.70733
131.96096
130.94067
129.68602
128.24651
126.66095
124.96506
123.18237
121.33205
119.42678
117.47648
115.48805
113.46675
111.41639
109.3398
107.23899
105.1154
102.97003
100.80353
98.616333
96.408648
94.180575
91.932107
89.663212
87.373847
85.064017
82.733781
80.383345
78.013121
75.623803
73.216445
70.792658
68.354754
65.906015
63.451008
60.996039
58.549672
56.123562
53.733148
51.39922
49.148423
47.016287
45.045405
43.291592
41.814358
40.68079
39.96738
40.377406
133.05933
132.67125
131.98347
131.01822
129.81205
128.40992
126.85277
125.17627
123.40707
121.56541
119.6657
117.71858
115.73169
113.7107
111.65976
109.58191
107.47937
105.35369
103.20597
101.03695
98.8471
96.636677
94.405816
92.154526
89.882782
87.590547
85.277839
82.944695
80.591302
78.218043
75.825589
73.414939
70.987626
68.545875
66.09284
63.632922
61.172194
58.718943
56.284421
53.883613
51.536501
49.269148
47.115448
45.117637
43.32829
41.807207
40.620854
39.834826
39.492604
587.86061
587.12164
585.99038
584.51552
582.78861
580.85848
578.78417
576.60291
574.34847
572.04422
569.70875
567.35537
564.99409
562.63211
560.27472
557.92567
555.58765
553.26253
550.95161
548.65572
546.37541
544.11099
541.86267
539.6305
537.41454
535.21481
533.03142
530.86452
528.71443
526.58165
524.46697
522.37155
520.29709
518.24592
516.22134
514.22783
512.27146
510.36051
508.5057
506.72187
505.02666
503.44522
502.0027
500.73638
499.67122
498.84472
498.25932
497.91864
497.82447
586.23951
585.48966
584.33548
582.85196
581.12182
579.19705
577.13505
574.97208
572.74082
570.46348
568.1578
565.83631
563.50844
561.18094
558.85875
556.54537
554.24331
551.95429
549.67952
547.41975
545.17549
542.94703
540.73452
538.53803
536.35758
534.19322
532.045
529.91309
527.79777
525.69952
523.61908
521.55755
519.51652
517.49819
515.50565
513.54314
511.61629
509.73302
507.90317
506.14134
504.46344
502.8959
501.4602
500.20087
499.13514
498.3179
497.74081
497.40833
497.36611
583.28403
582.45725
581.31118
579.78727
578.05524
576.13407
574.09473
571.96468
569.77664
567.54945
565.29944
563.03741
560.77174
558.50829
556.25139
554.00406
551.76851
549.54619
547.33817
545.14508
542.96735
540.80519
538.65874
536.52804
534.41311
532.31394
530.23061
528.16324
526.11209
524.07758
522.06038
520.06148
518.08229
516.12479
514.19168
512.28672
510.4148
508.58291
506.79945
505.07773
503.43122
501.88644
500.46206
499.21067
498.14814
497.35094
496.80584
496.49716
496.52067
577.79618
577.03469
575.93224
574.46934
572.80062
570.95228
568.99413
566.9529
564.86014
562.73314
560.58706
558.43163
556.2744
554.12057
551.97397
549.83726
547.71234
545.60049
543.50265
541.41933
539.35093
537.29764
535.25957
533.23676
531.22924
529.23702
527.26017
525.29884
523.35327
521.42388
519.51132
517.61649
515.74073
513.88586
512.05435
510.24964
508.47605
506.74007
505.0486
503.4147
501.84734
500.37624
499.00522
497.80802
496.75954
496.00591
495.48502
495.19672
495.26279
569.34905
568.5741
567.50447
566.10072
564.52483
562.79128
560.96676
559.07236
557.13632
555.17295
553.19526
551.21135
549.22758
547.24827
545.27661
543.31481
541.36447
539.42665
537.50213
535.59137
533.69473
531.81237
529.94443
528.09095
526.252
524.42764
522.61797
520.82316
519.04349
517.27939
515.53151
513.80074
512.08831
510.39594
508.72585
507.08112
505.46546
503.88443
502.34356
500.85384
499.42151
498.07333
496.809
495.70489
494.73137
494.06322
493.61456
493.36906
493.51708
557.97354
557.32203
556.49859
555.25509
553.86722
552.31715
550.68921
548.9981
547.27289
545.52523
543.76707
542.0049
540.24422
538.48847
536.74033
535.00156
533.27351
531.557
529.85284
528.16128
526.48275
524.81737
523.16535
521.52673
519.90175
518.29039
516.69289
515.10944
513.5404
511.98625
510.44764
508.92554
507.42119
505.93618
504.47267
503.03355
501.62211
500.24347
498.90158
497.60692
496.35878
495.18746
494.06153
493.0962
492.15211
491.59324
491.22041
491.02642
491.26396
541.74764
541.1898
540.35578
539.32152
538.15169
536.87708
535.5401
534.15867
532.75214
531.33022
529.90142
528.47077
527.04226
525.61849
524.20144
522.79248
521.39266
520.00272
518.62324
517.2546
515.8972
514.55127
513.21704
511.89473
510.5845
509.28663
508.00137
506.72908
505.4702
504.22531
502.99523
501.78093
500.58374
499.4054
498.24808
497.11462
496.00835
494.93394
493.89567
492.90197
491.95508
491.0762
490.25125
489.55452
488.91279
488.54638
488.30704
488.18243
488.51891
524.18593
523.76856
523.19001
522.39217
521.50057
520.51877
519.4953
518.43968
517.36906
516.28916
515.20644
514.12376
513.04389
511.96838
510.89862
509.83551
508.77988
507.73224
506.69326
505.66319
504.64248
503.63141
502.63032
501.63948
500.65928
499.68997
498.73198
497.78574
496.85181
495.93089
495.02387
494.13188
493.25632
492.39894
491.56204
490.74842
489.96155
489.20586
488.48615
487.80942
487.18032
486.61224
486.10173
485.68458
485.32708
485.11809
484.99243
484.92242
485.32698
504.7761
504.44456
503.9558
503.38054
502.74931
502.08325
501.40133
500.70954
500.01492
499.31922
498.62479
497.93245
497.24322
496.55769
495.8765
495.20018
494.52928
493.86426
493.20557
492.55364
491.90891
491.27178
490.64265
490.02197
489.41009
488.80753
488.21478
487.63242
487.06111
486.50168
485.95512
485.42261
484.90563
484.40608
483.92627
483.46904
483.03804
482.63735
482.2728
481.94937
481.67655
481.45681
481.30647
481.20995
481.19348
481.18573
481.20635
481.20685
481.68103
485.29823
485.07116
484.78842
484.43806
484.08765
483.73151
483.38837
483.05197
482.72516
482.40395
482.08812
481.77581
481.46677
481.16052
480.85714
480.55677
480.25976
479.96641
479.6773
479.39272
479.11324
478.83929
478.57141
478.31008
478.0559
477.80936
477.57113
477.34184
477.12229
476.91338
476.71616
476.53192
476.3622
476.20881
476.07412
475.96081
475.87263
475.81315
475.78885
475.80254
475.86752
475.97573
476.15945
476.35716
476.64394
476.81252
476.96369
477.02372
477.54788
465.71817
465.51539
465.29321
465.12805
465.02353
464.97044
464.96266
464.98311
465.02519
465.07941
465.14184
465.20859
465.27804
465.34891
465.42081
465.49363
465.56755
465.64292
465.72012
465.7997
465.88218
465.96814
466.05815
466.1529
466.2529
466.35891
466.47161
466.59179
466.72029
466.85808
467.00629
467.16615
467.3392
467.52722
467.73245
467.9573
468.20526
468.47909
468.78502
469.12326
469.50818
469.92328
470.41013
470.8799
471.43941
471.80663
472.0968
472.22666
472.82116
447.62071
447.50447
447.47241
447.50062
447.65003
447.86857
448.15936
448.48753
448.84647
449.22032
449.60432
449.99233
450.38218
450.77193
451.16095
451.54893
451.93601
452.32245
452.70882
453.09553
453.48324
453.87257
454.2642
454.65882
455.05717
455.45994
455.86794
456.282
456.70304
457.13204
457.57012
458.01857
458.47884
458.95254
459.44172
459.9484
460.4757
461.02535
461.60317
462.20645
462.8506
463.51006
464.23577
464.91066
465.67351
466.17305
466.55271
466.71738
467.35777
430.48211
430.29451
430.20938
430.36669
430.71641
431.1853
431.75171
432.36488
433.01311
433.67604
434.34783
435.02169
435.69528
436.3666
437.03505
437.70036
438.36271
439.02252
439.68016
440.33637
440.99177
441.64708
442.303
442.96035
443.61975
444.28215
444.94833
445.61918
446.29563
446.97867
447.66945
448.3691
449.07897
449.80056
450.53559
451.28564
452.05309
452.83866
453.64612
454.47046
455.32089
456.16959
457.05257
457.87463
458.74164
459.43191
459.90253
460.12158
460.88652
417.13415
417.12596
417.25823
417.5659
418.10828
418.73038
419.46218
420.22665
421.0275
421.83837
422.65721
423.47595
424.29311
425.10651
425.91574
426.72055
427.52117
428.318
429.11158
429.90253
430.69153
431.47931
432.2666
433.05418
433.84283
434.63336
435.42661
436.22345
437.0248
437.83165
438.64504
439.46613
440.29613
441.13632
441.98822
442.85303
443.73265
444.62704
445.53931
446.46303
447.407
448.34019
449.2946
450.16952
451.03718
451.72293
452.14139
452.31223
453.12059
405.70808
405.71423
405.85825
406.20982
406.84353
407.54952
408.36684
409.20401
410.07066
410.9399
411.8126
412.68173
413.54702
414.40686
415.2613
416.11028
416.95419
417.79351
418.62879
419.46067
420.28984
421.117
421.94286
422.76818
423.59368
424.42019
425.24848
426.0794
426.91383
427.75267
428.59693
429.44763
430.3059
431.17289
432.04989
432.93794
433.83846
434.75149
435.67865
436.61553
437.56494
438.50727
439.44943
440.33318
441.15823
441.82253
442.22332
442.38453
443.50565
396.42333
396.4833
396.69536
397.06542
397.81772
398.52713
399.35542
400.16376
400.99641
401.82083
402.64569
403.46396
404.27715
405.08394
405.88484
406.6799
407.46963
408.25449
409.03508
409.81195
410.58578
411.35719
412.12685
412.89543
413.66366
414.43221
415.20184
415.9733
416.7474
417.52495
418.30686
419.09411
419.8877
420.68865
421.49811
422.317
423.14655
423.98673
424.83881
425.69896
426.56875
427.43116
428.28618
429.08129
429.79043
430.32716
430.54623
430.55217
431.73815
388.34766
388.39011
388.55375
388.83319
389.45241
390.03612
390.71607
391.37015
392.0376
392.69188
393.3424
393.98443
394.62025
395.24937
395.8726
396.49023
397.10284
397.71087
398.31489
398.91537
399.51289
400.10795
400.70113
401.29298
401.88404
402.47494
403.06628
403.6587
404.25286
404.84948
405.44933
406.05324
406.66211
407.2769
407.89866
408.52834
409.16707
409.81523
410.47362
411.14006
411.81385
412.48387
413.14384
413.76035
414.31187
414.73793
415.01915
415.11032
417.25523
381.27501
381.30896
381.42726
381.62
382.04746
382.44537
382.91066
383.35299
383.80264
384.23971
384.67204
385.09632
385.5147
385.92702
386.3341
386.7363
387.13412
387.52798
387.91829
388.30548
388.68995
389.07213
389.45243
389.83125
390.20906
390.58628
390.9634
391.34089
391.71931
392.09922
392.48124
392.86613
393.25469
393.64774
394.04631
394.45142
394.86423
395.28557
395.7165
396.15623
396.60439
397.05409
397.49855
397.91591
398.28024
398.55931
398.69905
398.7373
401.13168
374.72789
374.71694
374.72726
374.76552
374.91526
375.06028
375.24036
375.41112
375.58403
375.74885
375.90891
376.0628
376.21176
376.35598
376.49608
376.6324
376.76534
376.89518
377.02227
377.14683
377.26914
377.38945
377.50802
377.62511
377.74097
377.8559
377.97021
378.08423
378.19831
378.3129
378.42847
378.5456
378.66494
378.78731
378.91369
379.04518
379.18311
379.3289
379.48414
379.65005
379.82768
380.0158
380.21225
380.40845
380.59589
380.75392
380.88364
380.94608
383.81351
368.46311
368.40885
368.3082
368.19295
368.05658
367.93883
367.82197
367.71195
367.60042
367.4875
367.37119
367.25171
367.12897
367.00331
366.87495
366.74415
366.61109
366.47596
366.33885
366.19992
366.05924
365.91692
365.77304
365.62771
365.48102
365.33309
365.18406
365.03408
364.88338
364.7322
364.58086
364.42983
364.27964
364.131
363.98482
363.84232
363.70499
363.57488
363.45426
363.34642
363.25406
363.18198
363.13097
363.10689
363.10139
363.12137
363.13345
363.15909
366.12839
362.12441
362.00607
361.76855
361.45835
361.03816
360.65553
360.24826
359.85828
359.46208
359.06863
358.67237
358.2754
357.87679
357.4771
357.07625
356.6744
356.27152
355.86764
355.46271
355.05667
354.64945
354.24097
353.83116
353.41995
353.00724
352.59301
352.17722
351.75985
351.34095
350.92061
350.49899
350.07633
349.65301
349.22967
348.80711
348.38659
347.96965
347.55889
347.15716
346.7699
346.40194
346.06439
345.76464
345.52266
345.34828
345.25963
345.26931
345.32179
348.54264
355.48399
355.33278
355.00152
354.5543
353.9066
353.3104
352.66045
352.03685
351.4014
350.77268
350.1415
349.51188
348.882
348.2527
347.62357
346.9947
346.36588
345.73701
345.10781
344.47815
343.84777
343.21647
342.58401
341.95018
341.31477
340.67758
340.0384
339.3971
338.75357
338.10774
337.4596
336.80929
336.15705
335.50332
334.84882
334.19476
333.54266
332.89555
332.25637
331.63248
331.02879
330.46308
329.94113
329.50185
329.14369
328.92667
328.80719
328.81384
331.85099
348.05978
347.84899
347.41349
346.75536
345.96093
345.19728
344.37431
343.56285
342.73156
341.9027
341.07009
340.23943
339.40955
338.58151
337.75488
336.92966
336.1055
335.28213
334.45915
333.63625
332.81307
331.98924
331.1644
330.33824
329.51033
328.68041
327.84814
327.01324
326.17545
325.33457
324.49046
323.64304
322.79234
321.93872
321.08261
320.22507
319.3673
318.51233
317.6627
316.82683
316.00939
315.23357
314.50701
313.88647
313.38645
313.09183
313.0554
313.1514
316.45085
339.66479
339.50174
339.1132
338.45401
337.64056
336.81072
335.90538
335.00749
334.08761
333.17169
332.25234
331.33586
330.42068
329.50801
328.59731
327.68854
326.78126
325.87513
324.9697
324.06456
323.15926
322.25339
321.34651
320.43822
319.5281
318.61578
317.70085
316.78298
315.86184
314.93715
314.00867
313.07627
312.1399
311.19974
310.25608
309.30989
308.36198
307.41548
306.47179
305.54047
304.6218
303.74538
302.90186
302.17584
301.52871
301.12712
300.91771
300.87001
303.47295
329.33297
329.17202
328.79706
328.13761
327.35295
326.50674
325.60866
324.70254
323.78104
322.86055
321.9385
321.01941
320.10248
319.18849
318.27691
317.36753
316.45982
315.55335
314.6476
313.74212
312.83643
311.93008
311.02261
310.1136
309.20262
308.28928
307.37318
306.45394
305.53122
304.60471
303.67414
302.7393
301.80004
300.85643
299.90854
298.95705
298.00225
297.04668
296.09045
295.14232
294.19941
293.29269
292.40567
291.63831
290.93815
290.52291
290.3262
290.27726
292.5268
317.24809
317.24383
317.04451
316.51436
315.83167
315.06512
314.24494
313.41489
312.57321
311.73372
310.89422
310.05804
309.2243
308.39344
307.56489
306.73828
305.91308
305.08882
304.265
303.44114
302.61678
301.79149
300.96484
300.13646
299.30594
298.47296
297.6371
296.79807
295.95552
295.1092
294.25882
293.4042
292.54517
291.68174
290.81387
289.94205
289.06621
288.18842
287.30725
286.43088
285.54945
284.69746
283.82651
283.07839
282.28549
281.87518
281.62863
281.54606
283.33949
301.67556
301.58628
301.32004
300.90104
300.37271
299.78128
299.15206
298.51142
297.86418
297.21896
296.57564
295.93589
295.29894
294.66457
294.03207
293.40091
292.77047
292.14022
291.50971
290.87849
290.2462
289.61244
288.97694
288.33937
287.69949
287.057
286.41166
285.76323
285.11151
284.45629
283.7974
283.13471
282.46808
281.79752
281.1229
280.44449
279.76195
279.07657
278.3863
277.6971
276.99875
276.31995
275.6173
275.01769
274.37836
274.08615
273.9064
273.85124
275.37698
285.24712
285.21215
285.08471
284.81477
284.46902
284.07314
283.65441
283.23058
282.8067
282.38753
281.97232
281.56124
281.15304
280.74694
280.34198
279.93742
279.53262
279.12711
278.72045
278.3123
277.90234
277.49034
277.07609
276.65947
276.24023
275.81835
275.39358
274.96593
274.53521
274.10142
273.66443
273.22426
272.78085
272.33424
271.88439
271.43151
270.97533
270.51674
270.05414
269.5918
269.12211
268.66567
268.19179
267.78879
267.36054
267.16107
267.03525
266.99389
268.27662
267.46258
267.4045
267.28645
267.13922
266.96951
266.79325
266.61989
266.45483
266.29886
266.1514
266.01046
265.87414
265.74054
265.6082
265.47593
265.34285
265.20831
265.07181
264.93303
264.79172
264.64775
264.501
264.35143
264.19901
264.04379
263.88573
263.72488
263.5613
263.39504
263.22617
263.05478
262.88097
262.70482
262.52647
262.34599
262.16361
261.97927
261.79362
261.60603
261.41904
261.22977
261.04929
260.86608
260.72204
260.57846
260.53862
260.52501
260.53046
261.66425
249.72779
249.70721
249.70686
249.69881
249.72128
249.76443
249.83647
249.92944
250.04096
250.16486
250.29733
250.43453
250.57388
250.71331
250.85143
250.98722
251.12007
251.2496
251.3756
251.49799
251.61672
251.73189
251.84358
251.95199
252.05721
252.1595
252.25897
252.35592
252.45048
252.54296
252.63352
252.72246
252.81
252.89641
252.98195
253.06693
253.1517
253.23673
253.32274
253.41078
253.50314
253.60106
253.71217
253.82886
253.96917
254.07961
254.17434
254.2215
255.23829
231.98933
231.94286
231.94725
232.04911
232.24083
232.50131
232.82061
233.17681
233.56099
233.96081
234.37047
234.78403
235.19837
235.6109
236.02023
236.42537
236.82584
237.22136
237.61191
237.99757
238.37853
238.75503
239.12736
239.49581
239.86078
240.22255
240.58153
240.93806
241.29255
241.64536
241.99693
242.34762
242.69785
243.04802
243.39855
243.74981
244.1024
244.4566
244.81383
245.17347
245.54098
245.90955
246.29995
246.67145
247.08039
247.37682
247.59985
247.70633
248.67665
215.63354
215.63271
215.76736
215.99834
216.3754
216.83466
217.37633
217.95978
218.57701
219.2095
219.85115
220.49458
221.13665
221.77458
222.40712
223.03339
223.65311
224.26623
224.87293
225.47347
226.0682
226.65757
227.24198
227.82197
228.39793
228.97047
229.54003
230.10719
230.67242
231.2363
231.79933
232.36209
232.9251
233.48889
234.05405
234.62102
235.19059
235.76282
236.33956
236.91893
237.50813
238.09418
238.70591
239.27613
239.88862
240.30788
240.60948
240.74009
241.66977
200.19665
200.10789
200.16617
200.47729
200.99848
201.63883
202.38406
203.17427
204.00029
204.83776
205.68134
206.52252
207.35887
208.18775
209.00841
209.82034
210.62359
211.41836
212.20509
212.98425
213.75643
214.52221
215.28223
216.03707
216.7874
217.53383
218.27707
219.01772
219.75647
220.49397
221.23091
221.96796
222.70579
223.44504
224.18639
224.93032
225.67752
226.42769
227.182
227.93677
228.69655
229.44436
230.20201
230.9105
231.6337
232.23657
232.6216
232.7981
233.80144
188.24297
188.29582
188.52542
188.94336
189.61755
190.369
191.23421
192.12467
193.04714
193.97169
194.89747
195.81562
196.72522
197.62404
198.51199
199.38892
200.25525
201.11146
201.95818
202.79611
203.62593
204.44839
205.26418
206.07405
206.87869
207.67888
208.47529
209.26872
210.05985
210.84947
211.63831
212.42715
213.21674
214.00782
214.80113
215.59724
216.39684
217.19971
218.00666
218.81446
219.6254
220.42527
221.2225
221.97068
222.67847
223.24897
223.55663
223.6616
224.66559
178.12906
178.18711
178.41064
178.85271
179.59286
180.3867
181.29603
182.20879
183.14458
184.06959
184.98826
185.89222
186.78269
187.65829
188.5199
189.36792
190.20325
191.02666
191.83906
192.64129
193.43421
194.21864
194.99538
195.7652
196.52889
197.28723
198.04098
198.79094
199.53788
200.28259
201.02589
201.76858
202.51153
203.25552
204.0014
204.74981
205.50154
206.25642
207.01522
207.77469
208.53677
209.28697
210.03318
210.72711
211.38117
211.89158
212.16775
212.24652
213.5758
170.04915
170.1386
170.4132
170.84812
171.69078
172.46998
173.36551
174.21777
175.07977
175.91381
176.73266
177.52926
178.30735
179.06662
179.80893
180.53525
181.24691
181.94502
182.63066
183.30483
183.96846
184.62244
185.26759
185.90476
186.53469
187.15822
187.776
188.38897
188.99779
189.60335
190.2064
190.80786
191.40857
192.00944
192.61138
193.21517
193.82168
194.43114
195.04425
195.6594
196.27711
196.8887
197.49039
198.0493
198.52831
198.86312
198.89871
198.7794
200.15717
163.24007
163.3027
163.51783
163.84482
164.56766
165.21005
165.94523
166.61468
167.27472
167.8917
168.48227
169.0423
169.57777
170.0899
170.58166
171.05477
171.51108
171.95197
172.37876
172.79255
173.19437
173.58507
173.96553
174.33651
174.69876
175.05302
175.39997
175.7404
176.075
176.40459
176.72995
177.05194
177.37147
177.68949
178.00704
178.3251
178.6448
178.96679
179.29224
179.62011
179.9513
180.27822
180.60007
180.88949
181.14016
181.29459
181.35937
181.30108
183.74527
157.56623
157.60923
157.76831
157.9986
158.52475
158.96913
159.46974
159.89679
160.29902
160.65028
160.96716
161.24814
161.50015
161.72557
161.92798
162.10962
162.27265
162.41872
162.54926
162.66543
162.76823
162.85856
162.93718
163.00488
163.06228
163.11013
163.1489
163.17945
163.20228
163.21828
163.22805
163.23258
163.23273
163.22956
163.22421
163.21792
163.21211
163.20809
163.20744
163.21091
163.21973
163.23111
163.24251
163.24105
163.21042
163.1343
162.97803
162.81584
165.53291
152.69509
152.68116
152.71862
152.77666
153.01875
153.18713
153.37441
153.48891
153.56569
153.58774
153.56935
153.51155
153.42138
153.30218
153.15786
152.99108
152.8042
152.59895
152.37681
152.13895
151.88638
151.61988
151.34023
151.04799
150.74378
150.42814
150.10163
149.76479
149.41821
149.06254
148.69851
148.32692
147.94871
147.56498
147.17704
146.78636
146.39482
146.00434
145.61759
145.23665
144.86516
144.50381
144.15789
143.82283
143.51054
143.20972
142.96681
142.76679
146.02141
148.52316
148.44697
148.34902
148.22503
148.15531
148.02104
147.8664
147.64517
147.37689
147.05453
146.68869
146.28244
145.8422
145.37178
144.87508
144.35485
143.81344
143.25265
142.67388
142.07829
141.46672
140.83995
140.19853
139.54306
138.87393
138.19167
137.49656
136.78922
136.06998
135.33955
134.59841
133.84748
133.08765
132.3201
131.54627
130.76794
129.98738
129.20731
128.4312
127.66311
126.90856
126.17301
125.46487
124.79206
124.16709
123.61022
123.13375
122.81452
126.17824
144.90636
144.73968
144.46623
144.09837
143.68553
143.21793
142.69847
142.11945
141.48615
140.80085
140.0706
139.30037
138.49568
137.66062
136.79881
135.91302
135.00543
134.0777
133.13116
132.16678
131.18536
130.18748
129.17363
128.14417
127.09944
126.03973
124.9654
123.87667
122.774
121.65779
120.52866
119.38729
118.23464
117.07191
115.90069
114.72301
113.54159
112.35981
111.18249
110.01511
108.86648
107.74534
106.66979
105.652
104.73547
103.92813
103.33827
102.92425
106.59449
141.83933
141.59663
141.16646
140.59387
139.87347
139.10209
138.25073
137.34467
136.3794
135.36449
134.30444
133.2054
132.07219
130.90891
129.7189
128.5047
127.26833
126.01135
124.73491
123.4399
122.12686
120.79634
119.44859
118.08397
116.70263
115.30479
113.89053
112.46017
111.01388
109.55213
108.07529
106.58415
105.07961
103.56296
102.03589
100.50073
98.960582
97.419541
95.883189
94.358805
92.856801
91.389783
89.977589
88.642476
87.420946
86.354856
85.485069
84.920431
88.334789
139.24642
138.89795
138.28793
137.41328
136.40196
135.3377
134.17709
132.9601
131.6775
130.34579
128.96857
127.5536
126.10511
124.62732
123.12313
121.59497
120.04459
118.4733
116.88208
115.2716
113.64238
111.9947
110.3288
108.64474
106.94263
105.22245
103.48441
101.72842
99.954805
98.163709
96.355657
94.531204
92.691323
90.837308
88.971018
87.094959
85.212676
83.328779
81.450049
79.584787
77.746353
75.949029
74.222548
72.586728
71.121569
69.824907
68.947626
68.289286
72.045549
137.20656
136.81815
136.13147
135.15052
133.99398
132.7351
131.37364
129.94534
128.45096
126.90615
125.31592
123.68789
122.02645
120.33574
118.61861
116.87738
115.1137
113.32883
111.52362
109.69868
107.85439
105.99098
104.10857
102.20718
100.28682
98.347444
96.389048
94.411666
92.415394
90.4005
88.367353
86.316627
84.249297
82.166791
80.071144
77.965173
75.852839
73.739438
71.632454
69.541619
67.481229
65.46848
63.531714
61.699304
60.03052
58.564135
57.420773
56.635881
59.412706
135.60617
135.18014
134.433
133.37216
132.08971
130.69313
129.17586
127.58778
125.92899
124.21871
122.46191
120.66701
118.83842
116.98041
115.09582
113.18696
111.25543
109.30241
107.32871
105.33486
103.32119
101.28786
99.23495
97.162404
95.070164
92.958148
90.826322
88.674636
86.503211
84.312265
82.102221
79.873767
77.627977
75.366438
73.091411
70.806079
68.514925
66.223938
63.941668
61.679112
59.452653
57.281459
55.198361
53.233147
51.456988
49.900867
48.724361
47.907128
50.130044
134.44833
134.01198
133.24929
132.15754
130.83009
129.34679
127.74151
126.05397
124.29591
122.48336
120.62348
118.72424
116.7906
114.82695
112.8363
110.82103
108.78277
106.72274
104.6417
102.54022
100.41856
98.276883
96.115206
93.933475
91.731598
89.509475
87.267034
85.004244
82.721196
80.418145
78.095539
75.754147
73.395153
71.020305
68.632115
66.234104
63.831218
61.430127
59.040167
56.673567
54.347774
52.084166
49.91586
47.877128
46.033914
44.429344
43.199675
42.360483
43.94337
133.57696
133.12045
132.34042
131.262
129.93911
128.4452
126.81236
125.08326
123.275
121.40668
119.48799
117.52797
115.53234
113.50578
111.45156
109.3722
107.26943
105.1445
102.99826
100.83126
98.643798
96.436034
94.208005
91.959641
89.690859
87.401558
85.091679
82.761214
80.410278
78.039172
75.648433
73.238924
70.811994
68.369613
65.914607
63.45094
60.984143
58.521732
56.074111
53.655026
51.283596
48.983983
46.790738
44.743622
42.90254
41.325989
40.098609
39.304278
40.265176
133.08702
132.62739
131.84855
130.77484
129.45562
127.95123
126.30329
124.55087
122.71626
120.81828
118.8684
116.87585
114.84691
112.78642
110.69786
108.5838
106.44608
104.28599
102.10438
99.901844
97.678691
95.435079
93.171045
90.886528
88.581444
86.255698
83.909236
81.542062
79.154308
76.746306
74.318641
71.872243
69.408557
66.929686
64.438642
61.939644
59.438561
56.943391
54.465132
52.01838
49.623143
47.305028
45.099496
43.048456
41.211606
39.649028
38.444132
37.670752
38.298084
133.00401
132.59997
131.88171
130.87126
129.61073
128.15263
126.54158
124.81566
123.00142
121.11861
119.18074
117.19775
115.1767
113.12284
111.03997
108.93092
106.79771
104.64175
102.46403
100.26518
98.045603
95.805496
93.544935
91.263884
88.962274
86.64002
84.297094
81.933491
79.549341
77.14496
74.720942
72.27819
69.818115
67.342787
64.855158
62.359378
59.861197
57.368492
54.892036
52.446237
50.050495
47.730286
45.519345
43.460092
41.607211
40.023358
38.782664
37.956325
37.60718
591.11012
590.27739
589.0482
587.45152
585.60972
583.56934
581.39458
579.1214
576.78314
574.40175
571.99466
569.57401
567.1489
564.72576
562.30931
559.90286
557.50876
555.12861
552.76351
550.41414
548.08092
545.76407
543.46368
541.17975
538.91225
536.66113
534.42642
532.20817
530.00661
527.82211
525.65532
523.50722
521.37927
519.27354
517.19297
515.14167
513.12522
511.15149
509.23071
507.37764
505.61003
503.95464
502.43862
501.10534
499.98414
499.12232
498.52138
498.1765
498.05686
590.09468
589.23057
587.94437
586.31593
584.44935
582.39659
580.21845
577.94955
575.6216
573.25505
570.86623
568.46635
566.06384
563.66461
561.27297
558.89196
556.5237
554.16966
551.83081
549.50775
547.20086
544.91028
542.63609
540.37827
538.13676
535.91152
533.70251
531.50981
529.33358
527.17417
525.03215
522.90842
520.80434
518.72178
516.66346
514.63317
512.636
510.67934
508.77241
506.92962
505.1666
503.51181
501.98768
500.64796
499.51152
498.65335
498.05975
497.72454
497.64209
588.34387
587.28884
585.98537
584.24954
582.33883
580.24923
578.06105
575.7959
573.48527
571.14508
568.7897
566.42813
564.06744
561.71245
559.36673
557.03275
554.71227
552.40645
550.11609
547.8416
545.58327
543.34118
541.11535
538.9057
536.71217
534.53465
532.3731
530.22753
528.09806
525.98495
523.88868
521.80997
519.74995
517.7102
515.69295
513.70137
511.73955
509.81369
507.93103
506.10413
504.34518
502.68234
501.13425
499.76699
498.60031
497.75001
497.19966
496.89955
496.86894
583.58718
582.64785
581.37165
579.69708
577.83765
575.80946
573.68938
571.49948
569.26991
567.01517
564.74861
562.47825
560.21046
557.94949
555.69847
553.45951
551.23414
549.02329
546.82769
544.64764
542.48338
540.33496
538.20239
536.08559
533.98449
531.899
529.82907
527.77473
525.73609
523.71339
521.70708
519.71782
517.74666
515.795
513.86489
511.95918
510.08144
508.23744
506.43286
504.6804
502.98672
501.38502
499.87218
498.54682
497.35791
496.54697
496.01313
495.72977
495.70729
575.69398
574.67966
573.42224
571.78188
570.00381
568.08025
566.08624
564.03606
561.95624
559.85793
557.75228
555.64569
553.5434
551.44881
549.36451
547.29218
545.23305
543.1879
541.15729
539.14149
537.14069
535.15495
533.18428
531.22863
529.28795
527.36221
525.45138
523.55553
521.67479
519.80944
517.95991
516.12686
514.31124
512.51439
510.73806
508.98477
507.25746
505.5608
503.89888
502.28168
500.71201
499.21849
497.7909
496.53329
495.38558
494.66533
494.21808
493.98266
494.0348
564.54277
563.69464
562.78171
561.32014
559.74729
558.01148
556.21562
554.36709
552.4948
550.60753
548.71581
546.82468
544.93871
543.0606
541.19248
539.33569
537.49129
535.65981
533.84191
532.03763
530.24729
528.47089
526.70854
524.96015
523.2259
521.50566
519.79954
518.10764
516.43017
514.76746
513.11998
511.48848
509.87393
508.27759
506.70121
505.14718
503.6181
502.11838
500.65038
499.22401
497.83241
496.511
495.19466
494.06194
492.80719
492.20865
491.85051
491.67514
491.82361
546.14604
545.46475
544.49189
543.31201
542.00919
540.61077
539.16232
537.67854
536.17756
534.667
533.15412
531.64282
530.13634
528.6367
527.14545
525.66365
524.19213
522.73142
521.28196
519.84403
518.41793
517.0038
515.60182
514.21212
512.8348
511.47007
510.1181
508.77917
507.45363
506.14195
504.84482
503.56304
502.29776
501.0505
499.82315
498.61822
497.4386
496.28849
495.17116
494.09463
493.05734
492.08349
491.14047
490.34221
489.53326
489.18097
488.97213
488.87051
489.12088
527.12045
526.62665
525.98897
525.09465
524.11924
523.05609
521.96131
520.84083
519.7115
518.57717
517.44344
516.31222
515.18571
514.06504
512.95126
511.84507
510.74711
509.65776
508.57764
507.50684
506.4458
505.39472
504.35392
503.32359
502.30411
501.29564
500.29858
499.31329
498.34027
497.38014
496.43368
495.50193
494.58616
493.68796
492.80945
491.95328
491.12272
490.32206
489.55583
488.83123
488.15191
487.53364
486.96683
486.50526
486.08554
485.88533
485.78064
485.721
486.01811
506.01489
505.62772
505.07807
504.44774
503.77297
503.07316
502.36668
501.65671
500.94876
500.24295
499.54071
498.84211
498.14773
497.45784
496.77288
496.09323
495.41932
494.75156
494.09034
493.43604
492.78908
492.14981
491.51864
490.89597
490.28214
489.67764
489.08293
488.49855
487.92514
487.36346
486.81445
486.27921
485.75917
485.25612
484.77235
484.31063
483.87472
483.46883
483.0994
482.77206
482.49886
482.28315
482.15059
482.07836
482.12075
482.14141
482.18887
482.19448
482.52928
485.1719
484.8992
484.58748
484.21237
483.85721
483.50734
483.18113
482.86738
482.56737
482.27513
481.98968
481.70845
481.43092
481.15638
480.88481
480.61627
480.35106
480.08947
479.83208
479.57912
479.33119
479.08871
478.85221
478.62218
478.39924
478.18381
477.97659
477.7782
477.58939
477.41106
477.24421
477.09011
476.95025
476.8264
476.72098
476.63669
476.57759
476.54758
476.5545
476.60205
476.70907
476.86685
477.12987
477.40758
477.84943
478.05702
478.24218
478.30068
478.63812
464.10907
463.82654
463.55247
463.38365
463.31098
463.31156
463.37122
463.46538
463.58452
463.71683
463.8576
464.00243
464.14956
464.29765
464.44631
464.59543
464.74524
464.8961
465.04841
465.20274
465.35965
465.51974
465.68361
465.85195
466.0253
466.20442
466.39001
466.58285
466.78381
466.99382
467.21401
467.44559
467.69006
467.94923
468.22539
468.52104
468.84005
469.18557
469.56544
469.98059
470.45222
470.96117
471.57981
472.17709
472.97258
473.4181
473.76273
473.89338
474.2462
444.87313
444.67281
444.61922
444.6707
444.89587
445.21123
445.61555
446.0617
446.54127
447.03537
447.53896
448.04539
448.55262
449.05871
449.56316
450.06572
450.56663
451.06622
451.56511
452.06377
452.56291
453.06319
453.56532
454.07005
454.57815
455.09032
455.60741
456.13028
456.65983
457.19708
457.74314
458.2993
458.86698
459.44782
460.04394
460.65743
461.29182
461.94913
462.63692
463.35257
464.11962
464.90649
465.80414
466.63699
467.69813
468.29572
468.74636
468.90525
469.22497
426.15672
425.75349
425.56436
425.76811
426.25385
426.89145
427.64562
428.44776
429.28462
430.13298
430.98751
431.84146
432.69302
433.54043
434.3834
435.22185
436.05611
436.88674
437.71419
438.53933
439.36283
440.1855
441.00809
441.83151
442.65641
443.4838
444.31451
445.14946
445.98963
446.83603
447.6898
448.55208
449.42422
450.3077
451.20429
452.11562
453.04435
453.99136
454.96158
455.94898
456.9673
457.97894
459.04892
460.03603
461.18798
462.11532
462.6928
462.92228
463.28963
413.18266
413.10819
413.22276
413.61226
414.33838
415.14247
416.07665
417.03619
418.03172
419.03255
420.03862
421.04167
422.04096
423.03454
424.02236
425.00432
425.98087
426.95252
427.91994
428.88382
429.84497
430.80416
431.76222
432.71998
433.6783
434.63803
435.60007
436.56534
437.5348
438.50945
439.49037
440.47874
441.47576
442.48271
443.50114
444.53227
445.57824
446.639
447.71893
448.81032
449.92842
451.03072
452.18174
453.22316
454.33576
455.2327
455.71988
455.86014
456.1281
402.3257
402.26891
402.38806
402.81935
403.68021
404.59332
405.63317
406.67453
407.73977
408.79921
409.85763
410.90864
411.95319
412.99016
414.02005
415.04306
416.05978
417.07083
418.07688
419.07869
420.07702
421.07267
422.06642
423.05909
424.05148
425.04446
426.03888
427.03563
428.03561
429.03979
430.04918
431.06483
432.08789
433.1195
434.161
435.21347
436.27854
437.35642
438.44976
439.55439
440.67707
441.79603
442.93138
444.00839
445.04726
445.8989
446.33633
446.44993
446.98015
393.85172
393.87676
394.07709
394.52008
395.64214
396.56688
397.63676
398.6415
399.66451
400.6673
401.66603
402.65407
403.63456
404.60665
405.57129
406.5288
407.47988
408.42511
409.36522
410.30086
411.23279
412.1617
413.08836
414.01347
414.93787
415.86227
416.78747
417.71429
418.64356
419.57616
420.513
421.4551
422.4035
423.35919
424.32339
425.29704
426.28156
427.27709
428.28583
429.30446
430.33837
431.36979
432.40908
433.38802
434.28316
434.95071
435.12146
434.94076
435.31169
386.50599
386.51572
386.66509
386.9716
387.88967
388.64833
389.51971
390.31965
391.12286
391.89944
392.66681
393.42136
394.16731
394.90478
395.6351
396.35884
397.07675
397.7894
398.49744
399.20142
399.90197
400.59967
401.29512
401.98891
402.68166
403.374
404.06657
404.76005
405.45511
406.1525
406.85301
407.55747
408.26678
408.98192
409.70399
410.43399
411.1732
411.92225
412.68263
413.45272
414.23377
415.01474
415.79211
416.52526
417.18729
417.69051
417.98644
418.01794
419.98454
380.1372
380.15674
380.27468
380.49674
381.12623
381.64594
382.24298
382.78425
383.32459
383.84188
384.34998
384.84657
385.33535
385.81671
386.29191
386.76151
387.22617
387.68641
388.14269
388.5955
389.0453
389.49251
389.93761
390.381
390.8232
391.26463
391.7058
392.14721
392.5894
393.03296
393.47849
393.9268
394.37863
394.83483
395.29646
395.76456
396.24043
396.72509
397.22008
397.72514
398.24115
398.7614
399.28028
399.77113
400.20109
400.52207
400.6482
400.63592
402.87775
374.24335
374.22443
374.22878
374.2729
374.50414
374.70241
374.94037
375.15411
375.36484
375.56153
375.75047
375.93104
376.10541
376.2742
376.4383
376.59823
376.75448
376.90739
377.05736
377.20462
377.34948
377.49219
377.63302
377.77224
377.91009
378.04689
378.18293
378.31854
378.45408
378.58996
378.72664
378.86467
379.00471
379.14754
379.29414
379.44564
379.60341
379.76904
379.94442
380.13119
380.3311
380.5435
380.76685
380.99146
381.20698
381.38683
381.53003
381.58938
384.49125
368.62545
368.5703
368.45325
368.3261
368.15455
368.02387
367.89365
367.77497
367.65362
367.53041
367.40276
367.27129
367.13607
366.99765
366.85635
366.71252
366.56637
366.41812
366.26785
366.11572
365.96181
365.80622
365.64902
365.49028
365.33012
365.16861
365.00587
364.84203
364.67729
364.51187
364.34602
364.18022
364.01494
363.85082
363.68875
363.52993
363.37584
363.22861
363.09064
362.96565
362.85678
362.77
362.70674
362.67527
362.66653
362.69153
362.70845
362.74632
365.79816
362.94476
362.82254
362.5428
362.17238
361.60667
361.14799
360.66072
360.2099
359.75352
359.3031
358.85009
358.39698
357.94244
357.48712
357.03085
356.5738
356.11593
355.65723
355.19765
354.73707
354.2754
353.81254
353.34836
352.88279
352.41565
351.9469
351.47644
351.00423
350.53023
350.05451
349.57714
349.0983
348.61828
348.13764
347.65711
347.17782
346.70122
346.22991
345.76665
345.31726
344.88679
344.48829
344.13046
343.83996
343.63175
343.53746
343.58394
343.69618
347.18135
357.02614
356.87745
356.48292
355.9483
355.06322
354.34317
353.55745
352.83039
352.09241
351.36759
350.6413
349.91818
349.19552
348.47416
347.7535
347.03359
346.31413
345.59499
344.8758
344.15641
343.4365
342.71581
341.99405
341.27096
340.54626
339.81967
339.09094
338.35987
337.62624
336.88996
336.15087
335.40907
334.66464
333.91793
333.16951
332.42044
331.67201
330.92719
330.18858
329.464
328.7579
328.09112
327.46908
326.94334
326.51286
326.27033
326.1673
326.24516
329.54274
350.36176
350.13484
349.59371
348.69428
347.63359
346.71921
345.72776
344.76895
343.78472
342.80677
341.82552
340.84815
339.87277
338.90043
337.93045
336.96269
335.99667
335.03206
334.06833
333.10513
332.14197
331.17843
330.21404
329.24841
328.28102
327.31151
326.33945
325.36445
324.38615
323.40424
322.41844
321.42853
320.43437
319.43615
318.43407
317.42894
316.42154
315.41466
314.41001
313.41629
312.43652
311.49777
310.6053
309.83644
309.20917
308.8709
308.93215
309.22273
313.25321
342.82531
342.68879
342.23378
341.36033
340.31166
339.32063
338.22881
337.17148
336.08816
335.01551
333.9402
332.86994
331.80209
330.73789
329.67656
328.61799
327.56162
326.50703
325.45367
324.40105
323.34863
322.29591
321.24237
320.18752
319.13085
318.07188
317.0101
315.94509
314.87639
313.80362
312.7264
311.64446
310.55759
309.46579
308.3691
307.26828
306.16366
305.05823
303.95221
302.85587
301.76589
300.71808
299.69081
298.80212
297.97921
297.50132
297.31169
297.32625
300.2617
333.09248
332.9704
332.56579
331.69659
330.70441
329.67174
328.59119
327.51884
326.43351
325.35468
324.27616
323.20279
322.13294
321.06726
320.00497
318.94573
317.88889
316.83394
315.78026
314.72731
313.67453
312.62137
311.56729
310.51179
309.45434
308.39445
307.3316
306.26536
305.19523
304.12082
303.0417
301.95755
300.86803
299.77303
298.67233
297.56637
296.45485
295.33995
294.22013
293.10432
291.9842
290.89645
289.80629
288.85509
287.93913
287.44727
287.28021
287.2876
289.73633
321.39788
321.57476
321.42869
320.75365
319.88266
318.93405
317.93522
316.94365
315.94587
314.95625
313.96874
312.98639
312.00758
311.03263
310.06082
309.09172
308.12468
307.15919
306.19466
305.23054
304.26627
303.30136
302.33529
301.36761
300.39784
299.42554
298.45019
297.47146
296.48883
295.50199
294.51049
293.51406
292.51237
291.50525
290.49242
289.47413
288.44977
287.42104
286.3847
285.34891
284.29556
283.26615
282.17016
281.22284
280.06984
279.58964
279.35411
279.30856
281.16958
304.40784
304.37449
304.09443
303.59027
302.95156
302.24529
301.50319
300.75705
300.00833
299.2655
298.52655
297.79272
297.06265
296.33595
295.61172
294.88935
294.16816
293.44758
292.72707
292.00615
291.28441
290.5614
289.83677
289.11018
288.38129
287.64978
286.91531
286.17761
285.43637
284.69135
283.94227
283.18892
282.43103
281.66847
280.90092
280.12839
279.34996
278.56643
277.77376
276.97715
276.15798
275.34948
274.47033
273.71343
272.7849
272.4826
272.32357
272.30378
273.83897
287.00901
287.02251
286.90884
286.59279
286.18056
285.71202
285.22161
284.7311
284.24387
283.7643
283.29027
282.8215
282.35629
281.89371
281.43267
280.97238
280.51214
280.05146
279.58988
279.12702
278.66253
278.19613
277.7276
277.25677
276.78337
276.30734
275.82837
275.34645
274.86132
274.37296
273.88115
273.38587
272.88696
272.38437
271.87789
271.36753
270.85261
270.33355
269.8073
269.27744
268.73052
268.18982
267.60062
267.09274
266.48257
266.26484
266.14501
266.12022
267.35004
267.99097
267.93492
267.80335
267.63251
267.43477
267.23105
267.03303
266.84674
266.67209
266.50785
266.35123
266.19991
266.0517
265.905
265.75854
265.61142
265.46298
265.31269
265.16024
265.00536
264.84793
264.6878
264.52495
264.3593
264.19092
264.01974
263.8458
263.66912
263.48975
263.30773
263.12313
262.93599
262.74637
262.55431
262.35981
262.16294
261.96338
261.76149
261.55586
261.34855
261.13416
260.92504
260.70112
260.52184
260.32013
260.28551
260.28421
260.29944
261.32481
249.20214
249.16877
249.16389
249.15015
249.17611
249.22781
249.31416
249.42477
249.55632
249.70143
249.85571
250.01494
250.17639
250.33788
250.49803
250.65582
250.81065
250.96217
251.11019
251.25464
251.39549
251.53283
251.66676
251.7975
251.92511
252.0499
252.17195
252.29158
252.4089
252.52423
252.63772
252.74967
252.86026
252.96976
253.07836
253.18633
253.29394
253.40156
253.50994
253.62006
253.73523
253.85666
253.99879
254.14711
254.3467
254.4793
254.59612
254.64572
255.4883
230.23409
230.12762
230.09718
230.20462
230.43051
230.74078
231.12029
231.54062
231.99116
232.45769
232.93401
233.41385
233.89409
234.37213
234.84667
235.31679
235.78207
236.24227
236.69744
237.14767
237.59322
238.03433
238.47137
238.90461
239.33449
239.76132
240.18555
240.60752
241.02767
241.44638
241.86411
242.28123
242.69818
243.11535
243.53319
243.95207
244.37264
244.79523
245.22175
245.65166
246.09364
246.53943
247.02776
247.49473
248.06811
248.43554
248.70543
248.81736
249.54326
212.89948
212.82674
212.94741
213.20378
213.65414
214.20253
214.84756
215.53669
216.26146
217.00061
217.74825
218.49666
219.24296
219.98447
220.7201
221.44908
222.17123
222.8866
223.59542
224.29804
224.99482
225.68629
226.3729
227.05523
227.7337
228.40897
229.08153
229.75201
230.4209
231.08883
231.75632
232.424
233.09243
233.76217
234.43385
235.10798
235.78548
236.46652
237.15377
237.84541
238.55329
239.26179
240.02578
240.74263
241.60413
242.1239
242.49206
242.62196
243.21273
196.04496
195.76111
195.73049
196.0854
196.73384
197.52473
198.43911
199.39755
200.39217
201.39508
202.40221
203.40492
204.40143
205.38936
206.36828
207.33786
208.29833
209.25002
210.19345
211.1292
212.05794
212.98033
213.89708
214.80883
215.71634
216.62026
217.5214
218.4204
219.31804
220.21501
221.11208
222.00996
222.90939
223.81109
224.71579
225.62405
226.53672
227.45352
228.37614
229.30016
230.23287
231.1513
232.09677
232.98043
233.96634
234.8218
235.31182
235.50502
236.07825
184.40473
184.39204
184.60631
185.09857
185.95258
186.87507
187.93165
189.00322
190.10624
191.20629
192.30546
193.3948
194.47434
195.54211
196.59839
197.64319
198.6771
199.7007
200.71474
201.71997
202.71715
203.70711
204.69061
205.66847
206.64144
207.61036
208.57599
209.53918
210.50067
211.46133
212.42192
213.38331
214.34631
215.31171
216.28033
217.2528
218.22998
219.21171
220.19931
221.18933
222.18638
223.17363
224.17139
225.1197
226.06392
226.85642
227.22896
227.3009
227.71204
174.76626
174.76749
174.96783
175.49383
176.46195
177.44625
178.56772
179.66994
180.79282
181.89655
182.99124
184.06836
185.13075
186.17728
187.20932
188.22742
189.23266
190.22591
191.20815
192.1803
193.1433
194.098
195.04529
195.98601
196.92099
197.85109
198.77712
199.69995
200.62041
201.53935
202.45763
203.37615
204.29578
205.21739
206.1419
207.07001
208.00265
208.93975
209.88265
210.82794
211.78025
212.72235
213.6751
214.57107
215.46263
216.16669
216.48408
216.51371
217.1988
167.32999
167.38027
167.65009
168.15767
169.37952
170.37153
171.50802
172.55159
173.59965
174.60758
175.59703
176.56119
177.50573
178.43069
179.33841
180.23
181.10695
181.97042
182.82157
183.66144
184.49101
185.31121
186.12293
186.92707
187.72442
188.51591
189.30218
190.08428
190.86287
191.63894
192.41326
193.1868
193.96045
194.73515
195.51184
196.29135
197.07459
197.86187
198.65429
199.4507
200.25406
201.05701
201.86212
202.62816
203.30899
203.7831
203.7586
203.43095
203.91339
161.06346
161.08958
161.29466
161.64597
162.71686
163.54953
164.49516
165.31677
166.11707
166.85764
167.56598
168.23928
168.88614
169.50851
170.11003
170.69268
171.25847
171.80888
172.34529
172.86881
173.38053
173.88133
174.3721
174.85366
175.32676
175.79221
176.25067
176.70301
177.14992
177.59225
178.0308
178.46646
178.90014
179.33281
179.76551
180.19922
180.63514
181.07395
181.51714
181.96382
182.4162
182.86609
183.31554
183.72796
184.09631
184.32466
184.3984
184.2669
186.53857
155.86008
155.88512
156.05235
156.3211
157.11591
157.71451
158.37934
158.92189
159.42673
159.86512
160.26306
160.62068
160.94742
161.24647
161.52209
161.77676
162.0128
162.23196
162.43569
162.62519
162.80144
162.96538
163.11776
163.25941
163.39096
163.51318
163.62649
163.73186
163.8297
163.92098
164.00625
164.08653
164.16265
164.23566
164.30665
164.37684
164.44761
164.52026
164.59643
164.67701
164.76373
164.85359
164.94397
165.01672
165.04677
164.99958
164.80979
164.57469
167.16003
151.35787
151.33314
151.37669
151.458
151.87254
152.14048
152.4311
152.61325
152.74601
152.8113
152.83058
152.80662
152.74857
152.66054
152.54706
152.41103
152.25492
152.08053
151.88934
151.68253
151.4611
151.22584
150.97749
150.71663
150.44383
150.15966
149.86465
149.55936
149.24432
148.92021
148.58771
148.24757
147.90071
147.54814
147.19109
146.83097
146.4695
146.10851
145.75057
145.39753
145.05306
144.71701
144.39445
144.07673
143.77474
143.46577
143.20438
142.96447
146.32098
147.47627
147.39608
147.29695
147.18597
147.19024
147.09851
146.98475
146.78493
146.52975
146.2124
145.84774
145.44015
144.99754
144.5243
144.02471
143.50168
142.95761
142.39432
141.8132
141.21536
140.60161
139.97269
139.32911
138.67147
138.00012
137.31558
136.61804
135.90817
135.1862
134.45283
133.70847
132.95398
132.19016
131.41809
130.63906
129.85469
129.067
128.27847
127.49225
126.71199
125.94274
125.1891
124.45862
123.75713
123.09535
122.49164
121.95782
121.58611
125.13127
144.07288
143.89734
143.59605
143.19444
142.7485
142.25913
141.71332
141.10375
140.43484
139.71061
138.93957
138.12776
137.2814
136.4049
135.50202
134.57554
133.62761
132.65981
131.67338
130.66924
129.6481
128.6105
127.55685
126.48745
125.4026
124.30252
123.18754
122.05781
120.91374
119.75564
118.58404
117.39951
116.20287
114.99515
113.77772
112.55234
111.32138
110.08776
108.85579
107.63019
106.41906
105.22981
104.08044
102.98041
101.97957
101.07819
100.42671
99.941424
104.05572
141.17285
140.92087
140.43636
139.80168
138.95441
138.1059
137.17191
136.19244
135.15238
134.0637
132.93017
131.75854
130.55364
129.31964
128.05973
126.77633
125.4713
124.14609
122.80167
121.43884
120.05801
118.65967
117.24395
115.81115
114.36135
112.89469
111.41117
109.91104
108.39438
106.86154
105.31277
103.74871
102.17008
100.57791
98.973625
97.359136
95.737068
94.110875
92.485328
90.86666
89.264075
87.688508
86.158533
84.694482
83.334177
82.121192
81.103283
80.419575
84.287942
138.7034
138.31889
137.59864
136.49363
135.27014
134.07554
132.77573
131.43309
130.02318
128.56788
127.06917
125.53543
123.97034
122.37782
120.76039
119.12012
117.45848
115.77651
114.07498
112.35438
110.61506
108.8572
107.08088
105.28605
103.47272
101.64076
99.790306
97.921103
96.03339
94.12712
92.202688
90.260405
88.300999
86.325432
84.335153
82.332135
80.319248
78.30021
76.280732
74.267564
72.272528
70.307232
68.401095
66.568304
64.905267
63.385968
62.402661
61.569172
66.467738
136.80724
136.3957
135.6117
134.42539
133.07586
131.66676
130.16177
128.60427
126.98459
125.32009
123.61377
121.87307
120.10159
118.30301
116.47968
114.63352
112.76586
110.87767
108.96958
107.042
105.09513
103.12909
101.14385
99.139328
97.115408
95.071961
93.008862
90.926019
88.823402
86.701107
84.55933
82.398508
80.21933
78.02286
75.810665
73.584959
71.34892
69.106825
66.864865
64.631023
62.417585
60.238849
58.121074
56.088026
54.203772
52.498361
51.145082
50.142571
53.498181
135.33932
134.89656
134.06946
132.83122
131.3449
129.79526
128.12878
126.412
124.631
122.80648
120.94013
119.03977
117.1087
115.15059
113.16771
111.16192
109.13447
107.08625
105.01781
102.9295
100.82149
98.693792
96.546347
94.378999
92.191578
89.983898
87.755819
85.507159
83.237914
80.948121
78.638031
76.308078
73.959042
71.592118
69.209078
66.812458
64.405904
61.994318
59.584888
57.186747
54.814223
52.483389
50.225355
48.064658
46.079939
44.289663
42.919941
41.89099
44.560523
134.30889
133.86794
133.0464
131.8021
130.29794
128.65687
126.91029
125.10197
123.23498
121.32244
119.36804
117.37837
115.35728
113.3085
111.23451
109.13727
107.01804
104.87777
102.717
100.53608
98.335128
96.114175
93.873109
91.611779
89.329986
87.027534
84.704244
82.359966
79.994661
77.608419
75.201503
72.774436
70.328099
67.863847
65.383684
62.890471
60.388292
57.882704
55.381626
52.895414
50.439368
48.031887
45.704061
43.485606
41.448575
39.626041
38.218819
37.182782
39.11508
133.46572
132.99102
132.15628
130.97754
129.53267
127.92514
126.18477
124.36056
122.46525
120.51703
118.52325
116.49184
114.42749
112.33427
110.21494
108.07163
105.90577
103.71838
101.5101
99.281328
97.032239
94.762873
92.473168
90.162972
87.832114
85.480416
83.107721
80.713934
78.299051
75.863245
73.406887
70.930641
68.435597
65.923393
63.396431
60.858122
58.31329
55.768544
53.233163
50.719468
48.245019
45.832047
43.513929
41.328766
39.34008
37.607461
36.237872
35.322094
36.391285
133.0036
132.52644
131.70208
130.5477
129.13054
127.52854
125.78837
123.95297
122.04289
120.0758
118.06134
116.00765
113.92007
111.80286
109.659
107.49074
105.2996
103.08666
100.85262
98.597904
96.322708
94.027095
91.711006
89.37431
87.016843
84.638438
82.238953
79.818315
77.376547
74.913864
72.430698
69.927796
67.406364
64.868201
62.315926
59.753253
57.185405
54.619564
52.065723
49.537256
47.052873
44.636698
42.323544
40.154562
38.194003
36.503432
35.192195
34.327929
35.103968
132.92919
132.50736
131.74953
130.67421
129.33277
127.79041
126.09825
124.29796
122.41598
120.47115
118.47566
116.43833
114.36538
112.26144
110.12987
107.97315
105.79303
103.59072
101.36704
99.122488
96.857351
94.571738
92.265638
89.938954
87.591545
85.22326
82.833992
80.423672
77.992339
75.540205
73.06773
70.575667
68.065227
65.538217
62.997262
60.446084
57.889892
55.335876
52.793966
50.277573
47.804999
45.400603
43.097454
40.937983
38.979506
37.289345
35.955078
35.06018
34.708528
595.14711
594.18535
592.82457
591.07079
589.08136
586.90275
584.60245
582.21543
579.77362
577.29727
574.80207
572.29876
569.79521
567.29694
564.80793
562.33094
559.86792
557.42016
554.98848
552.57338
550.17514
547.79384
545.42946
543.08192
540.75107
538.43679
536.139
533.85765
531.59284
529.34479
527.11397
524.90112
522.70743
520.53463
518.38524
516.26284
514.17244
512.12125
510.11894
508.17986
506.32201
504.57345
502.96468
501.54542
500.35357
499.44785
498.83171
498.48499
498.34454
595.07178
594.03672
592.56082
590.73401
588.68397
586.4638
584.13493
581.73004
579.27841
576.79822
574.30363
571.80418
569.30684
566.8165
564.33666
561.86973
559.41739
556.98074
554.56049
552.15702
549.77053
547.40103
545.04848
542.71275
540.39365
538.09104
535.80481
533.53486
531.28126
529.04414
526.8239
524.62116
522.43696
520.27279
518.13085
516.01434
513.92763
511.87727
509.87169
507.92456
506.05144
504.28195
502.64167
501.19331
499.96442
499.05348
498.44695
498.11465
497.99461
595.42022
593.94335
592.37407
590.32519
588.15457
585.83098
583.43654
580.98673
578.50896
576.01534
573.51706
571.02058
568.53107
566.05195
563.58576
561.13422
558.69851
556.27936
553.87723
551.49226
549.12452
546.77392
544.44033
542.1235
539.82328
537.53939
535.27167
533.01995
530.78418
528.56439
526.3608
524.17381
522.00412
519.85277
517.72134
515.61214
513.52821
511.47437
509.45631
507.48472
505.5702
503.74038
502.01579
500.47568
499.15573
498.2297
497.69525
497.42492
497.33507
591.73406
590.50122
588.92792
586.94004
584.80028
582.51967
580.17313
577.77783
575.35933
572.92855
570.49578
568.06681
565.64628
563.23718
560.84169
558.46121
556.09672
553.74876
551.4177
549.10359
546.80648
544.52621
542.26265
540.01556
537.78475
535.56998
533.37104
531.18781
529.02019
526.86822
524.73206
522.61204
520.50881
518.42324
516.35673
514.31132
512.28961
510.29612
508.33519
506.41797
504.5495
502.76371
501.05398
499.54099
498.15064
497.25897
496.73298
496.47085
496.32963
585.03808
583.59381
582.02434
580.02683
577.94736
575.75144
573.514
571.24151
568.95553
566.66329
564.37292
562.0887
559.81429
557.55198
555.30349
553.06987
550.85186
548.64984
546.46409
544.2946
542.14141
540.00436
537.88332
535.7781
533.68852
531.61437
529.55551
527.51181
525.48324
523.46982
521.47174
519.48933
517.52313
515.57397
513.643
511.7319
509.8426
507.97841
506.14161
504.33967
502.57167
500.86315
499.19324
497.68825
496.2517
495.45784
495.05057
494.84335
494.76865
574.5985
573.37062
572.25911
570.45438
568.5881
566.57641
564.52964
562.44818
560.35687
558.26109
556.16895
554.0836
552.00835
549.94497
547.89487
545.85885
543.83753
541.8311
539.84005
537.86411
535.90343
533.95785
532.02733
530.11161
528.21085
526.32465
524.45302
522.59588
520.75327
518.9253
517.11214
515.31432
513.53241
511.76717
510.01982
508.29201
506.58548
504.90341
503.24649
501.62242
500.0182
498.46825
496.86259
495.44839
493.57741
492.94029
492.67446
492.54694
492.60082
552.32342
551.46281
550.29613
548.9128
547.42393
545.85496
544.25185
542.6262
540.99326
539.35833
537.72681
536.10123
534.48388
532.87606
531.27882
529.69282
528.11859
526.5564
525.00658
523.46919
521.94444
520.43237
518.93305
517.44652
515.97281
514.51201
513.06421
511.62957
510.20832
508.8008
507.40749
506.02903
504.66629
503.3205
501.99321
500.68646
499.40259
498.14507
496.91604
495.72198
494.55707
493.44411
492.32443
491.35464
490.22135
489.92771
489.81129
489.75637
489.93377
531.03482
530.4316
529.69722
528.67225
527.57942
526.40866
525.21834
524.01209
522.80445
521.59746
520.39521
519.19857
518.00899
516.82708
515.6535
514.48868
513.33305
512.18683
511.05053
509.92412
508.80798
507.70223
506.60713
505.52281
504.44961
503.3876
502.33714
501.29848
500.27205
499.25837
498.2581
497.27215
496.30161
495.34788
494.41287
493.49899
492.60928
491.74778
490.91876
490.12921
489.38205
488.69387
488.04873
487.51847
486.99725
486.82406
486.76914
486.72794
486.93468
507.6253
507.16881
506.54729
505.84808
505.11809
504.37536
503.63661
502.90233
502.17566
501.45506
500.74068
500.0318
499.32847
498.63056
497.9383
497.25189
496.57164
495.89785
495.23088
494.57102
493.91867
493.27416
492.63785
492.01014
491.39133
490.78186
490.18218
489.59277
489.01421
488.44722
487.89267
487.35156
486.82521
486.31535
485.82417
485.3544
484.90984
484.49496
484.11681
483.78221
483.50602
483.2948
483.18663
483.15355
483.30224
483.35921
483.43886
483.44532
483.65079
484.92969
484.58936
484.2272
483.82053
483.4583
483.11923
482.81617
482.53343
482.26896
482.01495
481.76916
481.52839
481.29172
481.05823
480.82777
480.60032
480.37616
480.15552
479.939
479.72679
479.5195
479.31754
479.12145
478.93172
478.74897
478.57361
478.40632
478.24769
478.09848
477.95952
477.8318
477.71653
477.61515
477.5294
477.46168
477.41482
477.39308
477.401
477.44764
477.53898
477.69956
477.92551
478.29924
478.70551
479.41984
479.66914
479.88434
479.92987
480.08343
461.89115
461.48345
461.14322
460.97526
460.95126
461.0282
461.17958
461.37274
461.59383
461.82901
462.07252
462.31959
462.56831
462.81732
463.06625
463.31504
463.56392
463.81332
464.06368
464.31558
464.56963
464.82645
465.08669
465.35105
465.6201
465.8946
466.1753
466.46296
466.75844
467.0627
467.37681
467.70198
468.03968
468.39172
468.76041
469.14842
469.55993
469.99886
470.47449
470.99014
471.57368
472.20983
473.00963
473.80332
475.01044
475.54362
475.93794
476.05029
476.14943
440.92697
440.55488
440.44201
440.52761
440.86022
441.31711
441.88127
442.4936
443.14072
443.80161
444.47036
445.14025
445.80928
446.47571
447.13918
447.79958
448.45728
449.11269
449.76652
450.41931
451.07185
451.72486
452.37911
453.0354
453.69454
454.35728
455.02451
455.6971
456.37599
457.06221
457.75686
458.46123
459.17673
459.90498
460.64815
461.40847
462.18974
462.99468
463.83215
464.70124
465.63248
466.59456
467.72854
468.80055
470.39125
471.10828
471.64262
471.77253
471.74476
419.45258
418.59477
418.26931
418.56792
419.28133
420.18744
421.2264
422.31222
423.4282
424.55051
425.6741
426.7933
427.90682
429.01349
430.11339
431.20675
432.29411
433.37629
434.4537
435.52752
436.59847
437.66749
438.7354
439.80327
440.87168
441.94187
443.01468
444.0911
445.17215
446.25887
447.35247
448.45402
449.56483
450.68644
451.82055
452.96886
454.13424
455.31809
456.52605
457.75188
459.01054
460.25296
461.57336
462.76925
464.39219
465.7487
466.48541
466.70135
466.59936
407.3093
407.10264
407.17211
407.69485
408.69583
409.7732
410.99691
412.23916
413.51328
414.7874
416.06225
417.33033
418.59147
419.84424
421.08893
422.32579
423.55545
424.77864
425.99616
427.20887
428.41767
429.62348
430.8272
432.02979
433.23218
434.43531
435.64016
436.84771
438.05898
439.27502
440.49692
441.7259
442.96315
444.20994
445.4678
446.73796
448.02266
449.32203
450.6412
451.97186
453.33465
454.67339
456.09676
457.35065
458.84723
460.1271
460.73007
460.79695
460.38587
397.61722
397.45247
397.51827
398.07707
399.30413
400.53884
401.89908
403.23495
404.58137
405.91177
407.23436
408.54487
409.84534
411.13549
412.41626
413.68822
414.95219
416.20899
417.45944
418.70447
419.94496
421.18181
422.41592
423.64821
424.87957
426.11097
427.34332
428.5776
429.81478
431.05586
432.30191
433.55399
434.81328
436.08093
437.35827
438.64644
439.94717
441.261
442.59141
443.93559
445.30424
446.67673
448.08994
449.45489
450.8285
451.99621
452.46756
452.4552
452.10208
390.36939
390.3186
390.43283
390.96722
392.78413
394.05047
395.47034
396.76109
398.05525
399.31599
400.56598
401.8007
403.02456
404.23749
405.44088
406.63537
407.82189
409.00118
410.17418
411.34162
412.5044
413.66334
414.81931
415.97309
417.12568
418.2778
419.43039
420.58433
421.74051
422.89988
424.06337
425.23209
426.4071
427.58937
428.78016
429.98048
431.19178
432.41453
433.65166
434.90147
436.17373
437.45455
438.76972
440.03884
441.24895
442.1514
442.2642
441.66376
440.71945
384.06574
384.01102
384.08828
384.39789
385.87545
386.91758
388.06349
389.06802
390.05396
390.99674
391.92225
392.83003
393.72612
394.61163
395.48841
396.35736
397.21944
398.07535
398.92588
399.77165
400.61338
401.45172
402.28733
403.12087
403.95301
404.78444
405.61585
406.44795
407.28146
408.11715
408.95581
409.79833
410.64561
411.49863
412.35852
413.22636
414.10358
414.99115
415.89123
416.80351
417.73144
418.6662
419.60751
420.50871
421.33162
421.94621
422.23319
422.12348
424.01734
378.63273
378.62158
378.70875
378.95604
379.93836
380.65034
381.43017
382.1064
382.76433
383.38631
383.99249
384.58317
385.16359
385.735
386.29909
386.85672
387.40872
387.9557
388.49823
389.03683
389.57203
390.1043
390.63414
391.162
391.68844
392.21389
392.73889
393.26397
393.78966
394.31658
394.84534
395.37672
395.91151
396.45052
396.99483
397.54555
398.10409
398.67176
399.25061
399.84133
400.44627
401.06017
401.67895
402.27141
402.79581
403.17712
403.28563
403.18384
405.41422
373.60428
373.57424
373.56364
373.61527
373.98605
374.26869
374.58643
374.85864
375.11799
375.35592
375.58192
375.79698
376.00429
376.20502
376.40042
376.59117
376.77788
376.96098
377.14089
377.31787
377.49225
377.6643
377.83431
378.00254
378.16925
378.33475
378.49935
378.66334
378.82709
378.99099
379.15548
379.3211
379.48847
379.65836
379.83172
380.00971
380.19379
380.3857
380.5877
380.80202
381.03129
381.2758
381.53461
381.79691
382.04827
382.25449
382.40365
382.44922
385.54198
368.83014
368.77875
368.64406
368.50799
368.27116
368.11858
367.96831
367.83658
367.70118
367.56306
367.41922
367.27072
367.11792
366.96159
366.80221
366.64019
366.4758
366.30928
366.14072
365.97028
365.79802
365.62403
365.44838
365.2711
365.09232
364.91204
364.73039
364.54747
364.36341
364.17842
363.99271
363.80669
363.62078
363.43557
363.2519
363.07091
362.89407
362.72359
362.56207
362.41363
362.28215
362.17477
362.09456
362.05202
362.04009
362.07263
362.10615
362.168
365.47463
364.02353
363.91092
363.58846
363.15111
362.3278
361.75354
361.15519
360.62117
360.08522
359.55871
359.03048
358.50279
357.97413
357.44504
356.91535
356.38518
355.85447
355.32319
354.79122
354.25844
353.72469
353.18985
352.65373
352.11621
351.57705
351.03617
350.49341
349.94865
349.40181
348.85287
348.30182
347.74875
347.19386
346.63758
346.08053
345.52371
344.96844
344.41719
343.87271
343.34099
342.82754
342.34696
341.91029
341.55124
341.2928
341.18717
341.28124
341.49206
345.44092
359.07133
358.94363
358.46798
357.8245
356.50966
355.60167
354.62649
353.75535
352.87775
352.01969
351.16205
350.30924
349.45804
348.60904
347.76152
346.91541
346.07035
345.2261
344.38222
343.5385
342.69455
341.85002
341.00456
340.15781
339.30942
338.45902
337.60627
336.75087
335.89252
335.03099
334.16604
333.29761
332.42563
331.5503
330.67199
329.79153
328.90995
328.02996
327.15388
326.28952
325.44141
324.63249
323.87028
323.21883
322.68652
322.40841
322.3569
322.58573
326.37763
353.50591
353.28278
352.57903
351.23859
349.72371
348.61722
347.39548
346.2251
345.01858
343.82021
342.61987
341.42589
340.236
339.05087
337.86951
336.69157
335.5164
334.34354
333.17229
332.00222
330.8327
329.66319
328.49308
327.32186
326.14883
324.97356
323.79545
322.61396
321.42858
320.23883
319.04427
317.84443
316.63894
315.42779
314.21081
312.98845
311.76097
310.53059
309.29811
308.07165
306.85261
305.67005
304.52748
303.52364
302.68294
302.25731
302.45212
303.15547
308.61429
347.2666
347.19696
346.6274
345.36494
343.93942
342.73847
341.38321
340.10045
338.78501
337.4871
336.188
334.89628
333.60865
332.32616
331.04787
329.77347
328.5023
327.23382
325.96734
324.70224
323.43787
322.1736
320.90879
319.64281
318.37501
317.10478
315.83147
314.5545
313.27327
311.98721
310.69578
309.39851
308.09494
306.78485
305.46794
304.14462
302.81474
301.48081
300.14201
298.80855
297.47411
296.17871
294.88937
293.75809
292.67027
292.068
291.92974
292.06962
295.66246
338.70187
338.69131
338.26923
337.03521
335.71567
334.40869
333.06567
331.75503
330.43564
329.12924
327.82603
326.53062
325.24068
323.95654
322.67719
321.40209
320.13044
318.86158
317.59479
316.3294
315.06471
313.80006
312.53479
311.26826
309.9998
308.7288
307.4546
306.17661
304.89419
303.60677
302.31376
301.01464
299.70882
298.39596
297.07551
295.74749
294.41099
293.06751
291.71386
290.35793
288.98595
287.63636
286.25346
285.01893
283.75301
283.13309
283.03148
283.13426
285.89187
327.81035
328.39843
328.32306
327.38424
326.18903
324.95368
323.68682
322.45729
321.23242
320.02312
318.81883
317.62156
316.42922
315.24201
314.05911
312.87999
311.7039
310.53025
309.3583
308.18743
307.01695
305.84623
304.67465
303.50165
302.3266
301.14897
299.96804
298.78339
297.59433
296.40041
295.201
293.99566
292.78384
291.56517
290.33906
289.10542
287.86312
286.61319
285.3509
284.08284
282.78349
281.49427
280.07113
278.80504
276.96889
276.39661
276.24217
276.27731
278.26775
308.29553
308.39829
308.12813
307.49975
306.69829
305.82685
304.92669
304.03421
303.14608
302.26883
301.39822
300.53449
299.67576
298.82134
297.9702
297.12161
296.27481
295.42915
294.58405
293.73894
292.89335
292.04674
291.1987
290.34881
289.49667
288.64188
287.78397
286.92264
286.05745
285.18808
284.31413
283.43527
282.5511
281.6613
280.76531
279.86282
278.95237
278.03385
277.10139
276.15746
275.17466
274.18233
273.04804
272.03173
270.55231
270.27804
270.20204
270.25046
271.83132
289.3915
289.49196
289.39586
289.01333
288.50434
287.93539
287.3485
286.76944
286.19895
285.63984
285.0884
284.54351
284.00304
283.46581
282.93064
282.39664
281.86308
281.32944
280.7952
280.25996
279.72331
279.18494
278.64456
278.102
277.55692
277.00921
276.4585
275.90475
275.3476
274.787
274.22265
273.65444
273.08212
272.50551
271.92422
271.33799
270.74572
270.14706
269.53762
268.91866
268.27098
267.61402
266.86407
266.18799
265.25825
265.03187
264.95029
264.95822
266.16528
268.71434
268.67087
268.5327
268.33324
268.09902
267.8588
267.6279
267.41327
267.21366
267.0268
266.84893
266.67714
266.50893
266.34251
266.17654
266.01009
265.84246
265.67315
265.50182
265.32821
265.15216
264.97352
264.79226
264.60829
264.42165
264.23227
264.04014
263.8453
263.64772
263.44745
263.24451
263.0389
262.8306
262.61962
262.40579
262.18905
261.96879
261.74491
261.51524
261.28063
261.03331
260.78392
260.50364
260.26604
259.96563
259.93756
259.95881
259.98611
260.91926
248.49009
248.4322
248.41086
248.38887
248.41789
248.48198
248.58763
248.72234
248.88069
249.0541
249.23729
249.42565
249.61622
249.80677
249.99589
250.18259
250.36631
250.54671
250.72364
250.89703
251.06688
251.23328
251.39636
251.55634
251.7133
251.86753
252.01914
252.16845
252.31556
252.46079
252.6043
252.74636
252.88714
253.02687
253.1657
253.30382
253.44142
253.57875
253.71654
253.85579
254.00109
254.15446
254.34088
254.53817
254.84517
254.9994
255.14021
255.18665
255.86163
227.87343
227.66821
227.5929
227.71167
227.98739
228.36763
228.82835
229.33465
229.8729
230.4274
230.99125
231.55804
232.12462
232.68849
233.24842
233.80361
234.35372
234.89858
235.43829
235.97302
236.50307
237.02871
237.55036
238.06833
238.58309
239.095
239.60451
240.11203
240.61801
241.12287
241.62708
242.13105
242.63523
243.14001
243.64586
244.15318
244.66267
245.17479
245.69188
246.21411
246.75363
247.30369
247.92803
248.53858
249.40207
249.85077
250.1689
250.27219
250.7421
209.03525
208.81065
208.88397
209.17571
209.72792
210.40516
211.19401
212.03102
212.90412
213.79054
214.68389
215.57664
216.4661
217.34985
218.22699
219.09693
219.95964
220.81528
221.66418
222.50676
223.34348
224.17492
225.00161
225.82418
226.64312
227.45916
228.27284
229.08484
229.89572
230.70616
231.51675
232.32815
233.14097
233.95583
234.77341
235.5943
236.41956
237.24958
238.08765
238.93276
239.80116
240.67833
241.65461
242.59179
243.89904
244.54792
245.0018
245.11337
245.33595
189.68885
188.99101
188.84565
189.2865
190.14316
191.17087
192.33826
193.54741
194.78939
196.0352
197.28155
198.52068
199.75143
200.972
202.18234
203.38245
204.57279
205.75383
206.92629
208.09084
209.24831
210.39946
211.54511
212.686
213.82299
214.95684
216.08849
217.21862
218.34817
219.47787
220.60863
221.74122
222.87651
224.01527
225.15838
226.30649
227.46062
228.62068
229.78857
230.95948
232.14147
233.30457
234.50994
235.62529
237.04249
238.35998
239.00895
239.19977
239.26026
178.7644
178.6197
178.79134
179.40155
180.52239
181.70121
183.02934
184.36223
185.72178
187.0731
188.41989
189.7543
191.07707
192.38685
193.68423
194.9695
196.24345
197.50682
198.76047
200.00527
201.2421
202.47188
203.69547
204.9138
206.12772
207.33817
208.54599
209.75213
210.95744
212.16286
213.36926
214.5776
215.78876
217.00365
218.22317
219.44806
220.67932
221.917
223.16265
224.41292
225.67343
226.92518
228.20117
229.43081
230.74398
231.93625
232.42316
232.41739
232.07723
170.13379
170.03769
170.18136
170.84755
172.17738
173.44866
174.86989
176.24256
177.62871
178.98684
180.33209
181.65702
182.96572
184.25762
185.53446
186.79704
188.04657
189.28407
190.51059
191.72718
192.93484
194.13452
195.3272
196.51381
197.69528
198.87255
200.04652
201.21816
202.38837
203.55811
204.72831
205.89995
207.07398
208.25137
209.43311
210.62003
211.8132
213.01277
214.22049
215.43341
216.65839
217.87696
219.12727
220.31958
221.59926
222.62809
222.9897
222.89104
222.6025
163.68702
163.65198
163.84791
164.44608
166.3695
167.69446
169.17368
170.49302
171.80387
173.06303
174.29938
175.50813
176.6962
177.86425
179.0149
180.14944
181.26943
182.37616
183.47082
184.55453
185.62832
186.6932
187.75011
188.80007
189.84394
190.88275
191.91715
192.94835
193.97704
195.00433
196.031
197.05814
198.08668
199.11762
200.15196
201.19056
202.23436
203.28372
204.3399
205.40282
206.47866
207.56563
208.67927
209.775
210.8062
211.53484
211.43995
210.64847
209.6699
158.21171
158.1645
158.29462
158.63365
160.35122
161.4921
162.73643
163.77067
164.75796
165.66603
166.5334
167.36115
168.16023
168.93378
169.68601
170.41921
171.13555
171.83663
172.52384
173.19838
173.86135
174.51367
175.15628
175.79005
176.41577
177.0343
177.6463
178.25276
178.85434
179.45198
180.04647
180.63875
181.22976
181.82047
182.41193
183.00517
183.60137
184.20135
184.80682
185.4176
186.03732
186.65915
187.28852
187.88062
188.42444
188.7629
188.81918
188.52452
190.7366
153.64024
153.62619
153.76582
154.06714
155.32902
156.17279
157.06438
157.7646
158.40106
158.95257
159.45462
159.91156
160.33523
160.7301
161.10106
161.45093
161.78221
162.09672
162.39595
162.68113
162.95325
163.21324
163.46189
163.70006
163.92839
164.14767
164.35831
164.56135
164.75714
164.94673
165.13064
165.3099
165.48532
165.65792
165.82877
165.99903
166.17004
166.34311
166.51995
166.7018
166.89111
167.08564
167.28325
167.46055
167.58176
167.58079
167.34959
166.99522
169.60144
149.63289
149.5892
149.62499
149.73546
150.44619
150.8744
151.30747
151.5823
151.7858
151.90644
151.97308
151.99218
151.97505
151.92699
151.85311
151.75661
151.64011
151.50545
151.35413
151.18731
151.006
150.81096
150.60293
150.38248
150.15017
149.90657
149.65216
149.38754
149.11319
148.8298
148.53799
148.2385
147.93216
147.61993
147.30294
146.98248
146.66014
146.3376
146.01731
145.70103
145.39227
145.09051
144.79968
144.50745
144.21933
143.90033
143.60193
143.30028
146.92867
146.13001
146.04526
145.94116
145.85528
145.98566
145.96285
145.90379
145.73207
145.49047
145.17688
144.81052
144.39846
143.95008
143.47063
142.96482
142.43571
141.88577
141.31683
140.73023
140.12703
139.508
138.87384
138.22502
137.5621
136.88541
136.19543
135.49229
134.77666
134.04868
133.30905
132.55805
131.79652
131.02512
130.24481
129.45671
128.66222
127.86311
127.06154
126.26025
125.46247
124.67264
123.89454
123.13447
122.39605
121.68796
121.02502
120.42436
119.9863
123.90252
143.00669
142.82955
142.49872
142.06892
141.56945
141.05422
140.47161
139.81997
139.10126
138.32312
137.49584
136.62703
135.72368
134.79061
133.8317
132.84971
131.84673
130.82422
129.78333
128.72487
127.64946
126.55757
125.44952
124.32553
123.18584
122.03063
120.86011
119.67441
118.47383
117.25859
116.02911
114.78582
113.52938
112.26059
110.98056
109.6907
108.39294
107.08967
105.78447
104.48119
103.18674
101.90716
100.65876
99.449246
98.330356
97.300363
96.549366
95.961683
100.74853
140.31477
140.06406
139.50942
138.80482
137.73077
136.76797
135.71474
134.62961
133.48233
132.28747
131.04845
129.77269
128.46509
127.12975
125.76969
124.38709
122.9836
121.56045
120.11845
118.65821
117.18002
115.68422
114.17084
112.64007
111.0919
109.52636
107.94336
106.34304
104.72537
103.09054
101.43864
99.770132
98.085478
96.38542
94.670985
92.943598
91.205248
89.458578
87.7073
85.956312
84.213064
82.486427
80.792547
79.149469
77.595119
76.175246
74.952209
74.09537
78.663912
138.00591
137.592
136.70532
135.17013
133.58115
132.21254
130.71134
129.18012
127.57788
125.93436
124.2512
122.53708
120.79505
119.02836
117.2389
115.42823
113.59737
111.74697
109.8775
107.98917
106.08213
104.15636
102.21179
100.24815
98.265337
96.263017
94.241305
92.199632
90.138181
88.056591
85.955119
83.833717
81.692785
79.532844
77.354783
75.159869
72.950049
70.727836
68.497437
66.263534
64.035261
61.8209
59.646027
57.519256
55.543698
53.674222
52.468005
51.311867
58.244287
136.29771
135.88039
134.95456
133.40221
131.74599
130.12564
128.4188
126.67614
124.87566
123.03692
121.16167
119.25677
117.32495
115.36905
113.39075
111.39139
109.37182
107.3326
105.27405
103.19632
101.09937
98.983133
96.84738
94.691903
92.516417
90.32065
88.104322
85.867172
83.608994
81.329658
79.029115
76.707489
74.365085
72.002477
69.620607
67.220886
64.805435
62.377177
59.940487
57.501026
55.067958
52.651696
50.273673
47.951549
45.747865
43.681934
41.987803
40.605303
44.795245
135.02708
134.59476
133.6739
132.1515
130.33526
128.56853
126.6937
124.79812
122.8486
120.86591
118.84818
116.80191
114.72909
112.63247
110.51355
108.37358
106.2133
104.0332
101.83352
99.614334
97.375576
95.117084
92.838616
90.53987
88.220527
85.880259
83.518777
81.135732
78.730941
76.304212
73.85555
71.385058
68.893116
66.380398
63.848011
61.297625
58.731743
56.1538
53.569026
50.984021
48.409769
45.858134
43.355188
40.918808
38.626715
36.484938
34.785935
33.382761
36.563692
134.18635
133.77534
132.89136
131.40435
129.61683
127.73876
125.79123
123.81663
121.80265
119.75521
117.6732
115.56105
113.42141
111.25717
109.07014
106.86169
104.63262
102.38348
100.1145
97.825788
95.517217
93.188673
90.839856
88.470491
86.080231
83.668754
81.235738
78.78087
76.303941
73.804818
71.283513
68.740225
66.175424
63.589936
60.985081
58.362827
55.726079
53.078875
50.427116
47.778564
45.145134
42.541006
39.992315
37.522381
35.202997
33.054889
31.355174
29.973496
32.31134
133.35922
132.87282
131.97334
130.65503
129.03835
127.2757
125.39362
123.44603
121.43978
119.38997
117.30099
115.17897
113.02741
110.84954
108.64752
106.42299
104.177
101.91027
99.623183
97.315951
94.988565
92.640939
90.272876
87.884125
85.474402
83.043433
80.590933
78.116702
75.620583
73.102589
70.562882
68.001872
65.420323
62.819452
60.201117
57.568027
54.92409
52.274749
49.627769
46.993609
44.387509
41.829091
39.349016
36.983084
34.795959
32.849512
31.276715
30.180446
31.200542
132.92234
132.42931
131.55124
130.2915
128.74502
127.01631
125.15934
123.22022
121.21704
119.16491
117.0712
114.94243
112.78286
110.59597
108.38419
106.14932
103.89255
101.61469
99.316217
96.997385
94.658235
92.298719
89.91866
87.517841
85.095999
82.652886
80.18824
77.701905
75.193763
72.663893
70.112533
67.540212
64.94784
62.336842
59.709353
57.068464
54.418594
51.765909
49.11911
46.490033
43.89556
41.357911
38.910287
36.592973
34.473617
32.617071
31.164666
30.17666
31.002097
132.85152
132.41178
131.60746
130.44963
129.00308
127.35167
125.55585
123.66143
121.69444
119.67206
117.60458
115.49935
113.36152
111.19494
109.00242
106.78601
104.54713
102.28675
100.00548
97.703665
95.381427
93.038787
90.67561
88.291733
85.886926
83.460954
81.013605
78.544735
76.054267
73.542284
71.009069
68.455194
65.881608
63.289791
60.681942
58.061239
55.432191
52.801103
50.176781
47.571322
45.001491
42.490053
40.0688
37.779833
35.682879
33.851379
32.390514
31.403146
31.053718
599.57696
598.45771
596.93273
595
592.84162
590.51002
588.07117
585.55986
583.00535
580.42603
577.83544
575.24272
572.65436
570.07486
567.50741
564.95417
562.41664
559.89576
557.39209
554.90594
552.4374
549.98641
547.55285
545.13652
542.73718
540.35461
537.98861
535.63904
533.30584
530.98908
528.68902
526.40616
524.14139
521.89605
519.6722
517.47282
515.30226
513.16694
511.07584
509.04256
507.08543
505.23311
503.52069
502.00352
500.73305
499.77933
499.15209
498.80855
498.65167
600.89055
599.61037
597.87834
595.80177
593.52668
591.10804
588.60236
586.03991
583.44578
580.83532
578.21978
575.60661
573.00108
570.40681
567.82635
565.26143
562.71319
560.18232
557.66923
555.17405
552.69678
550.23727
547.79534
545.37074
542.96315
540.57232
538.198
535.83997
533.49811
531.17237
528.8629
526.57005
524.29445
522.03713
519.79973
517.58466
515.39542
513.23741
511.11802
509.04945
507.04722
505.14045
503.36057
501.77676
500.43776
499.4652
498.85816
498.54179
498.38551
604.78705
602.52385
600.48455
598.00233
595.4752
592.84822
590.18693
587.50169
584.81179
582.1246
579.44641
576.78033
574.12892
571.49377
568.87616
566.27684
563.69629
561.13469
558.59205
556.06821
553.56296
551.07596
548.6069
546.15537
543.72103
541.30343
538.90226
536.51712
534.14774
531.79387
529.45541
527.13231
524.82475
522.53309
520.25803
518.00075
515.76285
513.54719
511.35726
509.20032
507.08457
505.03323
503.07055
501.28415
499.7478
498.71746
498.25162
498.05945
497.88761
602.46388
600.76326
598.68562
596.26222
593.73805
591.12809
588.48776
585.82882
583.16808
580.51194
577.86623
575.2339
572.61735
570.01799
567.43683
564.87439
562.33098
559.80661
557.30124
554.81461
552.34649
549.8965
547.46432
545.04951
542.65172
540.27052
537.90553
535.55641
533.22282
530.90451
528.60132
526.31314
524.04009
521.7824
519.54063
517.31575
515.1091
512.92344
510.76153
508.63166
506.53844
504.51179
502.55098
500.78207
499.13539
498.13328
497.66765
497.4624
497.12041
598.22908
596.00825
593.9041
591.39557
588.88982
586.32645
583.7595
581.18721
578.62152
576.06502
573.52158
570.99301
568.48107
565.98672
563.51065
561.05316
558.61439
556.19425
553.79262
551.40924
549.04384
546.69608
544.36562
542.05207
539.75507
537.47424
535.20923
532.95971
530.72538
528.50599
526.30139
524.11148
521.9363
519.77604
517.63105
515.50197
513.38947
511.29491
509.21858
507.1635
505.12513
503.11688
501.10894
499.21815
497.31648
496.42286
496.15278
496.01111
495.71733
589.6159
587.6437
586.06484
583.74345
581.43085
579.02837
576.62354
574.21115
571.80608
569.41009
567.02748
564.6595
562.30782
559.97315
557.65605
555.35668
553.07513
550.8112
548.56502
546.33608
544.12425
541.9292
539.75066
537.58821
535.44178
533.31081
531.19511
529.09438
527.00839
524.93698
522.87999
520.83753
518.8097
516.79665
514.79886
512.81704
510.85183
508.90467
506.97473
505.06529
503.15996
501.27832
499.26695
497.3862
494.292
493.64689
493.68053
493.6606
493.57425
560.38883
559.28757
557.87018
556.22343
554.49308
552.70691
550.90544
549.09754
547.29362
545.49656
543.7093
541.93304
540.1689
538.41746
536.67918
534.95429
533.24297
531.54525
529.86123
528.19078
526.53401
524.89082
523.26116
521.64498
520.04217
518.45272
516.87661
515.31385
513.76453
512.2288
510.70698
509.19942
507.7067
506.2297
504.76953
503.32772
501.90598
500.50675
499.13118
497.78277
496.45213
495.15088
493.78951
492.53437
490.77512
490.65015
490.77329
490.80649
490.9046
535.70159
534.96141
534.0798
532.89822
531.65835
530.36105
529.05698
527.74966
526.44894
525.15532
523.87092
522.59551
521.32971
520.07359
518.8274
517.59128
516.36542
515.14986
513.94506
512.75076
511.56732
510.39478
509.23332
508.08301
506.94415
505.81672
504.70099
503.59713
502.50548
501.42644
500.36052
499.30854
498.27134
497.25012
496.24655
495.26276
494.30152
493.36651
492.46183
491.59371
490.76495
489.98936
489.24772
488.61625
487.94291
487.83793
487.89006
487.87798
487.99636
509.49373
508.9646
508.26981
507.49442
506.7015
505.90972
505.13273
504.36903
503.6186
502.87843
502.14716
501.42336
500.70648
499.99606
499.29202
498.59443
497.90344
497.21928
496.54224
495.87253
495.21054
494.55655
493.9109
493.27397
492.646
492.02742
491.41864
490.82007
490.23225
489.65583
489.09162
488.54049
488.00366
487.48277
486.9799
486.49774
486.04007
485.61171
485.22014
484.87406
484.59086
484.38418
484.30665
484.33794
484.68242
484.77619
484.88529
484.88022
484.94294
484.53687
484.10835
483.6707
483.22964
482.85936
482.53673
482.26252
482.01785
481.79561
481.58659
481.38704
481.19321
481.00377
480.81763
480.63451
480.45434
480.27735
480.10373
479.93416
479.76872
479.60804
479.45255
479.30279
479.15926
479.0226
478.89317
478.77166
478.65864
478.55483
478.46104
478.3782
478.30752
478.25034
478.20835
478.18395
478.18006
478.20109
478.25241
478.34396
478.48551
478.70604
479.01669
479.52865
480.13769
481.32399
481.59496
481.80914
481.81763
481.75571
459.15658
458.57159
458.1594
458.00167
458.04362
458.2174
458.47989
458.79132
459.13246
459.48823
459.85163
460.21781
460.58473
460.95111
461.31658
461.68117
462.04517
462.40904
462.77328
463.13847
463.50531
463.87444
464.24654
464.62239
465.00253
465.38777
465.77887
466.1766
466.58183
466.99549
467.41869
467.85254
468.29848
468.75835
469.23446
469.72964
470.24828
470.79538
471.38116
472.01343
472.72442
473.5161
474.53856
475.63071
477.55269
478.136
478.5364
478.58944
478.37193
435.64926
434.94191
434.70869
434.84716
435.32546
435.97675
436.751
437.5803
438.44297
439.31766
440.19724
441.07551
441.9506
442.82114
443.68697
444.54822
445.40537
446.25898
447.10991
447.95873
448.80634
449.65355
450.50119
451.35014
452.2013
453.05542
453.91348
454.77637
455.64506
456.52059
457.40407
458.29679
459.20011
460.11565
461.04554
461.99218
462.95949
463.95118
464.97648
466.03824
467.16893
468.35092
469.77245
471.19579
473.72303
474.53954
475.14503
475.1974
474.7246
409.32827
407.53369
407.11485
407.61615
408.70065
410.01847
411.4716
412.96467
414.47611
415.98555
417.48871
418.98197
420.4649
421.93722
423.39949
424.85238
426.29674
427.73359
429.16361
430.58811
432.00801
433.42433
434.83812
436.25048
437.66222
439.07459
440.48858
441.90526
443.32572
444.75106
446.18249
447.62109
449.06815
450.52511
451.99352
453.47516
454.97292
456.48924
458.02991
459.58993
461.1774
462.72918
464.34296
465.74283
468.12684
470.26689
471.24723
471.38187
470.61401
398.93144
398.48337
398.50335
399.24755
400.62747
402.09099
403.70154
405.32872
406.97853
408.62311
410.26196
411.88949
413.50578
415.11026
416.70359
418.2864
419.85963
421.42424
422.98125
424.5317
426.07665
427.61715
429.15429
430.68911
432.2227
433.75611
435.29042
436.8267
438.36606
439.90957
441.45839
443.01379
444.57692
446.14903
447.73151
449.32562
450.93335
452.55528
454.19616
455.84839
457.53358
459.18051
460.94844
462.41133
464.47647
466.4529
467.26417
467.17965
465.74724
391.55458
391.22685
391.19895
391.95807
393.74584
395.4551
397.24273
398.97465
400.69342
402.3856
404.06125
405.71974
407.36385
408.99435
410.61259
412.21955
413.81634
415.40397
416.9835
418.55606
420.12269
421.68443
423.24233
424.79745
426.35082
427.9035
429.45656
431.01104
432.56803
434.1286
435.69386
437.26495
438.84302
440.42926
442.02496
443.63127
445.24977
446.88143
448.52999
450.19557
451.89219
453.60694
455.39673
457.17011
459.05054
460.7467
461.26342
460.96743
458.94475
386.06362
385.86534
385.7135
386.33797
389.46311
391.25463
393.1356
394.81743
396.47568
398.09054
399.68636
401.26268
402.8242
404.37188
405.90735
407.43167
408.94597
410.45126
411.94863
413.43903
414.9235
416.40303
417.87864
419.35128
420.82204
422.29182
423.76166
425.23255
426.7055
428.18154
429.66167
431.14708
432.63884
434.13799
435.64576
437.16319
438.69161
440.23176
441.78671
443.35776
444.95918
446.59025
448.29939
450.01416
451.74913
453.07956
453.19332
451.68893
448.23116
381.11803
380.94593
380.80896
381.03497
383.5571
385.04787
386.54901
387.81522
389.02408
390.17327
391.29521
392.39481
393.47932
394.55108
395.61232
396.66432
397.70819
398.74483
399.77515
400.79985
401.81978
402.83565
403.84824
404.85826
405.86646
406.8736
407.88044
408.88775
409.8963
410.90689
411.92035
412.93759
413.95953
414.98715
416.02163
417.0641
418.11603
419.17884
420.25521
421.34691
422.45989
423.59114
424.74472
425.8733
426.92027
427.68993
427.92027
427.51069
429.36122
376.81313
376.74519
376.73277
376.97351
378.55982
379.56583
380.57203
381.41349
382.20595
382.94903
383.66785
384.36727
385.05371
385.72953
386.39679
387.05667
387.71015
388.35796
389.00075
389.63912
390.27363
390.90484
391.53326
392.1594
392.78386
393.4071
394.0297
394.6522
395.27517
395.89921
396.52493
397.15318
397.78471
398.42031
399.0611
399.70823
400.36322
401.02769
401.70416
402.3947
403.10322
403.82771
404.5658
405.28439
405.93067
406.39041
406.48095
406.23922
408.6248
372.82809
372.78465
372.74297
372.80187
373.40258
373.81193
374.22732
374.57061
374.88511
375.17043
375.43869
375.69351
375.93888
376.17673
376.40854
376.63524
376.85751
377.07586
377.29077
377.50251
377.71144
377.91784
378.12202
378.32426
378.5248
378.72397
378.92208
379.11942
379.31635
379.51323
379.71049
379.90865
380.1083
380.31018
380.51524
380.72466
380.93993
381.16302
381.39652
381.64345
381.90736
382.19
382.49096
382.79848
383.09155
383.32584
383.4662
383.48106
386.90849
369.05885
369.02205
368.8807
368.75155
368.39656
368.20558
368.02868
367.87898
367.72571
367.56819
367.40365
367.23345
367.0584
366.87953
366.69744
366.51265
366.32547
366.13616
365.94479
365.75152
365.55642
365.35955
365.16096
364.96066
364.75877
364.55525
364.35021
364.14369
363.9358
363.72671
363.51653
363.3057
363.09455
362.88355
362.67353
362.46555
362.26107
362.06231
361.87211
361.69492
361.53561
361.40224
361.30052
361.24258
361.22703
361.26865
361.33529
361.43778
365.19402
365.31084
365.23842
364.89965
364.42778
363.15058
362.40088
361.66469
361.02775
360.39857
359.78159
359.16461
358.54874
357.93256
357.3164
356.70008
356.08366
355.46705
354.85016
354.23286
353.61494
352.99624
352.37654
351.75563
351.13332
350.50932
349.88346
349.25554
348.62535
347.99275
347.35764
346.7199
346.07952
345.43656
344.79138
344.14444
343.49655
342.84891
342.20375
341.56388
340.93507
340.32362
339.74467
339.21279
338.76715
338.44232
338.3167
338.46312
338.82027
343.44801
361.54198
361.47552
360.91763
360.1786
358.08967
356.90389
355.69432
354.63915
353.58789
352.55934
351.53416
350.51518
349.49943
348.48701
347.47712
346.46948
345.46365
344.45933
343.45588
342.45307
341.4504
340.44745
339.44373
338.4388
337.4322
336.42344
335.4121
334.39772
333.37989
332.35827
331.33244
330.3022
329.2673
328.22769
327.18355
326.13536
325.08388
324.03128
322.97968
321.93613
320.90587
319.91173
318.96674
318.14344
317.47444
317.14471
317.2028
317.73297
322.42036
357.44932
357.29251
356.3339
354.18411
351.90753
350.61059
349.11126
347.65186
346.13597
344.62479
343.11504
341.6151
340.12267
338.63743
337.158
335.68365
334.21353
332.74698
331.28312
329.82134
328.36084
326.90088
325.4407
323.97959
322.51667
321.05131
319.5827
318.11013
316.63284
315.15014
313.66135
312.1657
310.66255
309.15149
307.63196
306.10386
304.56681
303.02207
301.46944
299.9152
298.35919
296.8285
295.32547
293.9635
292.77313
292.16364
292.46728
294.02437
302.31534
353.06922
353.14191
352.36477
350.397
348.39878
346.98088
345.283
343.70179
342.07673
340.47358
338.87181
337.27959
335.69382
334.11504
332.54222
330.97483
329.41208
327.85325
326.29747
324.74393
323.19184
321.6404
320.08879
318.5362
316.98181
315.42482
313.86439
312.29973
310.73003
309.15452
307.57238
305.98292
304.38537
302.77917
301.16364
299.53872
297.90367
296.26035
294.60702
292.953
291.2903
289.65967
288.02187
286.5521
285.09496
284.28557
284.2176
284.58832
289.53021
346.73901
346.9901
346.56289
344.69708
342.87952
341.19378
339.49686
337.86563
336.23175
334.61744
333.01024
331.41374
329.82531
328.24474
326.6708
325.10269
323.53945
321.98023
320.42413
318.87034
317.31799
315.76626
314.21431
312.66132
311.10646
309.54892
307.98786
306.42249
304.85197
303.2755
301.69231
300.10159
298.50244
296.89422
295.27599
293.6473
292.00657
290.35438
288.68612
287.00736
285.29993
283.59704
281.82355
280.17771
278.37241
277.53884
277.56116
277.80464
281.05779
337.45869
338.93891
338.89592
337.47088
335.72586
334.05307
332.4042
330.84186
329.30333
327.78777
326.28018
324.7808
323.28787
321.80154
320.32112
318.84594
317.37517
315.90803
314.44368
312.98131
311.52008
310.05921
308.59791
307.13545
305.67102
304.20389
302.73318
301.25826
299.77825
298.29248
296.80011
295.30045
293.7927
292.27617
290.75
289.21363
287.6656
286.10592
284.52955
282.93951
281.30795
279.66127
277.80633
276.04544
272.91242
272.23727
272.33474
272.52995
274.76351
313.43968
313.83639
313.62373
312.82185
311.79022
310.69584
309.59068
308.51117
307.44693
306.39927
305.36156
304.33244
303.30964
302.29217
301.27891
300.26905
299.26174
298.25624
297.25189
296.24804
295.24413
294.23951
293.23368
292.22615
291.21643
290.204
289.18828
288.16886
287.1452
286.11685
285.08328
284.04402
282.99851
281.94623
280.8864
279.8183
278.74012
277.65053
276.5426
275.41362
274.22994
272.99954
271.5329
270.09671
267.5714
267.43923
267.59768
267.76848
269.46664
292.2707
292.50857
292.42991
291.96126
291.32595
290.63261
289.93043
289.24678
288.57911
287.92693
287.28482
286.65049
286.02153
285.39646
284.77402
284.15323
283.53332
282.91373
282.29391
281.67341
281.05176
280.42856
279.80352
279.17642
278.54683
277.91464
277.27937
276.64094
275.9989
275.35315
274.7033
274.04916
273.39038
272.72661
272.05732
271.38193
270.69901
270.00716
269.30108
268.57783
267.81402
267.01295
266.06304
265.12536
263.64631
263.4513
263.47925
263.54443
264.78502
269.60466
269.59092
269.45997
269.23018
268.95266
268.66841
268.39804
268.14934
267.9198
267.70557
267.50185
267.30501
267.11221
266.92147
266.73139
266.54103
266.34968
266.1568
265.96207
265.76521
265.56607
265.36442
265.16027
264.95349
264.74413
264.53207
264.3173
264.0998
263.87952
263.65649
263.4307
263.20209
262.97059
262.73611
262.4984
262.25717
262.01162
261.76105
261.50275
261.23546
260.94987
260.64993
260.30072
259.97271
259.51451
259.49333
259.55256
259.59141
260.45564
247.62165
247.52291
247.4683
247.43682
247.46878
247.5495
247.67896
247.84324
248.03381
248.24102
248.45847
248.68121
248.90609
249.13084
249.35404
249.57471
249.79232
250.00661
250.21744
250.42477
250.6286
250.82903
251.02622
251.22042
251.41168
251.60036
251.78651
251.97052
252.15243
252.33262
252.51119
252.68844
252.86453
253.03963
253.21385
253.38731
253.56009
253.7323
253.90459
254.07814
254.2587
254.45139
254.69449
254.96787
255.46706
255.62663
255.77885
255.80844
256.30981
225.03538
224.68389
224.55971
224.69866
225.03931
225.50744
226.06585
226.67473
227.31614
227.9738
228.6399
229.30817
229.97538
230.63925
231.29864
231.9529
232.60178
233.24519
233.88331
234.51636
235.14471
235.7687
236.38876
237.00526
237.61875
238.22956
238.83826
239.44523
240.05099
240.65598
241.26073
241.86567
242.47125
243.07791
243.68611
244.29629
244.90916
245.52547
246.14774
246.77778
247.43029
248.1073
248.90098
249.7249
251.10008
251.59977
251.94036
252.00231
252.1676
203.95541
203.42853
203.39965
203.74307
204.42979
205.28173
206.25694
207.28534
208.34766
209.42165
210.4998
211.5755
212.64622
213.71002
214.76623
215.81448
216.85493
217.8879
218.91384
219.9333
220.94681
221.95504
222.95862
223.95829
224.95454
225.94824
226.94002
227.93062
228.92067
229.91092
230.90203
231.89475
232.88974
233.8877
234.88935
235.8954
236.90698
237.92484
238.95233
239.99027
241.05664
242.1462
243.38694
244.64342
246.74565
247.52086
248.0641
248.11893
247.87977
180.20967
178.65561
178.44322
179.0625
180.25082
181.63736
183.16711
184.73308
186.322
187.90824
189.48892
191.05846
192.6164
194.16191
195.69541
197.21735
198.72849
200.22957
201.72149
203.20515
204.68153
206.15155
207.6162
209.07638
210.53308
211.98723
213.43989
214.89191
216.34434
217.7981
219.25419
220.71356
222.17718
223.64599
225.12098
226.60303
228.09328
229.59211
231.10113
232.61593
234.14037
235.63663
237.16614
238.53541
240.64001
242.80852
243.70402
243.83274
243.16716
170.81708
170.4285
170.54945
171.35066
172.83673
174.37807
176.06634
177.75353
179.45627
181.14602
182.82584
184.49051
186.14108
187.77712
189.39956
191.00905
192.60658
194.19312
195.76969
197.33732
198.89704
200.44988
201.99688
203.53907
205.07747
206.61314
208.14707
209.68032
211.21389
212.74881
214.2861
215.82688
217.37214
218.9229
220.48018
222.04491
223.61818
225.20042
226.79295
228.3929
230.00346
231.60296
233.22891
234.80817
236.65968
238.56981
239.27124
239.10715
237.63574
164.23867
163.99719
164.03094
164.93313
166.80636
168.48096
170.29176
172.02327
173.75606
175.45407
177.13519
178.79414
180.43555
182.05952
183.66798
185.26195
186.84277
188.41156
189.96949
191.51774
193.05743
194.58962
196.11538
197.63579
199.15189
200.66476
202.17541
203.68493
205.19435
206.70475
208.21717
209.73269
211.25239
212.77734
214.30865
215.84732
217.39452
218.95082
220.51805
222.09457
223.68785
225.28136
226.93148
228.53019
230.4329
231.99858
232.42982
232.0452
229.9046
159.23198
159.02879
158.98342
159.67149
162.89584
164.723
166.64185
168.33304
169.99357
171.59782
173.17552
174.72566
176.25478
177.76423
179.2565
180.73298
182.19528
183.64471
185.08253
186.50991
187.92799
189.33785
190.74055
192.13722
193.52884
194.91652
196.30109
197.68382
199.06554
200.44744
201.83044
203.2157
204.60426
205.99719
207.39556
208.80031
210.21226
211.63167
213.05945
214.49676
215.95382
217.44218
219.00273
220.60707
222.2368
223.43641
223.33895
221.55353
217.76644
154.80782
154.62541
154.51946
154.727
157.64505
159.27469
160.89992
162.20467
163.41722
164.53277
165.59743
166.61915
167.61013
168.57502
169.51827
170.44253
171.35007
172.24253
173.12137
173.98781
174.84303
175.68794
176.52358
177.35086
178.17064
178.98383
179.79112
180.5936
181.39196
182.18718
182.98013
183.77177
184.56307
185.35503
186.14873
186.94519
187.74559
188.55087
189.36287
190.18265
191.01547
191.85941
192.72418
193.56368
194.35723
194.8552
194.84229
194.21156
196.39104
151.00277
150.91517
150.94129
151.23152
153.29186
154.51379
155.68506
156.57859
157.36374
158.04527
158.66594
159.23719
159.77263
160.27841
160.75986
161.22018
161.66198
162.08718
162.4973
162.89358
163.27702
163.64854
164.00897
164.35924
164.69998
165.03203
165.35572
165.67224
165.98185
166.28571
166.58426
166.8786
167.16952
167.45801
167.74509
168.0319
168.31972
168.60987
168.90403
169.20416
169.51353
169.83219
170.15929
170.46846
170.71195
170.77724
170.50375
169.97453
172.78187
147.59749
147.52338
147.51901
147.65722
148.86267
149.53782
150.14573
150.53434
150.81635
150.9996
151.11892
151.18671
151.21597
151.21352
151.18491
151.13372
151.06267
150.97359
150.86801
150.74708
150.61181
150.46293
150.3012
150.12713
149.9413
149.74428
149.53651
149.31862
149.09106
148.85448
148.60952
148.35684
148.09723
147.83156
147.56087
147.28633
147.00938
146.7316
146.45527
146.18224
145.91574
145.65567
145.40383
145.14565
144.87532
144.54645
144.18777
143.80241
147.8552
144.54575
144.45756
144.34647
144.30668
144.64927
144.73217
144.73835
144.59924
144.36845
144.05518
143.68252
143.26146
142.80275
142.31268
141.79629
141.25683
140.69678
140.11798
139.52171
138.90899
138.28051
137.63693
136.97867
136.30627
135.62003
134.92039
134.20736
133.4817
132.74338
131.99312
131.23109
130.45806
129.67459
128.88148
128.07968
127.27036
126.45502
125.63551
124.81406
123.99358
123.17774
122.36973
121.57419
120.79289
120.03194
119.30225
118.63515
118.12596
122.6295
141.75668
141.59813
141.25647
140.8437
140.25857
139.71325
139.08478
138.38045
137.59949
136.75451
135.85791
134.91928
133.94631
132.94425
131.91703
130.86738
129.79726
128.70802
127.60065
126.47586
125.33417
124.17596
123.00146
121.8108
120.60414
119.38158
118.14328
116.88925
115.61977
114.33487
113.03492
111.72014
110.39103
109.04816
107.69235
106.32462
104.94642
103.55955
102.16678
100.77106
99.3776
97.991287
96.624765
95.285533
94.018976
92.832684
91.933708
91.215629
96.914221
139.29585
139.07566
138.45308
137.70756
136.22958
135.10193
133.89251
132.66545
131.3753
130.03787
128.65773
127.24278
125.79808
124.3275
122.83374
121.31862
119.7835
118.22936
116.65678
115.06616
113.45758
111.83125
110.18702
108.52501
106.84507
105.14712
103.4309
101.69648
99.943641
98.172433
96.38271
94.574751
92.748732
90.905039
89.044248
87.167226
85.275228
83.369977
81.45386
79.530316
77.604518
75.682924
73.777825
71.904549
70.098332
68.407614
66.925439
65.834428
71.518377
137.17652
136.78153
135.65903
133.31479
131.10551
129.54323
127.77344
125.96744
124.08368
122.16248
120.20843
118.22953
116.22791
114.20556
112.16342
110.10224
108.0224
105.92404
103.80719
101.67171
99.517457
97.344132
95.151422
92.938858
90.706117
88.452682
86.178431
83.882609
81.565128
79.225397
76.863331
74.478524
72.070926
69.640504
67.187446
64.712135
62.215347
59.69816
57.162702
54.611203
52.048776
49.47972
46.920488
44.374758
41.925969
39.528008
37.829623
36.074904
46.742911
135.69069
135.33208
134.21334
132.006
129.8835
127.99966
126.03293
124.04002
121.99175
119.91165
117.80254
115.67017
113.5162
111.3422
109.14889
106.93678
104.70609
102.45688
100.18902
97.902327
95.596454
93.271068
90.925728
88.560015
86.173449
83.765565
81.335878
78.883919
76.409243
73.911447
71.390163
68.845126
66.27616
63.683233
61.06651
58.426411
55.763743
53.079754
50.376504
47.656755
44.925371
42.187796
39.456866
36.742263
34.090191
31.508669
29.257488
27.214378
32.604979
134.70353
134.36223
133.36501
131.40124
129.06065
127.00979
124.86824
122.74195
120.57701
118.39079
116.17877
113.94496
111.69003
109.41539
107.1216
104.80909
102.47799
100.12825
97.759717
95.37212
92.965104
90.53827
88.091159
85.623283
83.134136
80.623217
78.090032
75.534043
72.954823
70.351919
67.725005
65.073787
62.398136
59.698083
56.973897
54.226164
51.455944
48.664816
45.855435
43.031163
40.198181
37.362813
34.541521
31.743508
29.027735
26.389589
24.137466
22.081877
25.826262
134.14231
133.85289
132.934
131.0695
128.83253
126.61082
124.39508
122.2088
120.01258
117.79739
115.55603
113.29021
111.00162
108.69225
106.36314
104.01494
101.64786
99.261922
96.856977
94.432808
91.98902
89.525269
87.04106
84.535937
82.009382
79.460911
76.890013
74.296188
71.678999
69.03805
66.373028
63.683727
60.970099
58.232306
55.470799
52.686415
49.880551
47.055287
44.213852
41.360605
38.502584
35.648204
32.814338
30.015337
27.306857
24.697062
22.503103
20.513707
23.290749
133.2917
132.81484
131.85165
130.35342
128.51084
126.55129
124.49948
122.40734
120.27431
118.10874
115.91153
113.68631
111.43538
109.161
106.8647
104.54756
102.2102
99.852986
97.476039
95.079337
92.662665
90.225792
87.768374
85.290039
82.790382
80.269016
77.725512
75.159551
72.570795
69.959086
67.32434
64.666679
61.986492
59.284516
56.561982
53.820789
51.063773
48.295014
45.520445
42.748283
39.990715
37.264045
34.594235
32.013789
29.583236
27.36786
25.524712
24.175169
24.899133
132.86194
132.36051
131.42771
130.04611
128.34704
126.47155
124.4837
122.43024
120.32603
118.18192
116.00267
113.7928
111.55546
109.29327
107.00808
104.70121
102.3735
100.02546
97.657326
95.269184
92.860892
90.43229
87.983073
85.512928
83.021492
80.508424
77.973337
75.415979
72.836084
70.233585
67.608513
64.961155
62.292109
59.602391
56.893611
54.168181
51.429633
48.683019
45.935576
43.19741
40.483168
37.812858
35.216907
32.734707
30.433921
28.386234
26.761929
25.622742
26.368174
132.7881
132.33516
131.48441
130.23503
128.66844
126.89284
124.98106
122.98272
120.92296
118.81634
116.67085
114.49204
112.28388
110.04937
107.79075
105.50959
103.20695
100.88357
98.539816
96.175871
93.791665
91.387152
88.962034
86.516097
84.049012
81.560458
79.050087
76.517693
73.963065
71.386155
68.787032
66.166091
63.523991
60.861848
58.181396
55.485209
52.777019
50.062147
47.34811
44.645514
41.969272
39.340188
36.788115
34.354308
32.099696
30.104539
28.492172
27.393437
27.062428
603.99698
602.73621
601.00193
598.88825
596.55152
594.06561
591.48703
588.85181
586.1853
583.50409
580.81927
578.13838
575.46644
572.80692
570.16222
567.5339
564.92302
562.33018
559.75566
557.19956
554.66183
552.14226
549.64062
547.15661
544.68986
542.24008
539.80697
537.39025
534.98975
532.60535
530.23714
527.88535
525.55059
523.2338
520.93655
518.66123
516.41146
514.19278
512.01346
509.88606
507.82932
505.87181
504.05448
502.43676
501.08967
500.08923
499.45408
499.11779
498.93168
607.60178
605.9372
603.82837
601.43383
598.88369
596.23278
593.52313
590.78172
588.0273
585.27154
582.52179
579.78287
577.05793
574.34909
571.6578
568.985
566.33122
563.69672
561.08154
558.48553
555.90846
553.35001
550.80984
548.28757
545.78271
543.29491
540.82377
538.36891
535.93001
533.50682
531.09922
528.70719
526.33096
523.971
521.62822
519.30412
517.00107
514.72288
512.47539
510.26814
508.11594
506.04446
504.09363
502.33458
500.86335
499.81993
499.24086
498.97069
498.75752
618.73021
614.50385
611.35021
608.25343
605.2043
602.15612
599.12283
596.11452
593.13671
590.18959
587.27132
584.37972
581.51333
578.67124
575.85293
573.05791
570.28566
567.53563
564.80721
562.09978
559.41276
556.74551
554.09744
551.46792
548.85635
546.26209
543.68455
541.12308
538.5771
536.04596
533.5291
531.0259
528.53575
526.05809
523.59235
521.13804
518.6946
516.2618
513.8395
511.4287
509.03229
506.66108
504.34173
502.15676
500.27312
499.07152
498.84603
498.88078
498.46743
617.61836
614.9758
611.84305
608.77462
605.70004
602.63882
599.59922
596.5852
593.59919
590.64119
587.71038
584.80578
581.92671
579.07253
576.24265
573.43647
570.65336
567.89267
565.15376
562.436
559.73876
557.06139
554.40329
551.7638
549.14228
546.53813
543.95067
541.37932
538.82341
536.2823
533.75538
531.24196
528.74147
526.25322
523.77664
521.31119
518.85645
516.41252
513.98001
511.5623
509.16503
506.80735
504.51711
502.38295
500.49598
499.30686
499.05845
499.01899
498.04492
619.55846
615.47793
612.12855
608.83963
605.68065
602.58133
599.52845
596.51197
593.52749
590.57174
587.64287
584.73995
581.86249
579.00998
576.18183
573.37741
570.59604
567.83708
565.09988
562.3838
559.68824
557.01255
554.3561
551.71826
549.09838
546.49585
543.91002
541.34028
538.78597
536.24646
533.72112
531.20928
528.7103
526.22348
523.74812
521.28342
518.82842
516.38183
513.94156
511.50397
509.06147
506.59978
504.08743
501.49305
498.71672
497.67022
497.87814
497.90229
496.86127
616.47832
612.49684
609.39122
606.21274
603.14016
600.11347
597.12785
594.17473
591.25069
588.35322
585.48147
582.63477
579.81288
577.01533
574.24158
571.49102
568.76302
566.05692
563.37226
560.70828
558.06445
555.44016
552.83479
550.24771
547.67844
545.12624
542.59055
540.07078
537.56632
535.07656
532.6009
530.13878
527.6896
525.25268
522.82744
520.41318
518.00907
515.61396
513.22575
510.84062
508.44811
506.02699
503.47301
500.70504
494.37979
493.93033
495.07629
495.31914
494.70695
571.31451
569.91691
568.15448
566.16067
564.10835
562.03907
559.97628
557.92655
555.89312
553.87634
551.87633
549.89292
547.92606
545.97559
544.04133
542.12308
540.22063
538.33372
536.4622
534.60573
532.76427
530.9376
529.12552
527.32783
525.54426
523.77472
522.01898
520.27693
518.54845
516.83348
515.13213
513.44441
511.77056
510.11103
508.46645
506.83766
505.22576
503.63195
502.05679
500.49947
498.95096
497.39244
495.72361
493.89625
490.54187
491.04465
491.93015
492.1384
491.95898
540.67106
539.81197
538.6943
537.35005
535.94226
534.51191
533.08665
531.67301
530.27379
528.88837
527.51651
526.15707
524.80971
523.47406
522.14993
520.8372
519.53578
518.24558
516.96698
515.69954
514.44351
513.19893
511.96587
510.74437
509.53468
508.33668
507.15054
505.97637
504.81438
503.66487
502.52825
501.40516
500.29628
499.20252
498.12534
497.06659
496.02878
495.01517
494.0298
493.07755
492.16242
491.28827
490.44409
489.64705
488.77133
488.86065
489.17354
489.20443
489.09433
511.51527
510.93621
510.17419
509.32275
508.46147
507.61635
506.79598
505.99806
505.21874
504.45384
503.70036
502.95629
502.22047
501.49214
500.77093
500.05676
499.34965
498.64976
497.9573
497.27241
496.59544
495.92665
495.26637
494.61497
493.97261
493.33972
492.71666
492.10378
491.50154
490.91056
490.33158
489.76535
489.21294
488.67593
488.15629
487.65664
487.18069
486.73362
486.32309
485.96025
485.66376
485.46145
485.41533
485.57866
486.40022
486.49563
486.59231
486.54348
486.26359
483.94306
483.42252
482.88195
482.40803
482.02966
481.72967
481.48943
481.28856
481.11344
480.95407
480.80499
480.66218
480.52383
480.38883
480.25675
480.12751
480.00125
479.87818
479.75905
479.64384
479.53316
479.42752
479.32744
479.23345
479.14623
479.06607
478.99367
478.92957
478.87445
478.82914
478.79448
478.77168
478.76199
478.76703
478.78916
478.83145
478.89829
478.99598
479.1346
479.3293
479.6094
480.01984
480.68015
481.66795
483.85573
484.03795
484.11908
484.04272
483.46607
456.16073
455.37565
454.90522
454.76879
454.8863
455.16778
455.54922
455.98622
456.45332
456.93515
457.42338
457.91346
458.4032
458.89148
459.37796
459.86276
460.34623
460.82889
461.31128
461.79401
462.27782
462.76342
463.25155
463.74303
464.2384
464.73849
465.24411
465.75602
466.27507
466.80224
467.33859
467.88519
468.44342
469.01513
469.60261
470.20886
470.83829
471.49719
472.1957
472.94853
473.78609
474.75489
476.01213
477.66147
481.14344
481.50811
481.71948
481.63148
480.65591
428.27317
426.81898
426.37325
426.6198
427.31513
428.25031
429.31418
430.43698
431.58588
432.74246
433.89861
435.04975
436.19432
437.3317
438.46199
439.58565
440.70337
441.81589
442.92423
444.02904
445.13133
446.23204
447.3321
448.43251
449.53423
450.63808
451.74508
452.8562
453.97245
455.0949
456.22466
457.36301
458.51123
459.67091
460.84405
462.03322
463.24218
464.47605
465.74286
467.05147
468.42207
469.87601
471.578
473.61612
478.2872
478.91006
479.47301
479.35093
477.81038
390.98339
386.79003
386.94589
388.03465
389.81492
391.85969
394.00248
396.16202
398.31335
400.44734
402.56223
404.65834
406.73668
408.79845
410.84495
412.8775
414.89741
416.90603
418.90449
420.89423
422.87647
424.85245
426.82344
428.79072
430.75539
432.71877
434.68207
436.64647
438.61318
440.58341
442.55838
444.53924
446.52715
448.52332
450.52892
452.54553
454.57585
456.62453
458.69803
460.79708
462.90502
464.93348
466.81294
468.11512
471.9967
475.99725
477.48175
477.31613
474.87053
385.05845
384.24143
384.51221
385.72227
387.57467
389.62598
391.79178
393.98905
396.19248
398.3851
400.5624
402.72205
404.86425
406.98966
409.09942
411.19475
413.27695
415.34734
417.40723
419.45791
421.50069
423.53684
425.56763
427.59433
429.61818
431.64043
433.6623
435.68501
437.70978
439.73783
441.77034
443.80853
445.85357
447.90661
449.96877
452.04122
454.1252
456.22201
458.33413
460.45836
462.60346
464.69151
466.88486
468.33082
471.28727
474.86224
476.22013
475.85182
471.67943
383.49274
383.01038
382.85374
383.9772
386.69557
389.18548
391.56101
393.85567
396.10147
398.31291
400.49793
402.66065
404.80374
406.92914
409.03844
411.13314
413.21464
415.2843
417.34343
419.39336
421.43537
423.47075
425.50078
427.5267
429.54978
431.57124
433.59233
435.61425
437.63824
439.66549
441.6972
443.73458
445.77885
447.83121
449.89284
451.96482
454.04806
456.14353
458.25385
460.38436
462.55157
464.76763
467.1171
469.55012
472.30698
475.04921
475.85627
474.95265
467.19402
380.74705
380.26067
379.20889
379.78852
386.15196
388.83174
391.2633
393.52507
395.72543
397.88665
400.02054
402.13186
404.22367
406.29796
408.35639
410.40043
412.43149
414.45087
416.45993
418.45991
420.45211
422.43777
424.41814
426.39444
428.36794
430.33981
432.31128
434.28353
436.25778
438.2352
440.21694
442.20425
444.19833
446.20031
448.2114
450.23262
452.26472
454.30821
456.3647
458.43966
460.55107
462.73472
465.07718
467.61266
470.3968
472.72436
473.47309
469.56417
457.90725
377.51619
377.1295
376.28005
375.98875
381.05836
383.38799
385.29273
386.88569
388.35993
389.76635
391.13545
392.47922
393.80462
395.11521
396.41334
397.7006
398.97827
400.24741
401.50908
402.7641
404.01343
405.25793
406.49844
407.73581
408.97087
410.20449
411.43753
412.67084
413.90525
415.1416
416.38079
417.6238
418.87153
420.12498
421.38533
422.6538
423.93176
425.22095
426.52426
427.84637
429.19614
430.58331
432.01932
433.47412
434.86112
435.86822
435.96761
434.8616
435.83646
374.53758
374.37205
374.0658
374.153
376.97614
378.50202
379.75047
380.77809
381.70574
382.57368
383.40777
384.21938
385.01535
385.79931
386.57351
387.33945
388.09822
388.8507
389.59756
390.3395
391.07714
391.81108
392.54189
393.2701
393.99638
394.72122
395.44524
396.16901
396.89311
397.61813
398.34469
399.07371
399.80591
400.54203
401.28321
402.03072
402.78607
403.55126
404.32916
405.12363
405.93996
406.78169
407.64694
408.50685
409.29043
409.83507
409.92125
409.51149
412.29021
371.83234
371.78058
371.68354
371.74016
372.77249
373.39161
373.91093
374.33502
374.70643
375.04222
375.35543
375.65308
375.9397
376.21794
376.48952
376.75553
377.01674
377.27372
377.52704
377.77693
378.02378
378.26792
378.50967
378.7493
378.98707
379.22332
379.45838
379.69253
379.92609
380.15944
380.39298
380.62721
380.8627
381.10015
381.34052
381.585
381.83512
382.09304
382.36172
382.64505
382.94764
383.27325
383.62171
383.98076
384.31923
384.5781
384.68912
384.65408
388.60915
369.29482
369.29605
369.2136
369.15467
368.53947
368.26125
368.05463
367.88132
367.70752
367.52646
367.33708
367.14087
366.93933
366.73368
366.52474
366.31306
366.099
365.88285
365.66464
365.44455
365.22261
364.99889
364.77339
364.54613
364.3172
364.08652
363.85415
363.62013
363.38451
363.14741
362.90885
362.66928
362.42897
362.18826
361.94794
361.709
361.47286
361.24172
361.01868
360.80835
360.61678
360.45242
360.32463
360.24575
360.2249
360.27524
360.39528
360.55816
365.21108
366.85493
366.88576
366.67211
366.398
364.11323
363.02331
362.14117
361.38624
360.66212
359.94971
359.23993
358.53136
357.82328
357.11564
356.40832
355.70129
354.99446
354.28767
353.58076
352.87346
352.16553
351.45675
350.74684
350.03556
349.32251
348.60748
347.89021
347.17041
346.44786
345.7224
344.9938
344.2619
343.52667
342.78835
342.0473
341.30409
340.55978
339.8163
339.07657
338.34574
337.63133
336.94736
336.31394
335.77081
335.37157
335.21719
335.40365
335.93487
341.7269
364.55335
364.63057
364.06651
363.49475
359.59225
357.91181
356.46937
355.18055
353.91357
352.66133
351.41662
350.17916
348.94738
347.72042
346.49743
345.27783
344.06111
342.84678
341.63401
340.42251
339.21169
338.00095
336.78971
335.57737
334.36334
333.147
331.92774
330.70498
329.47816
328.2468
327.01023
325.76807
324.51983
323.26519
322.00409
320.7365
319.46281
318.1843
316.90291
315.62357
314.35293
313.10908
311.91576
310.84132
309.97262
309.54447
309.80145
311.01156
318.28496
362.50186
362.62641
361.14319
357.08107
353.21973
352.00884
350.24189
348.32428
346.30918
344.28654
342.27706
340.28491
338.30684
336.3399
334.38201
332.43177
330.48811
328.55002
326.61641
324.68633
322.75871
320.83252
318.9067
316.98022
315.05198
313.12098
311.18612
309.24636
307.3006
305.3478
303.38686
301.41667
299.4361
297.44415
295.43966
293.42167
291.38894
289.34105
287.27648
285.19759
283.10223
281.00748
278.91509
276.92512
275.06936
273.93365
273.78705
277.53388
294.6431
361.03447
361.38079
360.06493
356.49828
353.56067
352.11301
349.97019
347.95247
345.87933
343.82397
341.77658
339.74094
337.71549
335.69958
333.69222
331.69252
329.69951
327.71217
325.72946
323.75034
321.77374
319.7986
317.82383
315.84838
313.87114
311.89104
309.90698
307.91786
305.92258
303.92002
301.90906
299.88859
297.85745
295.81461
293.75883
291.68942
289.60487
287.50605
285.3903
283.2653
281.12303
279.00121
276.86934
274.90074
272.96891
271.72241
271.50349
272.23795
282.10807
360.10279
360.93448
360.34793
357.16017
354.47886
352.22905
350.01786
347.92067
345.82967
343.76331
341.70959
339.66961
337.64131
335.62361
333.6152
331.61487
329.62148
327.63389
325.65101
323.67174
321.69503
319.71978
317.74493
315.76938
313.79207
311.81188
309.82774
307.83855
305.84318
303.84053
301.82945
299.80882
297.77744
295.73416
293.67759
291.60666
289.51911
287.41443
285.28701
283.13918
280.95106
278.74115
276.43142
274.13823
271.43643
270.16692
270.41172
270.77255
275.69934
354.82403
358.69535
358.13763
355.56268
352.68997
350.2289
347.97527
345.89389
343.87132
341.87362
339.88406
337.90147
335.92673
333.96058
332.00282
330.05265
328.10907
326.17103
324.23747
322.30733
320.37956
318.45311
316.52694
314.60001
312.67126
310.73965
308.80406
306.86348
304.91679
302.96293
301.00078
299.02926
297.04723
295.05357
293.04706
291.02658
288.99055
286.9379
284.86528
282.77103
280.64016
278.45958
276.09589
273.49214
267.12098
266.43458
267.38985
267.92222
271.08755
320.52651
321.61567
321.53098
320.4726
319.08284
317.66772
316.28952
314.96615
313.67638
312.40894
311.15484
309.91034
308.67339
307.44276
306.21743
304.99655
303.77917
302.56443
301.35158
300.13991
298.92871
297.71715
296.50466
295.29065
294.07454
292.85564
291.63319
290.40671
289.17548
287.9389
286.69632
285.44705
284.19039
282.92558
281.65168
280.36754
279.0713
277.7603
276.42831
275.06525
273.64105
272.10879
270.26717
268.01703
262.88612
263.42768
264.35582
264.74908
267.05258
295.37168
295.77689
295.69768
295.13945
294.36038
293.52796
292.70343
291.90891
291.14007
290.39058
289.65376
288.92577
288.20409
287.48695
286.77303
286.06122
285.35074
284.64101
283.93144
283.22154
282.51074
281.79852
281.08462
280.3688
279.65053
278.92968
278.20564
277.47833
276.74717
276.01204
275.27245
274.52813
273.77863
273.02347
272.26198
271.49325
270.7157
269.92666
269.12078
268.28885
267.40786
266.44213
265.27808
263.86721
261.26539
261.26813
261.61203
261.76872
263.38837
270.64379
270.68018
270.57509
270.32004
269.99428
269.65932
269.34385
269.05612
268.79253
268.54696
268.31353
268.08771
267.86635
267.64731
267.42912
267.21086
266.99181
266.7714
266.54931
266.32525
266.09906
265.87043
265.6394
265.40584
265.1698
264.9311
264.68969
264.44554
264.19855
263.94873
263.69607
263.44044
263.18172
262.91973
262.65414
262.38446
262.10975
261.82866
261.53832
261.23447
260.90818
260.54873
260.12684
259.64754
258.9245
258.90357
259.01749
259.05601
259.9989
246.6121
246.45392
246.34498
246.30562
246.34186
246.44415
246.60167
246.80005
247.02698
247.27204
247.5276
247.78846
248.0513
248.31384
248.57465
248.83278
249.08776
249.33937
249.58751
249.83219
250.0734
250.31121
250.54586
250.77762
251.00655
251.233
251.45705
251.67909
251.89915
252.11762
252.33464
252.55048
252.7653
252.97921
253.1923
253.40458
253.61604
253.8266
254.03666
254.24774
254.4656
254.70416
255.0103
255.43111
256.35797
256.44531
256.53378
256.5161
256.78727
221.98851
221.46431
221.30166
221.47109
221.88457
222.45113
223.11396
223.83204
224.58172
225.34739
226.1201
226.89408
227.66602
228.43391
229.19671
229.95398
230.70554
231.45137
232.19174
232.92696
233.65745
234.38359
235.10588
235.82471
236.5407
237.25423
237.9659
238.67613
239.38547
240.09442
240.80356
241.51333
242.22422
242.93667
243.65115
244.36814
245.08831
245.81273
246.54369
247.28572
248.05281
248.8722
249.84795
251.066
253.59018
253.90263
254.1268
254.07957
253.65435
196.99136
195.78576
195.5726
196.01784
196.8973
197.99946
199.22593
200.50948
201.81976
203.13832
204.45629
205.76905
207.07435
208.37101
209.65866
210.93727
212.20724
213.4691
214.7235
215.97109
217.21255
218.44867
219.68022
220.90804
222.13264
223.3551
224.57616
225.79666
227.01729
228.23893
229.46234
230.68836
231.91776
233.15129
234.38977
235.63407
236.88527
238.14458
239.41452
240.69847
242.00787
243.36165
244.88167
246.67591
250.62523
251.29372
251.86527
251.78878
250.54058
163.25399
159.50445
159.8729
160.99687
162.78689
164.80229
166.92451
169.06857
171.21127
173.33959
175.45117
177.54501
179.62177
181.68231
183.72775
185.75929
187.77813
189.78548
191.78257
193.77063
195.75087
197.72454
199.69284
201.65697
203.61815
205.57758
207.53651
209.49609
211.45757
213.42212
215.39096
217.36529
219.3463
221.33518
223.33312
225.34136
227.36126
229.39423
231.44137
233.50085
235.56258
237.58044
239.48508
240.89539
244.30133
248.50277
249.91618
249.77895
247.35323
157.84174
157.06336
157.40138
158.59291
160.53074
162.63274
164.83577
167.04584
169.24876
171.43369
173.60022
175.74782
177.87761
179.9906
182.08804
184.17119
186.24131
188.29968
190.34757
192.38623
194.41693
196.44091
198.45942
200.47371
202.485
204.49455
206.50358
208.51332
210.52501
212.53988
214.55915
216.58406
218.61581
220.65563
222.7047
224.76427
226.83558
228.91982
231.01785
233.12814
235.24362
237.3321
239.37647
241.29861
243.95345
247.47065
248.75617
248.30503
243.84908
156.49992
156.12966
155.9809
157.3824
160.12039
162.39013
164.71193
166.94654
169.16979
171.35903
173.52952
175.6783
177.80923
179.92284
182.02088
184.10453
186.17516
188.23403
190.28242
192.32158
194.35278
196.37727
198.39629
200.4111
202.42292
204.43301
206.44258
208.45289
210.46515
212.4806
214.50047
216.52599
218.5584
220.59893
222.64885
224.70941
226.78188
228.86748
230.9676
233.08351
235.21906
237.36739
239.58059
241.78018
244.8756
247.48038
248.28279
247.30805
238.80396
153.78175
153.23345
152.36803
153.02149
159.41367
162.05746
164.46518
166.69539
168.87247
171.01232
173.12753
175.22082
177.29505
179.35172
181.39243
183.4185
185.43131
187.43216
189.42234
191.40309
193.37568
195.34132
197.30126
199.25673
201.20896
203.15919
205.10854
207.05833
209.0097
210.96391
212.92213
214.8856
216.85554
218.83316
220.81968
222.81613
224.82308
226.84006
228.86576
230.901
232.95982
235.08551
237.37727
239.90583
242.76964
245.09072
245.6973
241.27158
228.3209
150.69803
150.26669
149.35976
148.87304
154.70743
157.26191
159.30325
160.94296
162.41857
163.7923
165.10586
166.37647
167.6153
168.8284
170.02
171.193
172.34963
173.49155
174.62022
175.73691
176.84288
177.93901
179.02644
180.10622
181.17927
182.24655
183.30875
184.36716
185.42249
186.47578
187.52798
188.58012
189.6332
190.68826
191.7464
192.80867
193.87613
194.94972
196.03102
197.12294
198.23272
199.37105
200.55424
201.76111
202.93465
203.69215
203.52837
202.12707
203.35494
147.7737
147.55952
147.21479
147.2948
151.00307
152.90348
154.37236
155.48567
156.41803
157.23296
157.97407
158.66282
159.3134
159.93387
160.52971
161.1045
161.66088
162.20089
162.72602
163.23755
163.73648
164.22366
164.70003
165.16655
165.62395
166.073
166.51398
166.94824
167.37596
167.79837
168.21593
168.62973
169.04059
169.44945
169.85731
170.26527
170.67455
171.08649
171.50269
171.92608
172.36073
172.81075
173.27639
173.73386
174.11768
174.25959
173.96191
173.2333
176.5262
145.10138
144.98643
144.8664
145.00098
147.17634
148.27912
149.07226
149.59236
149.95238
150.20095
150.37454
150.49359
150.572
150.61821
150.63804
150.63544
150.61316
150.57304
150.51656
150.44489
150.35906
150.25974
150.14773
150.0235
149.88761
149.74064
149.58303
149.41541
149.23815
149.05196
148.85749
148.6553
148.44614
148.23082
148.01028
147.78559
147.55799
147.32905
147.10089
146.87568
146.65626
146.4441
146.23756
146.02258
145.77238
145.4341
144.98869
144.51291
149.22665
142.60209
142.51823
142.42283
142.47609
143.25353
143.5124
143.58425
143.48001
143.2536
142.9352
142.55009
142.11434
141.6397
141.13365
140.60137
140.04632
139.47096
138.8771
138.26598
137.63855
136.99542
136.3372
135.66429
134.97717
134.27613
133.56155
132.83336
132.09233
131.33835
130.57211
129.79369
129.00377
128.20285
127.39155
126.57065
125.7411
124.90413
124.06132
123.2144
122.36604
121.51904
120.67617
119.83986
119.0107
118.19082
117.39125
116.66682
116.10498
121.76059
140.21737
140.12577
139.89003
139.73439
138.97549
138.37006
137.69259
136.92912
136.08042
135.16256
134.19073
133.17659
132.12848
131.05207
129.95124
128.82868
127.68622
126.52503
125.34598
124.14966
122.93647
121.70673
120.46055
119.19795
117.91903
116.62385
115.31246
113.98478
112.64104
111.28112
109.90529
108.51362
107.10642
105.68405
104.24701
102.79598
101.3319
99.856019
98.370258
96.876699
95.378565
93.879829
92.387408
90.910857
89.476386
88.12325
86.997491
86.14632
93.378126
137.99925
137.88066
137.28372
136.7724
134.33884
132.92356
131.52733
130.10219
128.61411
127.07629
125.49879
123.88953
122.25367
120.59451
118.91422
117.21407
115.49498
113.75763
112.00231
110.22913
108.43791
106.62871
104.80113
102.95519
101.09063
99.207163
97.30436
95.38215
93.440191
91.478245
89.495945
87.493338
85.470293
83.42677
81.362839
79.278732
77.174889
75.051981
72.91089
70.753392
68.581895
66.399978
64.214296
62.036496
59.893254
57.837916
56.026832
54.628543
63.66634
136.10719
135.95717
134.48227
130.15233
126.62385
125.04497
122.91713
120.62922
118.25902
115.85815
113.4402
111.00872
108.56354
106.10391
103.62906
101.13837
98.631198
96.106902
93.564852
91.00438
88.424821
85.825486
83.205682
80.564668
77.901756
75.216192
72.507361
69.774371
67.016616
64.233253
61.423623
58.586888
55.722325
52.829153
49.906594
46.953856
43.970141
40.954633
37.906604
34.825138
31.709542
28.55893
25.373077
22.150778
18.896816
15.602396
12.425025
9.164951
31.417939
134.87592
134.82498
133.42963
129.73407
126.81899
124.67617
122.38439
120.01617
117.58629
115.13095
112.65992
110.17597
107.67866
105.16723
102.64086
100.09882
97.540413
94.964929
92.371668
89.759913
87.128935
84.478008
81.806389
79.113352
76.398147
73.660032
70.898233
68.11198
65.300506
62.463034
59.59877
56.706915
53.78666
50.837169
47.857595
44.847063
41.804679
38.729519
35.620618
32.476953
29.297483
26.081002
22.826463
19.532276
16.198318
12.8222
9.4206484
5.8176732
15.888258
134.36616
134.39448
133.46828
130.72572
127.3762
124.93395
122.45603
120.01697
117.56514
115.10528
112.63298
110.1477
107.64878
105.13568
102.60771
100.06415
97.504269
94.927342
92.332645
89.719461
87.087059
84.434714
81.761683
79.067235
76.350608
73.611087
70.847877
68.060213
65.247328
62.408443
59.542769
56.649503
53.72783
50.776926
47.795938
44.784003
41.740227
38.663681
35.553458
32.408465
29.227895
26.010137
22.75539
19.459738
16.129747
12.750371
9.3732197
5.786084
12.265643
134.30688
134.45152
133.64516
131.08576
127.9671
125.15659
122.55415
120.08834
117.66099
115.22933
112.77893
110.30954
107.82329
105.32145
102.80419
100.27109
97.721511
95.154769
92.570168
89.967034
87.344633
84.702292
82.039268
79.354851
76.6483
73.9189
71.165895
68.388525
65.586049
62.757709
59.902749
57.020406
54.109924
51.170546
48.201516
45.202094
42.171553
39.109199
36.014404
32.886576
29.72533
26.530274
23.301833
20.039799
16.748563
13.424083
10.143626
6.7499399
11.424902
133.31618
132.89951
131.88733
130.15548
128.00854
125.7828
123.52838
121.27037
118.99828
116.7061
114.39049
112.05188
109.6916
107.31097
104.91091
102.49189
100.05405
97.597361
95.121633
92.626594
90.111795
87.576839
85.021232
82.444454
79.845971
77.225273
74.581765
71.914996
69.22442
66.509695
63.770464
61.006516
58.217818
55.404561
52.567258
49.706879
46.825021
43.924169
41.008067
38.08222
35.154869
32.238023
29.35025
26.518924
23.790587
21.235447
19.01413
17.298209
17.988195
132.83043
132.32524
131.33862
129.83619
127.97797
125.94619
123.82488
121.6559
119.4516
117.21671
114.95329
112.6636
110.34972
108.0134
105.65596
103.27825
100.88072
98.463611
96.026941
93.570598
91.094274
88.597691
86.080427
83.542067
80.98216
78.400268
75.795871
73.168634
70.518133
67.844168
65.146563
62.425361
59.680853
56.91365
54.124834
51.316134
48.490189
45.650922
42.804054
39.957907
37.124648
34.321961
31.576377
28.926865
26.435151
24.189401
22.356636
21.063121
21.842213
132.75072
132.29522
131.41027
130.08006
128.40018
126.50475
124.48284
122.38695
120.24121
118.05696
115.83976
113.59331
111.32046
109.02347
106.70404
104.36331
102.00199
99.620628
97.219385
94.798292
92.357066
89.895647
87.413546
84.910531
82.386178
79.84009
77.271767
74.680969
72.067352
69.430755
66.771027
64.088416
61.383303
58.656463
55.909186
53.143476
50.362322
47.570106
44.773073
41.980375
39.205024
36.46576
33.790062
31.217858
28.80933
26.651138
24.87782
23.653488
23.361489
603.8727
602.8328
601.19667
599.15875
596.86916
594.41543
591.85789
589.23646
586.57861
583.90263
581.22073
578.54118
575.86952
573.20954
570.56385
567.9342
565.32175
562.72719
560.15085
557.5929
555.0533
552.53188
550.02841
547.54262
545.07414
542.62268
540.18794
537.76965
535.36761
532.98172
530.61201
528.25873
525.9224
523.60397
521.30489
519.02746
516.77516
514.55325
512.36965
510.23633
508.17117
506.20121
504.36542
502.71962
501.3319
500.27504
499.57615
499.18745
499.04779
607.12141
605.78171
603.7978
601.48938
598.99496
596.38344
593.70133
590.97948
588.23898
585.49332
582.75109
580.01792
577.29749
574.59229
571.90402
569.2338
566.58229
563.94984
561.33656
558.74238
556.16709
553.61042
551.07204
548.55157
546.04857
543.56268
541.09352
538.64071
536.20395
533.78299
531.37771
528.98813
526.61447
524.25724
521.91736
519.59636
517.29664
515.02202
512.77835
510.57498
508.42645
506.35701
504.40437
502.63275
501.13053
500.0245
499.36722
499.04416
498.91778
616.25429
613.50241
610.57166
607.61232
604.6465
601.66365
598.68204
595.71523
592.77085
589.85126
586.9564
584.08544
581.23783
578.41323
575.61144
572.83222
570.07523
567.34006
564.6262
561.93312
559.2603
556.60715
553.97312
551.35763
548.76008
546.17989
543.6165
541.0693
538.53774
536.02125
533.51932
531.03142
528.55708
526.09589
523.64751
521.21174
518.78849
516.37812
513.98143
511.60058
509.23989
506.91066
504.63651
502.48308
500.57799
499.28288
498.8986
498.89147
498.72961
631.84945
617.70084
615.10851
611.93863
608.86762
605.78982
602.72555
599.68311
596.6665
593.67805
590.71776
587.78478
584.87813
581.99709
579.141
576.30925
573.50123
570.7163
567.95382
565.21315
562.49363
559.79465
557.11557
554.45575
551.81455
549.19135
546.58551
543.99638
541.42335
538.86576
536.32298
533.79437
531.27927
528.77708
526.28712
523.80881
521.34158
518.88503
516.43923
514.00479
511.58497
509.18545
506.82483
504.53019
502.38862
500.47393
499.26381
499.00645
499.15331
498.47853
631.97422
619.52863
615.51293
612.19377
608.9118
605.74741
602.64175
599.58338
596.56271
593.57506
590.61697
587.68631
584.78192
581.90313
579.04937
576.22001
573.41441
570.63191
567.87184
565.13357
562.41644
559.71984
557.04313
554.38567
551.74684
549.12599
546.52248
543.93569
541.36499
538.80973
536.26927
533.74297
531.23017
528.73021
526.24239
523.76599
521.30019
518.84397
516.39597
513.95391
511.51386
509.0677
506.60177
504.08508
501.51634
498.72994
497.64489
497.80088
498.26058
497.4314
636.01815
620.86584
616.37063
612.91325
609.62144
606.4552
603.34819
600.28719
597.26276
594.27016
591.30626
588.36947
585.45877
582.57368
579.71367
576.87816
574.06651
571.27805
568.51211
565.76813
563.0454
560.3433
557.6612
554.99846
552.35444
549.72857
547.12013
544.52852
541.95312
539.39326
536.84834
534.31766
531.80064
529.2966
526.80483
524.32463
521.85525
519.39579
516.94511
514.50146
512.06184
509.61965
507.1604
504.64005
501.97296
498.66853
494.11564
494.96349
495.9309
495.29929
578.76423
576.93867
574.99036
572.83673
570.62701
568.40616
566.19474
563.99903
561.82148
559.66231
557.52145
555.39864
553.29374
551.20656
549.13687
547.08439
545.04884
543.02992
541.0274
539.0409
537.07026
535.11522
533.17552
531.25087
529.341
527.44569
525.56466
523.69771
521.84466
520.00534
518.17972
516.36776
514.56951
512.78522
511.0153
509.26034
507.52107
505.79835
504.09243
502.40227
500.72006
499.02775
497.24119
495.26341
491.78946
491.1493
491.88033
492.83969
492.50308
546.02085
544.91842
543.72321
542.30351
540.7981
539.26491
537.7333
536.2128
534.70678
533.21526
531.73794
530.27396
528.8229
527.38442
525.9583
524.54438
523.14255
521.75271
520.37507
519.0093
517.65553
516.31378
514.98406
513.66639
512.3609
511.06751
509.78631
508.51736
507.26081
506.01688
504.78592
503.56843
502.36501
501.17645
500.004
498.84929
497.71449
496.60243
495.5165
494.46056
493.4369
492.44558
491.46701
490.49394
489.34425
488.90899
489.18554
489.89116
489.63192
516.51938
515.68656
514.88543
513.97069
513.02365
512.08229
511.16089
510.26051
509.37861
508.51169
507.65698
506.81252
505.97712
505.15001
504.33082
503.51939
502.71573
501.91994
501.13222
500.35265
499.58152
498.81908
498.06559
497.32139
496.58665
495.86169
495.14685
494.44244
493.74886
493.06666
492.3965
491.73911
491.09544
490.46691
489.85532
489.26309
488.69355
488.15138
487.6433
487.17897
486.77375
486.45045
486.25511
486.23864
486.71325
486.50413
486.62424
487.19821
486.8852
488.66899
487.91253
487.33135
486.78896
486.32041
485.92222
485.58066
485.27864
485.0032
484.74478
484.49766
484.25792
484.02353
483.79334
483.56683
483.34385
483.12449
482.90896
482.69784
482.49122
482.2896
482.09346
481.90329
481.71959
481.54293
481.37368
481.21243
481.05971
480.91615
480.78251
480.65962
480.54855
480.45052
480.36707
480.30041
480.25341
480.23015
480.23646
480.28146
480.37895
480.55443
480.84821
481.35858
482.17553
483.95274
484.04644
484.16006
484.68659
484.2536
460.96652
459.97127
459.43629
459.19909
459.201
459.36592
459.63355
459.9607
460.32105
460.69862
461.08449
461.47364
461.86356
462.25297
462.64142
463.02889
463.41569
463.80226
464.18915
464.57688
464.96614
465.35762
465.752
466.15006
466.55239
466.95971
467.3728
467.79239
468.21931
468.65446
469.09889
469.55365
470.02007
470.4999
470.99534
471.50932
472.04599
472.61139
473.215
473.87096
474.60697
475.46756
476.58514
478.08585
481.07088
481.52205
481.77121
482.27528
481.69152
433.11565
431.40534
430.80096
430.89134
431.43523
432.23711
433.17885
434.1888
435.23018
436.283
437.33766
438.38905
439.43506
440.47487
441.50839
442.53599
443.55826
444.5759
445.58982
446.60071
447.60949
448.61708
449.62436
450.63232
451.64186
452.65379
453.66911
454.68873
455.71366
456.74491
457.7836
458.83095
459.88825
460.95706
462.03937
463.13772
464.25577
465.3986
466.57411
467.79201
469.0721
470.44008
472.03283
473.97583
478.04471
478.95996
479.57619
479.97563
479.19382
399.29412
393.7117
393.20502
394.03476
395.58732
397.43528
399.39487
401.38435
403.37422
405.35248
407.31536
409.26194
411.19261
413.10816
415.00964
416.89821
418.77505
420.64143
422.49846
424.34742
426.18954
428.02598
429.85797
431.68674
433.51339
435.33912
437.16514
438.99259
440.82264
442.65649
444.49532
446.34032
448.19266
450.0536
451.92442
453.80674
455.70305
457.61749
459.55639
461.52338
463.51373
465.4717
467.37005
468.89724
472.39422
476.0564
477.557
477.89009
476.76795
387.30496
384.24098
384.47999
385.70154
387.57637
389.63305
391.80204
394.00142
396.20647
398.40067
400.57944
402.74056
404.8842
407.01104
409.12223
411.21898
413.30261
415.37444
417.43576
419.48789
421.53211
423.56971
425.60196
427.63013
429.65545
431.67918
433.70254
435.72675
437.75303
439.78259
441.81663
443.85637
445.90295
447.95751
450.02123
452.0953
454.18096
456.27949
458.39311
460.51853
462.66362
464.75595
466.96647
468.52854
471.52404
474.91599
476.25093
476.50478
474.34769
384.33377
382.84439
382.74207
383.87542
386.61108
389.0812
391.46404
393.76522
396.01664
398.23245
400.42116
402.58722
404.73346
406.86187
408.97413
411.07177
413.15621
415.22879
417.29083
419.34366
421.38856
423.42683
425.45973
427.48853
429.51447
431.53879
433.56273
435.58751
437.61435
439.64445
441.67902
443.71925
445.76637
447.82156
449.88602
451.96085
454.04717
456.14635
458.26158
460.39814
462.57187
464.78661
467.12299
469.50754
472.22511
475.02295
475.77414
475.89326
470.97455
381.44172
380.08317
379.30953
380.49323
385.36673
388.44613
390.98869
393.3363
395.60489
397.82971
400.02471
402.19595
404.34678
406.47937
408.59545
410.69656
412.78412
414.85951
416.92406
418.97909
421.02589
423.06576
425.09997
427.12978
429.15646
431.18123
433.20533
435.23
437.25644
439.28586
441.31946
443.35846
445.40408
447.45751
449.51992
451.59241
453.67569
455.77017
457.87685
460.00011
462.15519
464.37671
466.74622
469.32247
472.19883
474.73927
475.79404
475.26447
462.68754
378.14694
377.02633
376.32859
376.37733
381.02403
383.81951
385.88525
387.629
389.23606
390.77205
392.268
393.7373
395.18705
396.62104
398.04169
399.45066
400.84932
402.23878
403.62016
404.99437
406.3624
407.7252
409.08368
410.43872
411.79125
413.14217
414.4924
415.84285
417.1944
418.54797
419.90446
421.26489
422.63023
424.00148
425.3798
426.76637
428.16247
429.56959
430.99024
432.4289
433.8949
435.40167
436.97034
438.58927
440.19995
441.47566
441.81865
440.71177
439.52887
375.0828
374.34236
374.07767
374.41284
377.12238
378.99776
380.40907
381.567
382.60127
383.56752
384.49512
385.39793
386.28358
387.15618
388.01824
388.87137
389.71677
390.55539
391.38796
392.21524
393.03789
393.85656
394.67189
395.48443
396.29489
397.10383
397.9119
398.71971
399.52789
400.33708
401.14792
401.9613
402.77801
403.59882
404.42482
405.25725
406.09757
406.94766
407.81024
408.68915
409.58998
410.51762
411.47309
412.43239
413.32894
413.99254
414.17086
413.78998
414.42633
372.30648
371.78152
371.66651
372.17359
373.22673
374.07034
374.73101
375.27102
375.74181
376.16951
376.57035
376.95325
377.3236
377.68454
378.03803
378.38534
378.72735
379.06472
379.39801
379.7276
380.05389
380.37726
380.69807
381.01664
381.33329
381.64839
381.96231
382.27537
382.58795
382.90044
383.21327
383.52699
383.84219
384.15956
384.48005
384.80481
385.13534
385.47366
385.8226
386.18592
386.56819
386.97333
387.40148
387.84002
388.25474
388.57605
388.71688
388.68672
389.82379
369.70684
369.3142
369.20331
369.74995
369.26698
369.09588
368.99799
368.91852
368.83328
368.73659
368.62902
368.51281
368.39004
368.26226
368.13049
367.99544
367.85757
367.71721
367.57454
367.42971
367.28284
367.13403
366.98335
366.83084
366.67663
366.5207
366.36317
366.20409
366.04356
365.88174
365.71872
365.5549
365.3906
365.22622
365.06252
364.90047
364.74145
364.58754
364.44167
364.30813
364.19252
364.10226
364.04515
364.02949
364.05886
364.13515
364.24982
364.4032
365.68144
367.20358
366.92013
366.67204
367.19935
365.14125
364.01804
363.20922
362.52919
361.88824
361.2588
360.6314
360.00406
359.37635
358.74832
358.12004
357.49157
356.8629
356.23395
355.60461
354.97468
354.34397
353.71229
353.07942
352.44517
351.80921
351.17136
350.53139
349.88908
349.24424
348.59674
347.9464
347.29314
346.63697
345.9781
345.31694
344.65408
343.99057
343.32825
342.66991
342.02028
341.38631
340.7802
340.21956
339.73701
339.37747
339.2216
339.35089
339.78905
341.44928
364.81151
364.72072
364.10686
364.49924
360.85689
358.9763
357.57929
356.34935
355.16061
353.98777
352.82288
351.66446
350.51117
349.36217
348.2167
347.07424
345.93433
344.79653
343.66017
342.52488
341.39016
340.25548
339.12029
337.98407
336.84624
335.70624
334.56353
333.41756
332.26782
331.11385
329.9551
328.79117
327.62164
326.44626
325.265
324.07789
322.88536
321.68864
320.48972
319.29305
318.10513
316.9416
315.82463
314.81122
313.97938
313.52472
313.66653
314.62343
316.93386
362.58929
362.68859
361.19543
361.09795
354.82834
353.25053
351.53917
349.70869
347.81412
345.91388
344.0261
342.15356
340.29372
338.44404
336.6027
334.76846
332.94034
331.11742
329.29869
327.48324
325.67013
323.85838
322.04701
320.23508
318.42154
316.60546
314.78584
312.9617
311.13202
309.29585
307.45219
305.6
303.73829
301.86614
299.98259
298.08681
296.17783
294.25545
292.31875
290.37013
288.40882
286.44968
284.4957
282.62568
280.86333
279.71015
279.54837
282.17115
291.7979
360.83405
361.4092
360.11434
356.7201
353.74353
352.1879
350.02953
348.00805
345.93497
343.87872
341.83005
339.79286
337.76586
335.74845
333.73962
331.73845
329.74399
327.75522
325.77109
323.79057
321.81257
319.83604
317.8599
315.88307
313.90447
311.92302
309.9376
307.94714
305.95051
303.94661
301.9343
299.91249
297.88
295.83581
293.77867
291.70787
289.62193
287.52162
285.4044
283.27752
281.13352
279.00817
276.8727
274.89143
272.94828
271.69123
271.48215
271.83067
278.58959
359.35289
360.85241
360.23533
357.11798
354.46963
352.22776
350.01796
347.91925
345.82663
343.75835
341.70281
339.66105
337.63102
335.6116
333.60148
331.59945
329.60436
327.61509
325.63053
323.6496
321.67122
319.69433
317.71783
315.74064
313.76169
311.77987
309.7941
307.80327
305.80627
303.80199
301.78927
299.767
297.73396
295.68902
293.6308
291.55821
289.469
287.36257
285.2335
283.08374
280.89408
278.68122
276.36851
274.0677
271.33009
270.06931
270.28529
270.6013
273.20646
354.22428
360.96778
360.57235
358.08111
355.29417
352.81407
350.49783
348.34341
346.253
344.19424
342.14786
340.11044
338.08168
336.06193
334.05092
332.04791
330.05191
328.06187
326.0767
324.09533
322.11668
320.13968
318.16325
316.18633
314.20783
312.22667
310.24172
308.25192
306.25615
304.25329
302.2422
300.22178
298.19085
296.14826
294.09282
292.02336
289.9385
287.83713
285.71715
283.57751
281.41142
279.21289
276.92971
274.47378
271.15471
266.53228
267.22134
268.09913
269.4784
325.65849
327.21169
327.30508
326.19254
324.6301
323.04599
321.51992
320.06463
318.65213
317.26488
315.89193
314.52883
313.17366
311.82536
310.48301
309.14575
307.81265
306.4828
305.15541
303.82968
302.50485
301.18008
299.8547
298.52803
297.19942
295.86815
294.53341
293.19458
291.85093
290.50176
289.14636
287.78398
286.41385
285.03517
283.64697
282.24813
280.83695
279.41109
277.96536
276.49136
274.96485
273.34534
271.47186
269.18791
264.40713
263.46749
264.24247
265.16685
266.03612
299.62311
299.92786
299.93388
299.3816
298.5382
297.61552
296.69662
295.80897
294.94978
294.1117
293.28756
292.47302
291.66539
290.86288
290.06414
289.26809
288.47386
287.68081
286.88832
286.09585
285.30281
284.50863
283.71295
282.91549
282.11574
281.31342
280.50797
279.69916
278.88647
278.06962
277.24815
276.42171
275.58981
274.75195
273.90742
273.05532
272.19413
271.32134
270.43192
269.51703
268.55506
267.50961
266.271
264.74916
262.09813
261.29247
261.58217
262.28523
262.81674
274.84154
274.69399
274.61479
274.34391
273.96076
273.5481
273.14762
272.77363
272.42472
272.09511
271.77871
271.47086
271.16827
270.86868
270.57058
270.27291
269.97492
269.67601
269.37579
269.07391
268.77015
268.46419
268.15595
267.84531
267.53221
267.21651
266.89805
266.57678
266.25255
265.92532
265.59501
265.26148
264.92456
264.58404
264.23955
263.89055
263.53609
263.17467
262.80329
262.41713
262.00603
261.55532
261.02796
260.4066
259.48473
258.89403
259.02171
259.60208
259.83421
250.70694
250.34461
250.22296
250.14331
250.11345
250.13726
250.21131
250.32586
250.47005
250.63393
250.80976
250.99209
251.17733
251.36305
251.54769
251.73022
251.91007
252.08693
252.26063
252.43113
252.59838
252.7624
252.92336
253.08146
253.23678
253.38957
253.53991
253.68808
253.83415
253.97838
254.12093
254.262
254.40171
254.54013
254.67729
254.81313
254.94752
255.08018
255.21096
255.34033
255.47126
255.61265
255.79526
256.0604
256.6666
256.43968
256.55685
257.09146
257.03038
226.235
225.52147
225.30738
225.39706
225.71596
226.18669
226.75505
227.38219
228.04393
228.72435
229.41376
230.10598
230.79735
231.48559
232.16946
232.84834
233.52196
234.19025
234.85338
235.51159
236.16523
236.81462
237.46022
238.1024
238.74166
239.37841
240.01315
240.6463
241.27833
241.9097
242.54094
243.17246
243.80471
244.43808
245.07296
245.70977
246.34905
246.99163
247.63931
248.29586
248.97252
249.69288
250.53955
251.60672
253.68952
253.91041
254.16962
254.69042
254.33842
201.3242
199.88461
199.52669
199.83707
200.58473
201.57414
202.69729
203.88665
205.10789
206.34128
207.57661
208.80843
210.034
211.25184
212.46135
213.66237
214.85516
216.04015
217.21789
218.389
219.5541
220.71392
221.86917
223.02062
224.16884
225.31473
226.45905
227.60256
228.74596
229.89004
231.03554
232.18324
233.33388
234.48816
235.64683
236.8107
237.98075
239.15816
240.3452
241.54532
242.76898
244.03578
245.44579
247.12546
250.53707
251.34676
251.93979
252.42546
251.73912
170.77429
165.74523
165.46551
166.37833
167.98221
169.84162
171.81482
173.82025
175.83027
177.83057
179.81698
181.78778
183.74302
185.68317
187.60908
189.52173
191.42219
193.31156
195.19096
197.06152
198.92439
200.78071
202.63165
204.47832
206.32185
208.1634
210.00414
211.84518
213.68768
215.53276
217.38157
219.23525
221.09492
222.9617
224.83672
226.72116
228.6163
230.52352
232.44429
234.3785
236.32184
238.24772
240.12071
241.72061
244.85971
248.56262
249.98528
250.42389
249.22557
159.89367
157.04597
157.34774
158.5903
160.55872
162.64119
164.84257
167.0514
169.25564
171.44233
173.61099
175.76082
177.8929
180.0082
182.10798
184.19348
186.26598
188.32673
190.37702
192.4181
194.45123
196.47766
198.49863
200.51539
202.52919
204.54125
206.55281
208.56511
210.57938
212.59684
214.61873
216.64627
218.68068
220.72315
222.77489
224.83716
226.91112
228.99775
231.09753
233.2085
235.3251
237.42275
239.51512
241.49688
244.23134
247.52256
248.80882
249.03667
246.65038
157.27559
156.01083
155.88309
157.26001
160.03154
162.31709
164.6445
166.88377
169.10931
171.30094
173.47335
175.62406
177.75684
179.87227
181.97209
184.05752
186.12995
188.19062
190.2408
192.28177
194.31477
196.34107
198.36191
200.37854
202.3922
204.40412
206.41555
208.42771
210.44184
212.45918
214.48094
216.50837
218.5427
220.58517
222.63703
224.69955
226.77399
228.86154
230.96358
233.08126
235.21831
237.36891
239.58406
241.77625
244.78149
247.38952
248.20589
248.36926
242.89545
154.4601
153.0568
152.44953
153.94833
158.62212
161.6647
164.19172
166.50532
168.7486
170.9508
173.12794
175.28329
177.41986
179.539
181.64223
183.73081
185.80608
187.86932
189.92181
191.9648
193.99956
196.02733
198.04937
200.06692
202.08123
204.09354
206.10506
208.11705
210.13073
212.14734
214.16809
216.19422
218.22697
220.26757
222.31726
224.37712
226.44775
228.52861
230.61786
232.71508
234.83217
237.014
239.36601
241.98802
244.94074
247.37693
248.33278
247.67714
233.55706
151.31804
150.13735
149.38642
149.18999
154.51231
157.56179
159.75304
161.5431
163.15354
164.66295
166.11201
167.519
168.89468
170.24508
171.57425
172.88505
174.17965
175.45974
176.72677
177.98205
179.22683
180.46209
181.68896
182.90853
184.12179
185.32974
186.53316
187.73328
188.93095
190.1272
191.32303
192.51949
193.71762
194.91849
196.1232
197.33282
198.54833
199.77052
201.00043
202.24045
203.49793
204.7876
206.13633
207.54501
208.98031
210.04416
210.14669
208.74336
207.37572
148.33657
147.51001
147.22681
147.43264
150.95073
153.25216
154.89544
156.15303
157.2035
158.12852
158.97504
159.76741
160.52048
161.24293
161.94046
162.6168
163.27467
163.91615
164.5428
165.15594
165.75665
166.3458
166.92434
167.49327
168.05337
168.60544
169.14989
169.68791
170.21994
170.74703
171.26981
171.7893
172.30638
172.82198
173.3371
173.85285
174.37037
174.89095
175.41612
175.94859
176.49271
177.05373
177.63496
178.21789
178.74364
179.03082
178.84234
178.14326
178.77803
145.6138
144.96716
144.83927
145.313
147.39195
148.79619
149.75717
150.41896
150.8976
151.25521
151.53193
151.75113
151.92784
152.07137
152.18788
152.28159
152.3554
152.41132
152.4509
152.47538
152.48579
152.48289
152.4675
152.44019
152.40154
152.35217
152.29252
152.22327
152.14485
152.05797
151.96328
151.86142
151.75312
151.63921
151.52063
151.39841
151.27379
151.14824
151.02372
150.90249
150.78747
150.68073
150.58137
150.47595
150.33391
150.09001
149.69569
149.23092
150.37871
143.07442
142.51169
142.39169
142.93809
143.71048
144.18977
144.41313
144.43973
144.32775
144.11505
143.82991
143.49079
143.11058
142.69762
142.25758
141.79428
141.31039
140.80783
140.28797
139.75184
139.20016
138.63356
138.05253
137.45754
136.84896
136.22717
135.59226
134.94485
134.28505
133.61341
132.93019
132.236
131.53137
130.81694
130.09348
129.36196
128.62355
127.87975
127.13236
126.38381
125.63688
124.89416
124.15752
123.42575
122.69632
121.96971
121.28342
120.741
121.92946
140.65468
140.12968
139.86103
140.39938
139.7317
139.25029
138.70624
138.0642
137.32918
136.51829
135.64863
134.73334
133.78187
132.80066
131.79412
130.76525
129.71612
128.64811
127.56221
126.45909
125.33924
124.20303
123.05065
121.88219
120.6978
119.49756
118.28153
117.04977
115.80243
114.53954
113.26131
111.96791
110.65965
109.33693
108.00027
106.65037
105.28815
103.91487
102.53233
101.14264
99.748792
98.354464
96.965426
95.589508
94.246669
92.970285
91.875024
91.047025
92.367664
138.38616
137.90299
137.28318
137.69441
135.36905
133.95151
132.6644
131.34722
129.96705
128.53203
127.05342
125.54013
123.99825
122.43175
120.84327
119.23443
117.60636
115.95987
114.29538
112.61311
110.91301
109.19515
107.45927
105.70534
103.93318
102.14257
100.33317
98.504866
96.657428
94.790627
92.904202
90.998151
89.072427
87.127035
85.162088
83.177857
81.174816
79.153677
77.115422
75.061736
72.995008
70.918675
68.838866
66.766144
64.724411
62.761398
61.011537
59.628632
60.45818
136.39605
135.95782
134.46318
134.34018
128.38479
126.61345
124.62201
122.47764
120.25501
117.99642
115.71637
113.41951
111.10677
108.77815
106.4334
104.07221
101.69421
99.298991
96.886065
94.4549
92.004916
89.535551
87.046164
84.536131
82.004832
79.451595
76.875829
74.276796
71.653906
69.006437
66.333755
63.635181
60.910072
58.157773
55.377637
52.569034
49.731359
46.864027
43.966549
41.038443
38.079461
35.089427
32.069065
29.019296
25.947352
22.858064
19.874439
16.952641
22.300494
135.01775
134.78114
133.38938
129.9065
126.91606
124.71785
122.37699
120.00022
117.57102
115.11717
112.64656
110.16229
107.66438
105.15227
102.62524
100.08258
97.523567
94.947508
92.353689
89.741396
87.109892
84.458453
81.786337
79.092811
76.377125
73.638536
70.876273
68.08956
65.277632
62.439706
59.574989
56.682676
53.761952
50.811981
47.831903
44.820836
41.777871
38.702063
35.592427
32.447901
29.267403
26.049675
22.793633
19.497787
16.162393
12.789692
9.389545
6.0928105
4.1714001
134.37907
134.336
133.36508
130.61006
127.35165
124.91713
122.4368
119.9953
117.54189
115.08023
112.60613
110.11905
107.61836
105.1035
102.57379
100.02851
97.466918
94.888288
92.291893
89.677015
87.042917
84.388874
81.714142
79.017985
76.299645
73.558397
70.79345
68.004038
65.189391
62.348726
59.481254
56.586166
53.662644
50.709859
47.726952
44.713052
41.667255
38.58862
35.476219
32.328947
29.145952
25.925653
22.668131
19.369905
16.037377
12.661312
9.2903477
5.992068
3.6167062
134.26688
134.54719
133.80814
131.34676
128.34595
125.57484
122.94923
120.45169
117.99952
115.55131
113.08907
110.60976
108.11431
105.60369
103.07801
100.53682
97.979461
95.405215
92.813347
90.20314
87.573852
84.924768
82.255141
79.564237
76.851304
74.115607
71.356376
68.572835
65.764219
62.929744
60.068622
57.180049
54.263212
51.317283
48.341409
45.334723
42.296322
39.22528
36.120636
32.981362
29.806409
26.594585
23.344806
20.055573
16.726597
13.355779
9.9543792
6.4657968
3.3486619
133.48448
133.19193
132.30373
130.58029
128.35818
126.04737
123.73684
121.44211
119.145
116.83237
114.49806
112.14148
109.76382
107.3664
104.95006
102.51522
100.06194
97.59011
95.099473
92.589706
90.060338
87.510919
84.940928
82.349819
79.737025
77.102
74.444136
71.762912
69.057762
66.328252
63.573962
60.794573
57.989912
55.159988
52.305069
49.425789
46.523289
43.599429
40.657084
37.700554
34.736335
31.773973
28.82825
25.921089
23.089574
20.390286
17.951321
15.904572
14.510932
132.93443
132.49828
131.58732
130.13387
128.28456
126.24257
124.10913
121.92968
119.71748
117.47619
115.20716
112.91215
110.59311
108.25175
105.88938
103.50685
101.10463
98.682935
96.241777
93.781034
91.300401
88.799578
86.278145
83.735673
81.171699
78.585769
75.977361
73.346092
70.691529
68.013414
65.311529
62.585846
59.836556
57.064147
54.269528
51.454195
48.620463
45.771808
42.913327
40.05246
37.200102
34.372132
31.592348
28.895909
26.338336
24.001118
22.034057
20.564761
19.801544
132.73716
132.28676
131.39866
130.04921
128.33265
126.39175
124.3263
122.19132
120.01124
117.79616
115.55059
113.27742
110.97903
108.65734
106.31388
103.94961
101.56511
99.160839
96.736884
94.293225
91.829493
89.345622
86.841051
84.315533
81.768607
79.199853
76.608709
73.994913
71.358073
68.69798
66.014397
63.307501
60.577563
57.825217
55.051568
52.25838
49.448336
46.625419
43.795341
40.966626
38.151477
35.367726
32.641793
30.01288
27.540621
25.31367
23.468777
22.17014
21.688286
623.57261
617.73601
615.09383
611.91198
608.84325
605.76704
602.70307
599.66076
596.64442
593.65643
590.69669
587.76428
584.8582
581.97771
579.12215
576.29092
573.48341
570.69899
567.93701
565.19683
562.4778
559.7793
557.1007
554.44135
551.80063
549.17789
546.57252
543.98385
541.41128
538.85415
536.31183
533.78368
531.26905
528.76731
526.27781
523.79996
521.3332
518.8771
516.43173
513.99767
511.57812
509.17858
506.81748
504.52154
502.37661
500.48127
499.28403
499.50798
499.1297
628.16177
620.4714
616.37892
612.97235
609.64581
606.45554
603.3326
600.26046
597.22849
594.23192
591.26667
588.32989
585.41981
582.5355
579.67631
576.84165
574.03088
571.24335
568.47839
565.73536
563.01361
560.31252
557.63144
554.96977
552.32683
549.70202
547.09469
544.50422
541.92997
539.37128
536.82754
534.2981
531.7823
529.27951
526.78902
524.31015
521.84215
519.38416
516.93517
514.49374
512.05784
509.62408
507.18887
504.74892
502.33943
499.99673
497.67503
498.3591
498.23888
632.05256
620.85107
616.13799
612.69426
609.42447
606.26383
603.16115
600.10359
597.08234
594.09272
591.13168
588.19767
585.28971
582.40733
579.55
576.71714
573.90812
571.12227
568.3589
565.61748
562.89728
560.1977
557.5181
554.85784
552.21628
549.59285
546.98684
544.39766
541.82466
539.2672
536.72465
534.19636
531.6817
529.18003
526.69061
524.21278
521.74576
519.28866
516.84032
514.39896
511.96143
509.52092
507.06199
504.54001
501.84934
498.64378
495.78244
495.79921
495.92054
491.5968
492.51632
492.78202
489.38535
489.75592
489.80959
487.06828
487.18185
487.11813
484.6319
484.70505
484.61173
482.10949
482.27246
482.20536
479.54425
479.91784
479.91363
476.01001
477.42628
477.82994
384.31353
384.49501
385.7049
387.55702
389.61594
391.78592
393.98584
396.1911
398.38526
400.56392
402.72487
404.86833
406.99499
409.10598
411.20255
413.28599
415.35763
417.41877
419.47071
421.51475
423.55217
425.58425
427.61223
429.63738
431.66093
433.68411
435.70814
437.73425
439.76364
441.7975
443.83705
445.88346
447.93786
450.00141
452.07529
454.16077
456.25918
458.37285
460.49865
462.64456
464.73685
466.95489
468.45889
471.4712
474.90093
476.06978
476.44736
383.3155
382.80675
383.82959
386.14219
388.58089
390.97219
393.28555
395.54625
397.76888
399.96298
402.13354
404.28372
406.41568
408.53111
410.6316
412.71857
414.79338
416.85737
418.91184
420.9581
422.99744
425.03113
427.06044
429.08662
431.11091
433.13454
435.15874
437.18473
439.21371
441.24689
443.28547
445.33067
447.38372
449.44587
451.51827
453.60179
455.6969
457.80456
459.92793
462.08066
464.28244
466.62543
469.16105
472.06072
474.71501
475.75821
475.80232
381.06272
380.53427
380.16952
385.48236
388.52845
391.05436
393.39619
395.66086
397.88237
400.07426
402.24249
404.39038
406.5201
408.63338
410.73175
412.81663
414.88938
416.95136
419.00386
421.04818
423.08562
425.11745
427.14492
429.16931
431.19183
433.21372
435.23621
437.26052
439.28785
441.31939
443.35638
445.40001
447.45148
449.51199
451.58258
453.664
455.75666
457.86163
459.98355
462.13826
464.36072
466.73359
469.31369
472.19014
474.72803
475.74738
475.26555
377.92889
377.17083
376.49252
375.04607
374.71306
374.41816
372.38431
372.26693
372.13691
369.87999
369.81046
369.68711
367.46556
367.31168
367.12016
365.18196
364.78974
364.38431
363.05182
361.15084
361.11069
361.68089
360.08952
356.67682
353.67954
352.17462
350.00717
347.98559
345.91245
343.8564
341.80806
339.7712
337.74449
335.72735
333.71878
331.71788
329.72368
327.73517
325.7513
323.77103
321.79329
319.81702
317.84114
315.86457
313.88623
311.90503
309.91988
307.92967
305.9333
303.92966
301.91763
299.89608
297.86386
295.81994
293.76308
291.69257
289.60693
287.50696
285.39007
283.26373
281.12021
278.9963
276.86232
274.88799
272.95364
271.70488
272.00143
271.78443
361.02613
360.28786
357.14278
354.48515
352.24129
350.03118
347.93361
345.84142
343.77344
341.71809
339.67653
337.6467
335.62752
333.61763
331.61584
329.62098
327.63194
325.64761
323.66691
321.68877
319.7121
317.73582
315.75886
313.78013
311.79854
309.81299
307.82238
305.8256
303.82154
301.80904
299.78699
297.75418
295.70947
293.65146
291.57908
289.49008
287.3839
285.255
283.10556
280.91598
278.70402
276.39225
274.09665
271.35661
270.11358
270.78723
270.61043
360.91562
360.5545
357.9186
355.08014
352.62656
350.33582
348.19653
346.11253
344.05621
342.01125
339.97534
337.94838
335.9306
333.92162
331.92062
329.9266
327.93849
325.95522
323.97571
321.99887
320.02365
318.04897
316.07376
314.09693
312.1174
310.13406
308.14583
306.15159
304.15024
302.14063
300.12164
298.09213
296.05094
293.99685
291.92873
289.84515
287.74508
285.62629
283.488
281.32315
279.12696
276.8483
274.39318
271.22683
266.54458
267.41404
268.06008
263.93106
264.79579
265.11084
261.72152
262.14364
262.2143
259.44704
259.57867
259.53158
257.02893
257.10703
257.02412
254.50022
254.68337
254.62778
251.89375
252.36089
252.37378
249.13919
250.25263
250.39281
157.12383
157.38898
158.46558
160.2132
162.21802
164.37813
166.57428
168.77583
170.96402
173.13526
175.28795
177.42277
179.54059
181.64262
183.73009
185.80427
187.86645
189.91787
191.95981
193.99352
196.02025
198.04125
200.05777
202.07105
204.08233
206.09282
208.10379
210.11644
212.13202
214.15175
216.17687
218.20859
220.24811
222.29666
224.3555
226.42593
228.50921
230.6062
232.71552
234.82916
236.91715
238.92277
240.68333
242.35683
247.50264
248.70763
248.99154
156.3069
155.91219
157.28752
160.06953
162.34349
164.66779
166.90499
169.12997
171.32109
173.49327
175.64375
177.77635
179.89162
181.9913
184.07658
186.14887
188.20939
190.25943
192.30025
194.33311
196.35927
198.37997
200.39645
202.40996
204.42174
206.43302
208.44504
210.45902
212.47621
214.49782
216.5251
218.55927
220.60158
222.65328
224.71564
226.78991
228.87727
230.97901
233.09623
235.23256
237.3828
239.60011
241.79364
244.84139
247.43327
248.24507
248.2863
153.87951
152.46858
153.65578
158.72296
161.75841
164.28028
166.5915
168.83237
171.03174
173.20603
175.35847
177.49217
179.60847
181.70891
183.79475
185.86733
187.92793
189.97783
192.01828
194.05055
196.07589
198.09553
200.11074
202.12275
204.13281
206.14213
208.15196
210.16353
212.17806
214.19678
216.22092
218.25172
220.29042
222.33825
224.39631
226.46515
228.54413
230.63117
232.72554
234.83942
237.01989
239.3799
242.02767
245.04041
247.47471
248.25746
247.68226
151.02952
150.23642
149.2471
148.22327
147.86711
147.44071
145.58218
145.44167
145.28525
143.09314
143.01184
142.88375
140.70509
140.53973
140.32917
138.46524
138.09225
137.5902
136.49634
135.71445
134.32403
135.09546
133.40383
131.41836
127.25527
125.09443
122.86015
120.52035
118.10227
115.65195
113.1835
110.70153
108.20638
105.69742
103.1738
100.63473
98.079484
95.507339
92.917592
90.309527
87.682416
85.035531
82.368131
79.679485
76.968848
74.235475
71.478604
68.697452
65.891267
63.059261
60.20065
57.314625
54.400381
51.457085
48.483889
45.479919
42.444279
39.376043
36.274244
33.137849
29.965803
26.756922
23.51009
20.223944
16.898148
13.53333
10.139145
6.7678498
3.3898143
134.49703
133.39065
130.65886
127.3584
124.92366
122.44106
119.99984
117.54746
115.08667
112.61322
110.12668
107.62648
105.1121
102.58287
100.03805
97.476924
94.898758
92.302826
89.688409
87.054775
84.401195
81.726928
79.031238
76.313367
73.572591
70.80812
68.019186
65.205021
62.364842
59.497861
56.603269
53.68025
50.727975
47.745585
44.732211
41.686951
38.608865
35.497027
32.350332
29.167937
25.948245
22.691376
19.393707
16.061778
12.684326
9.3046767
5.8842005
2.1568723
134.50211
133.84114
131.27031
128.1999
125.44374
122.84367
120.36007
117.91254
115.46479
113.00208
110.52243
108.02692
105.51634
102.99071
100.44956
97.892204
95.317922
92.725987
90.115683
87.486271
84.837035
82.167232
79.476127
76.762966
74.02702
71.267516
68.483679
65.674745
62.839931
59.97845
57.089501
54.17227
51.225934
48.249642
45.242532
42.203706
39.132245
36.027201
32.88756
29.712295
26.500238
23.250366
19.96121
16.63265
13.262759
9.8617596
6.4020504
2.9341072
623.28364
617.88974
615.08629
611.90182
608.84015
605.76704
602.70412
599.66202
596.64563
593.65755
590.69775
587.76529
584.85915
581.9786
579.12299
576.29173
573.48418
570.69972
567.9377
565.19748
562.47842
559.77989
557.10126
554.44188
551.80113
549.17836
546.57296
543.98426
541.41166
538.85451
536.31215
533.78397
531.2693
528.76754
526.27799
523.8001
521.33328
518.87713
516.4317
513.99757
511.57799
509.17853
506.81789
504.52374
502.38292
500.49756
499.32251
499.58291
499.20219
626.4243
620.6305
616.38275
612.89517
609.59008
606.40724
603.28755
600.21567
597.18316
594.18588
591.22008
588.28293
585.37261
582.48811
579.62873
576.79386
573.98287
571.19511
568.4299
565.68662
562.96461
560.26325
557.5819
554.91993
552.2767
549.65159
547.04394
544.45313
541.87854
539.3195
536.7754
534.24558
531.72939
529.22618
526.73527
524.25595
521.78748
519.32897
516.8794
514.43729
512.00048
509.56553
507.12809
504.68542
502.2628
499.95918
497.72339
498.40755
498.35433
630.37916
620.89197
616.20371
612.72482
609.45942
606.29788
603.19467
600.13637
597.11447
594.12422
591.16258
588.22792
585.31937
582.43642
579.57854
576.74517
573.93564
571.14931
568.3855
565.64361
562.92298
560.22298
557.54298
554.88234
552.24042
549.61662
547.01027
544.42076
541.84744
539.28968
536.74685
534.21829
531.70338
529.20144
526.71178
524.23372
521.76649
519.30919
516.86067
514.41919
511.98168
509.54167
507.08448
504.57023
501.89718
498.83796
495.72411
495.79784
496.05875
491.68904
492.50184
492.86348
489.35837
489.6951
489.84916
487.01209
487.10773
487.14633
484.5634
484.62379
484.63917
482.04413
482.1937
482.23308
479.49461
479.83624
479.93612
476.00722
477.42955
477.8402
384.32717
384.50849
385.69463
387.53545
389.58998
391.7584
393.95833
396.16407
398.35886
400.5382
402.69984
404.84399
406.97134
409.08301
411.18025
413.26436
415.33665
417.39844
419.45103
421.49571
423.53377
425.56647
427.59508
429.62085
431.64502
433.66881
435.69346
437.72017
439.75016
441.78462
443.82477
445.87177
447.92676
449.99091
452.06538
454.15143
456.25038
458.36449
460.49066
462.63653
464.72981
466.95786
468.40907
471.43585
474.91151
476.07176
476.44785
383.29635
382.86445
383.7623
386.11673
388.61843
391.03585
393.36088
395.62599
397.85035
400.04504
402.21575
404.36593
406.49782
408.61319
410.71363
412.80056
414.87536
416.93937
418.99389
421.04023
423.07969
425.11352
427.143
429.16938
431.1939
433.21779
435.24228
437.26859
439.29792
441.33147
443.37046
445.41609
447.46963
449.53234
451.60532
453.68927
455.7843
457.89083
460.01259
462.16577
464.38344
466.76941
469.43857
472.41207
474.93388
475.83591
475.81743
380.98751
380.33498
379.92178
385.41495
388.49059
391.02412
393.37006
395.63666
397.85927
400.05184
402.22059
404.36891
406.49902
408.61267
410.71139
412.79662
414.8697
416.932
418.98481
421.02944
423.06718
425.0993
427.12705
429.15171
431.1745
433.19665
435.2194
437.24395
439.27152
441.3033
443.34051
445.38436
447.43605
449.49678
451.56761
453.64923
455.74193
457.84653
459.96743
462.1206
464.34346
466.72384
469.3378
472.26556
474.84707
475.84004
475.47815
377.84717
377.10396
376.56888
374.9579
374.62426
374.46152
372.30336
372.19079
372.17813
369.80091
369.73007
369.72356
367.38615
367.22712
367.1591
365.08643
364.6801
364.43344
362.96449
361.14759
361.25901
361.65958
360.09195
356.64085
353.63054
352.17849
350.00174
347.97901
345.90552
343.8488
341.79997
339.76259
337.73537
335.71771
333.70862
331.70721
329.7125
327.72348
325.7391
323.75832
321.78007
319.80329
317.82689
315.84981
313.87096
311.88924
309.90357
307.91285
305.91596
303.91179
301.89923
299.87714
297.84439
295.79993
293.74252
291.67146
289.58526
287.48476
285.36732
283.24056
281.09665
278.97306
276.84042
274.87261
272.95354
271.72082
272.05731
271.7582
361.12456
360.37204
357.18644
354.51523
352.26558
350.05305
347.9551
345.86259
343.79421
341.73842
339.69636
337.66604
335.64637
333.636
331.63373
329.6384
327.64889
325.66408
323.68291
321.7043
319.72715
317.7504
315.77297
313.79376
311.81169
309.82566
307.83457
305.83731
303.83276
301.81978
299.79723
297.76392
295.7187
293.66018
291.58728
289.49775
287.39105
285.26158
283.1116
280.92133
278.70882
276.39655
274.09492
271.35963
270.14224
270.83235
270.70651
361.03494
360.65893
357.95399
355.07836
352.61995
350.33245
348.19564
346.11308
344.05706
342.01198
339.97584
337.94867
335.93073
333.92162
331.92052
329.9264
327.93821
325.95486
323.97528
321.9984
320.02314
318.04843
316.07319
314.09635
312.11682
310.13349
308.14529
306.15108
304.14977
302.14021
300.1213
298.09186
296.05076
293.99677
291.92877
289.84535
287.74548
285.62705
283.48935
281.326
279.13316
276.86504
274.4282
271.38849
266.50528
267.27949
268.13636
263.7741
264.64232
265.16684
261.67165
262.06103
262.24706
259.39008
259.50385
259.55779
256.96105
257.02771
257.0513
254.43509
254.60807
254.65795
251.83407
252.29725
252.40594
249.10069
250.23921
250.42835
157.13369
157.45032
158.56305
160.31188
162.30833
164.4637
166.65743
168.85785
171.04519
173.21585
175.36802
177.50239
179.6198
181.72147
183.80862
185.88254
187.94449
189.99574
192.03754
194.07116
196.09785
198.11885
200.13542
202.14879
204.1602
206.17088
208.18207
210.195
212.21089
214.23099
216.25651
218.28868
220.32871
222.37782
224.43727
226.5084
228.59254
230.69068
232.8015
234.91602
237.00185
238.98895
240.72598
242.42835
247.53292
248.81599
249.00817
156.26668
155.9299
157.29462
160.07471
162.35126
164.67478
166.91181
169.13716
171.32868
173.50138
175.65239
177.78555
179.90138
182.00163
184.08749
186.16035
188.22144
190.27205
192.31344
194.34688
196.37361
198.39488
200.41194
202.42602
204.43838
206.45024
208.46283
210.4774
212.49517
214.51737
216.54524
218.58
220.62291
222.67521
224.73817
226.81306
228.90106
231.00347
233.12147
235.25853
237.40976
239.62369
241.80384
244.91904
247.5099
248.39358
248.31805
153.76021
152.43564
153.44975
158.63351
161.71928
164.25708
166.57389
168.81673
171.01668
173.19118
175.34367
177.47738
179.59367
181.69409
183.77991
185.85248
187.91307
189.96295
192.00339
194.03564
196.06097
198.08061
200.09581
202.10782
204.11787
206.12719
208.13703
210.1486
212.16314
214.18188
216.20604
218.23685
220.27558
222.32345
224.38156
226.45039
228.52912
230.61523
232.70761
234.81949
237.0035
239.38342
242.07656
245.13995
247.57246
248.35516
247.92257
150.89618
150.03114
149.23466
148.12129
147.73944
147.46507
145.49776
145.35959
145.3232
143.01393
142.93065
142.91936
140.62873
140.45844
140.36919
138.39222
137.9989
137.64487
136.45149
135.6609
134.51918
135.09239
133.43231
131.32169
127.30812
125.04187
122.77977
120.42522
118.00274
115.5506
113.08131
110.59866
108.10283
105.59316
103.06879
100.52896
97.972913
95.399949
92.809357
90.200421
87.572413
84.924605
82.256258
79.566638
76.854999
74.120594
71.362666
68.580431
65.773132
62.939986
60.080205
57.192982
54.277507
51.332949
48.358456
45.353155
42.316147
39.246502
36.143252
33.00536
29.831761
26.621261
23.372715
20.084701
16.756727
13.388241
9.986843
6.5597591
3.1437318
134.54012
133.43205
130.70572
127.33939
124.92053
122.44216
119.99995
117.5472
115.08624
112.61272
110.12614
107.62591
105.1115
102.58225
100.03742
97.476277
94.898095
92.302149
89.687718
87.054069
84.400475
81.726193
79.030489
76.312604
73.571811
70.807322
68.01837
65.204186
62.363986
59.496981
56.602364
53.679315
50.727005
47.744575
44.731151
41.685829
38.607665
35.495727
32.3489
29.16633
25.946383
22.689148
19.390804
16.05763
12.676077
9.2845653
5.8064868
2.1428362
134.54659
133.93323
131.31675
128.20698
125.44446
122.84756
120.36642
117.92023
115.47298
113.01037
110.5307
108.03516
105.52458
102.99896
100.45783
97.900496
95.326241
92.734336
90.124063
87.49469
84.845493
82.175734
79.484678
76.771571
74.035682
71.276237
68.492465
65.6836
62.848858
59.987454
57.098585
54.181438
51.235188
48.258985
45.251964
42.213228
39.141856
36.036894
32.89733
29.722126
26.510113
23.260221
19.970975
16.641933
13.270972
9.8630942
6.391334
2.8120601
622.97373
617.9615
615.07634
611.88943
608.83586
605.76636
602.70495
599.6632
596.64686
593.65872
590.69887
587.76636
584.86019
581.97961
579.12397
576.29267
573.48509
570.7006
567.93855
565.1983
562.47921
559.78065
557.10198
554.44257
551.80179
549.17899
546.57356
543.98483
541.4122
538.85501
536.31262
533.7844
531.2697
528.76789
526.2783
523.80036
521.33349
518.87727
516.43178
513.99759
511.57795
509.17853
506.81819
504.52557
502.38854
500.51774
499.35229
499.64829
499.25826
625.52455
620.67914
616.4522
612.91175
609.62071
606.44377
603.32605
600.25374
597.22019
594.22187
591.25526
588.3175
585.40671
582.52178
579.66199
576.82672
574.01533
571.22718
568.4616
565.71794
562.99557
560.29386
557.61216
554.94987
552.30632
549.68088
547.07293
544.48183
541.90695
539.34763
536.80326
534.27317
531.75673
529.25327
526.76212
524.28258
521.81389
519.35521
516.9055
514.46338
512.02684
509.59282
507.15774
504.72107
502.3094
500.03911
497.7518
498.48534
498.45343
629.5113
620.92697
616.27193
612.76854
609.50783
606.34679
603.24329
600.18416
597.16137
594.1702
591.20762
588.27198
585.36246
582.47857
579.61977
576.7855
573.97509
571.18789
568.42323
565.6805
562.95904
560.25824
557.57744
554.91601
552.27333
549.64877
547.04167
544.45142
541.87738
539.3189
536.77536
534.24611
531.7305
529.22787
526.73754
524.2588
521.7909
519.33293
516.88376
514.44167
512.00363
509.56341
507.1068
504.59651
501.93154
498.89796
495.7518
495.90562
496.17995
491.74436
492.56355
492.93991
489.39097
489.72954
489.88521
487.04685
487.13832
487.16921
484.59537
484.65082
484.6606
482.07703
482.218
482.25525
479.53201
479.85081
479.95573
476.00267
477.44035
477.85654
384.30532
384.52748
385.70234
387.52796
389.57846
391.74537
393.94517
396.1511
398.34621
400.52589
402.68789
404.8324
406.9601
409.07212
411.1697
413.25415
415.32679
417.38891
419.44183
421.48684
423.52522
425.55825
427.58718
429.61326
431.63774
433.66185
435.6868
437.71382
439.74411
441.77888
443.81933
445.86662
447.92191
449.98636
452.06113
454.14746
456.24668
458.36098
460.48727
462.6329
464.72724
466.96233
468.37164
471.40133
474.92072
476.07532
476.4606
383.36006
382.90224
383.74768
386.06661
388.58258
391.00849
393.33828
395.60556
397.83101
400.02631
402.19741
404.34788
406.48
408.59559
410.69621
412.78331
414.85825
416.92238
418.97701
421.02345
423.06298
425.09688
427.12641
429.15282
431.17736
433.20126
435.22574
437.25202
439.28131
441.31481
443.35372
445.39928
447.45274
449.51537
451.58827
453.67199
455.76635
457.87137
459.99106
462.14369
464.36881
466.77966
469.51236
472.51498
474.96594
475.8744
475.84692
381.07197
380.36287
379.67831
385.36263
388.46407
391.00524
393.35501
395.62365
397.84759
400.04117
402.21079
404.35992
406.49081
408.60522
410.70467
412.79062
414.86442
416.92742
418.98092
421.02624
423.06465
425.09743
427.12585
429.15115
431.17458
433.19737
435.22074
437.24592
439.2741
441.3065
443.34431
445.38875
447.44104
449.50238
451.57381
453.656
455.74911
457.85372
459.97415
462.12665
464.35129
466.74091
469.38627
472.35711
474.96992
475.944
475.65846
377.91497
377.17278
376.58568
374.99382
374.65708
374.48791
372.33089
372.22585
372.20971
369.82583
369.7623
369.75271
367.4102
367.25946
367.18932
365.10312
364.70661
364.46811
362.98932
361.14314
361.32021
361.69354
360.1048
356.61184
353.59471
352.18248
349.99939
347.97587
345.9025
343.84542
341.79639
339.75875
337.73129
335.71338
333.70406
331.70242
329.70747
327.7182
325.73359
323.75257
321.77408
319.79706
317.82042
315.8431
313.864
311.88204
309.89612
307.90515
305.90801
303.9036
301.89077
299.86844
297.83543
295.7907
293.73303
291.66171
289.57523
287.47448
285.35678
283.22985
281.08584
278.96267
276.83158
274.86914
272.96366
271.73884
272.09392
271.73929
361.17784
360.44519
357.21659
354.53346
352.27746
350.06234
347.96391
345.87131
343.80286
341.74694
339.70468
337.67415
335.65425
333.64366
331.64119
329.64564
327.65591
325.6709
323.68952
321.71069
319.73333
317.75636
315.77871
313.79929
311.817
309.83075
307.83944
305.84195
303.83718
301.82397
299.80119
297.76765
295.7222
293.66343
291.59029
289.50051
287.39356
285.26382
283.11361
280.92302
278.71015
276.39758
274.08887
271.3558
270.15682
270.90907
270.78615
361.14748
360.78823
358.02463
355.11047
352.64159
350.35415
348.21843
346.13677
344.08073
342.03515
339.99832
337.97043
335.95179
333.94199
331.94023
329.94547
327.95663
325.97265
323.99244
322.01493
320.03906
318.06375
316.08791
314.11048
312.13036
310.14646
308.15767
306.16289
304.16101
302.1509
300.13142
298.10143
296.05978
294.00526
291.93672
289.85279
287.75245
285.63365
283.49582
281.33305
279.14238
276.88156
274.45833
271.45318
266.46481
267.23313
268.21101
263.69316
264.6286
265.21943
261.68037
262.08038
262.27664
259.4208
259.53257
259.57911
256.9925
257.05564
257.07274
254.46771
254.63572
254.68267
251.86428
252.32534
252.43462
249.10744
250.28105
250.46389
157.11673
157.45733
158.56872
160.29768
162.28342
164.43283
166.62487
168.82507
171.01282
173.18409
175.33692
177.47196
179.59004
181.69236
183.78015
185.85469
187.91725
189.96909
192.01148
194.04567
196.07292
198.09447
200.11158
202.12548
204.1374
206.14859
208.16028
210.17369
212.19007
214.21064
216.23662
218.26924
220.30972
222.35927
224.41917
226.49075
228.57541
230.67421
232.78587
234.90104
236.98594
238.9608
240.65818
242.21936
247.57021
248.88146
249.03538
156.31091
155.94161
157.29668
160.07382
162.35427
164.67693
166.91373
169.13917
171.33086
173.50381
175.65509
177.78853
179.90464
182.00519
184.09135
186.1645
188.22588
190.27679
192.31847
194.3522
196.37922
198.40078
200.41813
202.43251
204.44516
206.45731
208.47019
210.48505
212.50311
214.52561
216.55376
218.58882
220.63202
222.68461
224.74788
226.82308
228.9114
231.01412
233.1325
235.26982
237.42192
239.63323
241.8057
244.97542
247.57575
248.47713
248.36282
153.82781
152.40062
153.27555
158.57566
161.69583
164.24541
166.56665
168.81145
171.01244
173.18773
175.34092
177.47531
179.59228
181.69337
183.77988
185.85313
187.91441
189.96498
192.0061
194.03905
196.06507
198.08541
200.10131
202.11402
204.12478
206.13481
208.14536
210.15765
212.17291
214.19238
216.21727
218.24882
220.2883
222.33693
224.39581
226.46536
228.54455
230.63051
232.7219
234.83317
237.02244
239.42278
242.15713
245.26359
247.69696
248.46962
248.12597
150.93407
150.02146
149.17356
148.14791
147.75119
147.46981
145.52293
145.39088
145.35016
143.0383
142.96272
142.94689
140.65496
140.49476
140.39914
138.42164
138.04355
137.6817
136.49359
135.74071
134.57807
135.13264
133.46383
131.3245
127.33839
125.05164
122.79167
120.43336
118.00922
115.55595
113.086
110.60283
108.10655
105.59644
103.07166
100.53141
97.974957
95.401592
92.810604
90.201276
87.57288
84.924688
82.255961
79.565965
76.853954
74.11918
71.360882
68.578283
65.770621
62.937115
60.076976
57.189395
54.273563
51.328647
48.353795
45.348133
42.31076
39.240745
36.137114
32.998833
29.824822
26.613881
23.364814
20.076131
16.746952
13.375798
9.9655855
6.5085361
2.9619648
134.57398
133.47712
130.744
127.3258
124.91743
122.44278
119.99961
117.54654
115.08545
112.61189
110.12526
107.62499
105.11056
102.58128
100.03642
97.475249
94.897039
92.301065
89.686606
87.052928
84.399305
81.724994
79.02926
76.311345
73.570521
70.806
68.017016
65.202799
62.362565
59.495523
56.600867
53.677777
50.725422
47.742941
44.72946
41.684071
38.605828
35.493792
32.34684
29.164105
25.943915
22.686295
19.387174
16.052359
12.665705
9.2622075
5.7411441
2.1225475
134.58472
134.02147
131.36784
128.21917
125.44493
122.84776
120.36792
117.92289
115.4762
113.01371
110.53395
108.03828
105.52758
103.00187
100.46065
97.903234
95.328899
92.736917
90.126568
87.497124
84.847857
82.178031
79.48691
76.773742
74.037792
71.278287
68.494459
65.685537
62.850741
59.989282
57.100359
54.183156
51.236848
48.260584
45.253494
42.214681
39.143218
36.038145
32.898442
29.723056
26.510798
23.260539
19.970719
16.640487
13.26697
9.8505051
6.3609846
2.7171112
622.89152
617.99016
615.06734
611.87464
608.83018
605.76446
602.70485
599.6636
596.64738
593.65919
590.6993
587.76677
584.86058
581.97999
579.12434
576.29303
573.48543
570.70093
567.93887
565.1986
562.47949
559.78091
557.10223
554.44281
551.802
549.17919
546.57373
543.98499
541.41234
538.85513
536.31272
533.78449
531.26976
528.76792
526.27831
523.80033
521.33343
518.87717
516.43162
513.99736
511.57764
509.17815
506.81776
504.5256
502.38959
500.52625
499.36899
499.68197
499.29337
625.16323
620.72448
616.49244
612.91708
609.63809
606.46779
603.3524
600.28001
597.24573
594.24666
591.27947
588.34127
585.43012
582.54489
579.6848
576.84924
574.03755
571.24911
568.48325
565.73932
563.01668
560.31471
557.63276
554.97021
552.32642
549.70074
547.09256
544.50123
541.92613
539.3666
536.82201
534.29173
531.77508
529.27143
526.78009
524.30037
521.8315
519.37266
516.92285
514.48071
512.04436
509.61107
507.17785
504.74577
502.34269
500.09249
497.76735
498.52449
498.51606
629.16193
620.97116
616.32495
612.80221
609.54534
606.38581
603.28253
600.22284
597.19928
594.20732
591.24397
588.30755
585.39727
582.51263
579.65311
576.81812
574.00702
571.21913
568.4538
565.71039
562.98827
560.28681
557.60537
554.94332
552.30001
549.67483
547.06713
544.47627
541.90164
539.34258
536.79846
534.26863
531.75245
529.24925
526.75836
524.27906
521.8106
519.35208
516.90238
514.45978
512.02134
509.58099
507.12502
504.61806
501.96068
498.93514
495.77705
495.97431
496.2587
491.78832
492.60888
492.99427
489.41699
489.75522
489.91352
487.07204
487.16046
487.18837
484.61839
484.67026
484.67823
482.10058
482.23539
482.27285
479.55643
479.86204
479.97101
476.00297
477.45008
477.87047
384.29177
384.53826
385.70389
387.52144
389.57064
391.73701
393.93691
396.14303
398.33835
400.51826
402.68048
404.8252
406.95311
409.06534
411.16313
413.24778
415.32062
417.38294
419.43606
421.48126
423.51983
425.55304
427.58216
429.60843
431.6331
433.65739
435.68252
437.70972
439.74019
441.77513
443.81576
445.86322
447.91869
449.98332
452.05826
454.14477
456.24416
458.35852
460.48479
462.6302
464.72518
466.96333
468.35603
471.38564
474.92609
476.081
476.47413
383.40445
382.92614
383.74572
386.03445
388.55889
390.99038
393.32326
395.59199
397.8182
400.01393
402.18534
404.33603
406.46836
408.58412
410.6849
412.77215
414.84722
416.91148
418.96622
421.01276
423.05239
425.08637
427.11597
429.14245
431.16704
433.19098
435.21549
437.24179
439.2711
441.3046
443.34351
445.38905
447.4425
449.50513
451.578
453.66161
455.7556
457.85977
459.97846
462.13096
464.36057
466.78566
469.55403
472.57113
474.98075
475.90517
475.87699
381.13058
380.38347
379.538
385.32539
388.4441
390.99107
393.34378
395.61403
397.83903
400.03343
402.20377
404.35356
406.48509
408.60012
410.70018
412.78673
414.86112
416.92469
418.97876
421.02464
423.0636
425.09693
427.12588
429.15172
431.17567
433.19898
435.22286
437.24854
439.27723
441.31012
443.34843
445.39335
447.44613
449.50795
451.57987
453.66252
455.75597
457.86067
459.9809
462.13316
464.35933
466.75555
469.42138
472.41839
475.04794
476.01534
475.7822
377.96326
377.22238
376.59995
375.02037
374.6825
374.50938
372.35123
372.25119
372.23396
369.84405
369.78552
369.77575
367.42736
367.28244
367.21378
365.1152
364.7247
364.49728
363.00625
361.14365
361.36258
361.71784
360.11159
356.5987
353.57968
352.18333
349.99745
347.97353
345.90034
343.84311
341.79397
339.75619
337.72859
335.71053
333.70107
331.69928
329.70419
327.71479
325.73003
323.74887
321.77023
319.79307
317.81629
315.83882
313.85957
311.87747
309.8914
307.90028
305.90299
303.89843
301.88545
299.86296
297.8298
295.78491
293.72708
291.65559
289.56896
287.46804
285.35018
283.22311
281.07903
278.95601
276.82578
274.86587
272.96836
271.74743
272.10593
271.7246
361.21955
360.48399
357.23318
354.54525
352.28454
350.0676
347.96871
345.87612
343.80771
341.75175
339.70939
337.67873
335.65871
333.64799
331.64539
329.64972
327.65987
325.67473
323.69322
321.71427
319.73678
317.75969
315.78191
313.80236
311.81994
309.83356
307.84212
305.84451
303.8396
301.82625
299.80334
297.76966
295.72407
293.66516
291.59187
289.50195
287.39486
285.26498
283.11465
280.92398
278.71104
276.39861
274.08618
271.35305
270.16677
270.94476
270.83619
361.22532
360.86916
358.07134
355.13735
352.66365
350.37674
348.24151
346.16001
344.10361
342.05746
340.01996
337.99141
335.97212
333.9617
331.95931
329.96394
327.9745
325.98992
324.00911
322.03101
320.05456
318.07866
316.10226
314.12425
312.14356
310.15909
308.16974
306.17441
304.17197
302.1613
300.14128
298.11073
296.06853
294.01346
291.94438
289.85992
287.75907
285.63985
283.50176
281.33928
279.15016
276.89467
274.48269
271.49074
266.44635
267.19464
268.25958
263.64709
264.62164
265.25447
261.6881
262.09355
262.29875
259.44261
259.55281
259.59675
257.01529
257.07581
257.09057
254.49158
254.65599
254.70271
251.88719
252.34663
252.45771
249.11534
250.31246
250.4926
157.10477
157.46135
158.57376
160.28986
162.26769
164.41284
166.60355
168.80354
170.99154
173.1632
175.31648
177.45198
179.5705
181.67326
183.76148
185.83643
187.8994
189.95164
191.99442
194.02899
196.05661
198.07853
200.096
202.11025
204.12252
206.13404
208.14606
210.1598
212.1765
214.19738
216.22367
218.25659
220.29736
222.34721
224.4074
226.47928
228.56429
230.66351
232.77569
234.89115
236.975
238.94125
240.61266
242.09186
247.5937
248.9305
249.06136
156.34001
155.9486
157.29663
160.07372
162.35636
164.67816
166.91469
169.14008
171.33183
173.50491
175.65634
177.78994
179.90623
182.00695
184.09329
186.16661
188.22817
190.27925
192.32111
194.35501
196.3822
198.40394
200.42146
202.43601
204.44883
206.46115
208.4742
210.48923
212.50747
214.53013
216.55846
218.59369
220.63706
222.68982
224.75326
226.82864
228.91714
231.02002
233.13852
235.27574
237.42837
239.63861
241.81017
245.0079
247.60986
248.53851
248.40499
153.87007
152.38517
153.1863
158.54175
161.68072
164.23733
166.56149
168.80772
171.00958
173.18558
175.33944
177.4745
179.59213
181.69389
183.78107
185.85499
187.91693
189.96817
192.00997
194.04359
196.07028
198.09129
200.10787
202.12126
204.13269
206.14341
208.15464
210.16761
212.18357
214.20372
216.22931
218.26157
220.30175
222.3511
224.41069
226.48092
228.56066
230.64685
232.73801
234.84938
237.04214
239.45377
242.21032
245.33901
247.77295
248.54874
248.26555
150.95931
150.01913
149.13726
148.16589
147.76021
147.47414
145.54076
145.41249
145.36993
143.05592
142.98554
142.96826
140.67401
140.52083
140.42326
138.44342
138.07614
137.71271
136.52425
135.79447
134.61414
135.16042
133.48093
131.33286
127.36476
125.06108
122.79981
120.43842
118.01306
115.55903
113.08868
110.6052
108.10863
105.59824
103.07318
100.53266
97.975945
95.402319
92.811071
90.201487
87.572837
84.924393
82.255418
79.565175
76.85292
74.117903
71.359362
68.576524
65.768623
62.934881
60.074505
57.186688
54.27062
51.325467
48.350376
45.344472
42.306854
39.236588
36.132696
32.994143
29.81984
26.60857
23.359087
20.069792
16.739361
13.365101
9.945407
6.4609791
2.8447789
134.59666
133.49741
130.76355
127.31997
124.91508
122.44272
119.99909
117.54593
115.08479
112.61122
110.1246
107.62431
105.10986
102.58057
100.0357
97.474511
94.896287
92.300298
89.685822
87.052128
84.398488
81.72416
79.028408
76.310477
73.569633
70.805093
68.01609
65.201851
62.361595
59.49453
56.599849
53.676731
50.724345
47.741829
44.728307
41.68287
38.604568
35.492456
32.345405
29.162533
25.942129
22.684137
19.384218
16.047608
12.655696
9.2412238
5.6858769
2.1101607
134.60922
134.06862
131.39411
128.22525
125.44527
122.84856
120.36951
117.925
115.4785
113.01599
110.53613
108.04033
105.52952
103.00371
100.46239
97.90488
95.330453
92.738383
90.127947
87.498417
84.849067
82.179159
79.487958
76.774712
74.038683
71.279101
68.495197
65.686199
62.851328
59.989793
57.100792
54.183511
51.237121
48.260769
45.253586
42.214669
39.143088
36.037877
32.898008
29.722412
26.509878
23.259215
19.968746
16.637197
13.260711
9.8357314
6.3288607
2.6513256
622.99623
617.94963
615.05767
611.85887
608.82434
605.76195
602.7041
599.66334
596.64725
593.65905
590.69913
587.76658
584.8604
581.97981
579.12417
576.29286
573.48527
570.70076
567.9387
565.19843
562.47932
559.78074
557.10206
554.44263
551.80183
549.17901
546.57355
543.98481
541.41215
538.85494
536.31252
533.78428
531.26955
528.7677
526.27808
523.80009
521.33316
518.87687
516.43128
513.99695
511.57712
509.17742
506.81653
504.52357
502.3854
500.52018
499.3668
499.67113
499.29927
625.21309
620.75018
616.50621
612.91594
609.64874
606.48435
603.37109
600.29862
597.26382
594.26425
591.2967
588.35822
585.44684
582.56139
579.7011
576.86533
574.05344
571.2648
568.49874
565.75462
563.03179
560.32963
557.6475
554.98477
552.34081
549.71496
547.10661
544.51512
541.93986
539.38017
536.83543
534.305
531.78821
529.28441
526.79293
524.31307
521.84408
519.38513
516.93524
514.4931
512.05695
509.62428
507.19268
504.76438
502.36829
500.12949
497.76604
498.5095
498.52619
629.22428
621.03634
616.36537
612.82603
609.57133
606.41351
603.31064
600.25046
597.22618
594.23353
591.26957
588.3326
585.4218
582.53666
579.67665
576.84118
574.0296
571.24124
568.47545
565.73159
563.00902
560.30712
557.62524
554.96275
552.31903
549.69342
547.0853
544.49404
541.919
539.35953
536.81502
534.28479
531.76822
529.26464
526.77336
524.29368
521.82483
519.36594
516.91587
514.47295
512.03427
509.59396
507.13878
504.6351
501.9878
498.99578
495.81386
495.99531
496.28002
491.83404
492.63624
493.01694
489.44055
489.77423
489.93098
487.09057
487.1775
487.20392
484.63551
484.68543
484.69282
482.11878
482.24862
482.28649
479.575
479.8703
479.98224
476.01283
477.45815
477.88066
384.2759
384.5338
385.69458
387.51326
389.56424
391.73123
393.93158
396.13793
398.33345
400.5135
402.67585
404.82071
406.94874
409.06109
411.159
413.24377
415.31672
417.37915
419.43238
421.47769
423.51637
425.54969
427.57891
429.60528
431.63005
433.65444
435.67967
437.70696
439.73753
441.77257
443.81329
445.86085
447.91641
449.98114
452.05618
454.14279
456.24226
458.35664
460.48284
462.62815
464.72319
466.95981
468.36664
471.39592
474.92648
476.08692
476.48604
383.41486
382.93193
383.75729
386.01766
388.54485
390.97856
393.31281
395.58224
397.80885
400.00483
402.17644
404.3273
406.45977
408.57568
410.67659
412.76395
414.83914
416.9035
418.95834
421.00497
423.04467
425.07873
427.1084
429.13494
431.15958
433.18357
435.20812
437.23446
439.26379
441.29732
443.33624
445.38179
447.43524
449.49787
451.57073
453.65432
455.74827
457.85237
459.9712
462.12345
464.35306
466.77731
469.54644
472.56113
474.9601
475.9166
475.90258
381.15173
380.40011
379.53208
385.30837
388.43057
390.98051
393.33507
395.60641
397.83214
400.02712
402.19796
404.34822
406.4802
408.59566
410.69616
412.78312
414.85792
416.92189
418.97636
421.02263
423.06197
425.09568
427.125
429.1512
431.17552
433.19918
435.22342
437.24945
439.27847
441.3117
443.35034
445.3956
447.4487
449.51085
451.58309
453.66605
455.75979
457.86474
459.98521
462.13771
464.3647
466.76264
469.43337
472.43277
475.0614
476.04059
475.85889
377.98923
377.2612
376.63868
375.03881
374.70452
374.53195
372.36748
372.27049
372.25144
369.85881
369.80326
369.79246
367.44041
367.30024
367.23291
365.12354
364.73991
364.52385
363.01418
361.15373
361.42164
361.72903
360.10995
356.6072
353.58935
352.18022
349.99561
347.97176
345.89867
343.84149
341.79231
339.75446
337.72676
335.70862
333.69907
331.6972
329.70203
327.71254
325.7277
323.74646
321.76774
319.79049
317.81362
315.83607
313.85674
311.87455
309.8884
307.89719
305.89981
303.89515
301.88208
299.8595
297.82624
295.78126
293.72332
291.65174
289.565
287.46396
285.34599
283.21877
281.07455
278.95126
276.82086
274.85982
272.96308
271.74007
272.08303
271.70177
361.2418
360.48034
357.23319
354.54975
352.28742
350.07023
347.97111
345.87864
343.81033
341.75436
339.71195
337.68122
335.66113
333.65035
331.64768
329.65194
327.66202
325.67682
323.69524
321.71621
319.73866
317.7615
315.78365
313.80403
311.82154
309.83509
307.84357
305.84588
303.84089
301.82747
299.80448
297.77072
295.72505
293.66606
291.59269
289.50269
287.39553
285.26561
283.11527
280.92472
278.71208
276.40042
274.08948
271.35505
270.17053
270.92267
270.84096
361.2619
360.87671
358.07318
355.14673
352.6796
350.39552
348.26053
346.17824
344.121
342.07413
340.03606
338.007
335.98723
333.97634
331.97349
329.97766
327.98777
326.00273
324.02148
322.04294
320.06604
318.08971
316.11287
314.13444
312.15332
310.16842
308.17864
306.18288
304.18002
302.16893
300.14848
298.11751
296.07489
294.01939
291.94989
289.86502
287.76377
285.64419
283.50586
281.34348
279.15545
276.90398
274.50322
271.54015
266.45551
267.16912
268.26626
263.64629
264.61848
265.26339
261.70022
262.10269
262.31017
259.45859
259.56796
259.61052
257.03224
257.09151
257.10537
254.51059
254.6716
254.71852
251.90886
252.36229
252.47519
249.14089
250.33216
250.51389
157.09021
157.45668
158.57139
160.28218
162.25609
164.39879
166.58869
168.78857
170.97673
173.14866
175.30224
177.43803
179.55684
181.65989
183.74839
185.82362
187.88685
189.93935
191.98238
194.0172
196.04507
198.06722
200.08492
202.09939
204.11188
206.12363
208.13585
210.1498
212.1667
214.18777
216.21426
218.24737
220.28832
222.33835
224.39872
226.4708
228.556
230.65543
232.76779
234.88311
236.96592
238.92791
240.59296
242.05289
247.59788
248.95934
249.08295
156.33855
155.95051
157.2983
160.0769
162.35833
164.67917
166.91537
169.14061
171.33236
173.50549
175.657
177.79068
179.90706
182.00788
184.09431
186.16773
188.22938
190.28055
192.3225
194.3565
196.38378
198.40561
200.42322
202.43786
204.45077
206.46318
208.47633
210.49144
212.50976
214.53251
216.56093
218.59625
220.6397
222.69256
224.75609
226.83156
228.92013
231.02304
233.14139
235.2782
237.43085
239.64202
241.81842
245.01005
247.60488
248.56673
248.43888
153.877
152.39472
153.19895
158.53328
161.67319
164.2319
166.55736
168.80436
171.0068
173.18331
175.33768
177.47323
179.59137
181.69363
183.78132
185.85575
187.9182
189.96994
192.01225
194.04638
196.07357
198.0951
200.11218
202.12608
204.13802
206.14925
208.161
210.17449
212.19096
214.21163
216.23774
218.27052
220.31122
222.3611
224.42121
226.49199
228.57229
230.65909
232.75092
234.86281
237.05544
239.46514
242.21888
245.34421
247.7783
248.57628
248.35197
150.96926
150.0253
149.15727
148.17659
147.77135
147.48756
145.5543
145.42863
145.38395
143.07003
143.00284
142.98338
140.68862
140.54105
140.44218
138.45888
138.10192
137.74169
136.54275
135.83249
134.67466
135.17216
133.47959
131.35812
127.39769
125.0729
122.80612
120.44215
118.01622
115.56192
113.09141
110.60777
108.11104
105.60049
103.07527
100.53459
97.977714
95.403932
92.812531
90.202794
87.573993
84.925399
82.256277
79.565888
76.853489
74.118328
71.359644
68.576665
65.768623
62.934741
60.074225
57.186269
54.270061
51.324767
48.349534
45.343486
42.30572
39.235302
36.131251
32.992527
29.818035
26.606543
23.356753
20.066945
16.735368
13.358111
9.9298832
6.4239555
2.7693412
134.60319
133.48453
130.75725
127.32192
124.91412
122.44175
119.99834
117.54542
115.08434
112.61079
110.12418
107.62391
105.10946
102.58016
100.03529
97.474104
94.895877
92.299885
89.685406
87.051708
84.398064
81.723731
79.027974
76.310038
73.569187
70.80464
68.01563
65.201384
62.36112
59.494044
56.599352
53.676222
50.723819
47.741285
44.727738
41.682272
38.603931
35.491769
32.344648
29.161671
25.941097
22.682779
19.382139
16.043856
12.647315
9.2239715
5.6444056
2.1013692
134.61128
134.05683
131.37927
128.21756
125.4436
122.85052
120.37217
117.92734
115.48044
113.01767
110.53765
108.04176
105.53086
103.00497
100.46357
97.905974
95.331467
92.739317
90.128802
87.499196
84.84977
82.179788
79.488512
76.775193
74.039091
71.279436
68.495459
65.68639
62.851446
59.989837
57.100762
54.183404
51.236934
48.260498
45.253224
42.214208
39.142518
36.03718
32.89716
29.721378
26.508599
23.257577
19.966513
16.633745
13.254421
9.8220577
6.3007978
2.6073211
623.28925
617.84125
615.04982
611.84404
608.81911
605.75909
602.70271
599.66231
596.64631
593.65813
590.69819
587.76565
584.85948
581.97892
579.1233
576.29202
573.48445
570.69997
567.93792
565.19767
562.47858
559.78002
557.10136
554.44195
551.80116
549.17836
546.57292
543.98419
541.41155
538.85435
536.31195
533.78372
531.269
528.76717
526.27756
523.79957
521.33264
518.87634
516.43072
513.99634
511.57637
509.17635
506.81461
504.51972
502.37656
500.50071
499.34688
499.61719
499.27667
625.66156
620.74762
616.49771
612.91089
609.65515
606.49492
603.38295
600.31036
597.27522
594.2754
591.3077
588.36912
585.45763
582.57206
579.71165
576.87576
574.06375
571.27499
568.50882
565.76458
563.04164
560.33937
557.65714
554.9943
552.35023
549.72429
547.11584
544.52425
541.9489
539.38912
536.84429
534.31376
531.79688
529.29301
526.80144
524.32151
521.85244
519.39343
516.94351
514.50141
512.06544
509.63334
507.20311
504.77787
502.38702
500.15319
497.75042
498.44269
498.48509
629.68809
621.1274
616.39831
612.84289
609.58828
606.43172
603.32912
600.26841
597.24339
594.2501
591.28567
588.34834
585.43723
582.5518
579.69151
576.85576
574.04389
571.25526
568.4892
565.74507
563.02224
560.32008
557.63795
554.97521
552.33123
549.70538
547.09702
544.50552
541.93024
539.37054
536.82579
534.29534
531.77854
529.27472
526.78322
524.30331
521.83424
519.37513
516.92486
514.48176
512.04299
509.60283
507.14847
504.64794
502.01319
499.08985
495.86148
495.97154
496.24672
491.88528
492.64666
493.00945
489.46142
489.78678
489.93833
487.1027
487.18981
487.21645
484.64702
484.69655
484.70491
482.13219
482.25777
482.29682
479.58908
479.87474
479.99012
476.03037
477.46468
477.88754
384.25492
384.51507
385.67526
387.50358
389.55907
391.72772
393.92882
396.13546
398.33112
400.51126
402.67367
404.81856
406.94663
409.05902
411.15696
413.24177
415.31475
417.37721
419.43046
421.4758
423.51451
425.54785
427.5771
429.6035
431.62829
433.6527
435.67795
437.70527
439.73586
441.77092
443.81165
445.85923
447.91481
449.97956
452.05462
454.14126
456.24075
458.35513
460.48124
462.62658
464.72112
466.9517
468.40145
471.43037
474.92165
476.09331
476.49618
383.38972
382.92237
383.77861
386.01444
388.53968
390.97254
393.30659
395.57601
397.80268
399.99875
402.17043
404.32138
406.45393
408.56992
410.6709
412.75833
414.83358
416.898
418.95289
420.99957
423.03932
425.07341
427.10311
429.12968
431.15435
433.17836
435.20293
437.22928
439.25862
441.29215
443.33107
445.37662
447.43006
449.49265
451.56548
453.6491
455.74327
457.84797
459.96782
462.11984
464.34566
466.75557
469.49297
472.48808
474.90374
475.90697
475.9228
381.13467
380.41176
379.65897
385.30971
388.42254
390.97285
393.32833
395.60031
397.8265
400.02183
402.19298
404.34353
406.47578
408.59151
410.69226
412.77948
414.85453
416.91875
418.97345
421.01995
423.05953
425.09346
427.12301
429.14942
431.17395
433.19783
435.22227
437.2485
439.27773
441.31116
443.34999
445.39544
447.44873
449.51106
451.58348
453.66663
455.76062
457.86597
459.98713
462.14038
464.3676
466.76258
469.42374
472.40286
475.01371
476.02195
475.90047
377.99339
377.29209
376.70707
375.04918
374.72305
374.55552
372.37985
372.2842
372.2623
369.87024
369.81588
369.80308
367.44946
367.31334
367.24705
365.12749
364.75271
364.54825
363.01229
361.17148
361.50392
361.72617
360.10026
356.63625
353.6218
352.17283
349.99359
347.97032
345.89723
343.84029
341.79111
339.75325
337.72553
335.70735
333.69778
331.69589
329.70069
327.71118
325.72632
323.74505
321.76631
319.78903
317.81214
315.83456
313.85521
311.87299
309.88681
307.89557
305.89817
303.89348
301.88038
299.85777
297.82447
295.77946
293.72149
291.64986
289.56308
287.46198
285.34394
283.21657
281.07214
278.9482
276.81665
274.85104
272.94825
271.71812
272.0263
271.66644
361.24393
360.43827
357.21864
354.54789
352.2866
350.07066
347.97158
345.87932
343.81115
341.75519
339.71278
337.68205
335.66194
333.65116
331.64848
329.65273
327.6628
325.67758
323.69599
321.71696
319.73939
317.76221
315.78435
313.80471
311.82221
309.83574
307.84421
305.8465
303.8415
301.82806
299.80506
297.77128
295.72559
293.66658
291.59319
289.50319
287.39602
285.26614
283.11589
280.92564
278.71363
276.4033
274.09887
271.36199
270.16907
270.84577
270.79984
361.26114
360.8139
358.03318
355.14082
352.69053
350.41071
348.27528
346.19116
344.1326
342.08493
340.04639
338.01699
335.99692
333.98573
331.98259
329.98646
327.99627
326.01095
324.02941
322.05058
320.0734
318.09679
316.11967
314.14095
312.15955
310.17438
308.18433
306.18829
304.18515
302.17379
300.15306
298.12182
296.07892
294.02315
291.95338
289.86822
287.76669
285.64684
283.50829
281.34586
279.15842
276.90962
274.51984
271.60977
266.4917
267.16019
268.23122
263.68482
264.61791
265.24737
261.71613
262.10785
262.31177
259.46903
259.57851
259.62101
257.04357
257.10296
257.11761
254.5251
254.68256
254.73061
251.92967
252.3719
252.48763
249.18575
250.33966
250.5285
157.07133
157.44368
158.56146
160.27387
162.24787
164.38981
166.57945
168.7793
170.96757
173.13966
175.29339
177.42935
179.54832
181.65153
183.74018
185.81556
187.87893
189.93157
191.97474
194.00969
196.03769
198.05997
200.07779
202.09238
204.10499
206.11684
208.12918
210.14323
212.16023
214.18141
216.20799
218.24119
220.28224
222.33236
224.39283
226.46499
228.55027
230.64973
232.76196
234.87675
236.95851
238.92004
240.59759
242.10006
247.58411
248.96912
249.09966
156.30441
155.948
157.30179
160.08351
162.36045
164.68031
166.91616
169.14116
171.33288
173.50598
175.6575
177.79119
179.90758
182.00842
184.09488
186.16831
188.22998
190.28117
192.32313
194.35714
196.38444
198.40628
200.42391
202.43857
204.45149
206.46391
208.47707
210.4922
212.51053
214.53329
216.56172
218.59704
220.64051
222.69337
224.75691
226.83237
228.92094
231.02376
233.14177
235.27795
237.43004
239.64375
241.83031
244.98569
247.56468
248.56216
248.46358
153.84869
152.4288
153.30667
158.54632
161.67167
164.22837
166.55377
168.80096
171.00369
173.18051
175.33519
177.47107
179.58953
181.69212
183.78014
185.8549
187.91768
189.96975
192.01239
194.04684
196.07437
198.09622
200.11363
202.12786
204.14013
206.15169
208.16376
210.17759
212.19439
214.21539
216.24183
218.27495
220.31598
222.36619
224.42663
226.49778
228.57862
230.66638
232.75968
234.87259
237.06191
239.45794
242.1859
245.28382
247.71715
248.55441
248.3986
150.96371
150.0368
149.2376
148.18019
147.78416
147.51017
145.56392
145.44
145.39254
143.08083
143.01508
142.99249
140.69887
140.55599
140.45618
138.46776
138.12148
137.76907
136.549
135.85786
134.77033
135.16803
133.4623
131.39791
127.43983
125.08623
122.81024
120.44415
118.01831
115.56419
113.09375
110.61008
108.11329
105.60266
103.07736
100.5366
97.979647
95.405789
92.814312
90.204498
87.575623
84.926955
82.25776
79.567298
76.854827
74.119595
71.360838
68.577789
65.769676
62.935724
60.075137
57.187111
54.270832
51.325466
48.350159
45.344035
42.306192
39.235692
36.131553
32.992734
29.818133
26.606502
23.356507
20.066313
16.733826
13.354122
9.919342
6.3984048
2.7236944
134.59423
133.44148
130.72849
127.33135
124.91451
122.44009
119.99755
117.54513
115.08422
112.61073
110.12416
107.62391
105.10948
102.5802
100.03535
97.474176
94.895966
92.29999
89.685525
87.051842
84.398211
81.723892
79.028149
76.310227
73.569388
70.804853
68.015855
65.201621
62.361369
59.494304
56.599622
53.6765
50.724105
47.741575
44.728031
41.682563
38.604215
35.492037
32.344887
29.161856
25.941179
22.682634
19.381472
16.041906
12.642003
9.2124955
5.6183445
2.094403
134.59066
133.98844
131.32625
128.19845
125.44155
122.85459
120.37645
117.93037
115.48246
113.01918
110.53899
108.04304
105.5321
103.00615
100.46468
97.907029
95.332459
92.740247
90.129671
87.500004
84.850518
82.180476
79.48914
76.775763
74.039601
71.279887
68.495851
65.686722
62.851718
59.990049
57.100912
54.18349
51.236954
48.260449
45.253101
42.214005
39.142226
36.036787
32.896649
29.720722
26.507753
23.256456
19.964914
16.631172
13.249507
9.8115428
6.2797291
2.5805744
623.79878
617.68045
615.04716
611.83255
608.81489
605.75606
602.70069
599.66046
596.6445
593.65633
590.69639
587.76387
584.85775
581.97723
579.12166
576.29043
573.4829
570.69846
567.93646
565.19625
562.4772
559.77868
557.10006
554.44069
551.79994
549.17718
546.57177
543.98308
541.41048
538.85331
536.31095
533.78276
531.26807
528.76627
526.27669
523.79874
521.33184
518.87556
516.42994
513.99552
511.57542
509.17506
506.81231
504.51494
502.36532
500.47369
499.31688
499.53559
499.23468
626.59109
620.71637
616.47645
612.9051
609.65875
606.50037
603.38873
600.31603
597.28076
594.28096
591.31332
588.37476
585.46327
582.57767
579.71722
576.88129
574.06924
571.28044
568.51423
565.76995
563.04697
560.34467
557.6624
554.99953
552.35543
549.72946
547.12098
544.52936
541.95398
539.39417
536.84931
534.31876
531.80186
529.29796
526.80638
524.32642
521.85734
519.39833
516.94842
514.5064
512.07061
509.63895
507.20973
504.78653
502.39856
500.16312
497.72721
498.34532
498.41102
630.62506
621.24306
616.42752
612.8551
609.59864
606.44248
603.33982
600.27847
597.25275
594.25894
591.29417
588.35664
585.4454
582.55985
579.69943
576.86356
574.05157
571.26282
568.49664
565.75239
563.02945
560.32718
557.64493
554.98209
552.338
549.71204
547.10358
544.51198
541.93659
539.3768
536.83195
534.3014
531.7845
529.28059
526.78899
524.30899
521.83982
519.38062
516.93027
514.48711
512.04832
509.60828
507.1545
504.65623
502.03298
499.19377
495.90732
495.92083
496.17914
491.93585
492.64588
492.98416
489.47679
489.79413
489.94009
487.10897
487.19805
487.22691
484.65367
484.70402
484.7148
482.14111
482.26334
482.30458
479.59771
479.87583
479.99609
476.04867
477.47183
477.89369
384.23275
384.48909
385.65125
387.49428
389.55572
391.72656
393.92851
396.13543
398.33118
400.51132
402.67371
404.81856
406.94659
409.05893
411.15682
413.24158
415.31451
417.37692
419.43012
421.47541
423.51406
425.54736
427.57655
429.6029
431.62763
433.65199
435.67719
437.70446
439.73499
441.76999
443.81067
445.85819
447.91372
449.97842
452.05344
454.14004
456.2395
458.35387
460.4799
462.62528
464.71908
466.93992
468.4509
471.47701
474.9124
476.10378
476.50693
383.34318
382.90429
383.80214
386.02168
388.54182
390.97144
393.30407
395.57289
397.79932
399.99529
402.16694
404.31787
406.45043
408.56641
410.6674
412.75482
414.83007
416.89447
418.94936
420.99602
423.03575
425.06983
427.09951
429.12605
431.1507
433.17468
435.19922
437.22553
439.25484
441.28833
443.32722
445.37272
447.4261
449.48861
451.56137
453.64499
455.73947
457.84509
459.96644
462.11867
464.33936
466.72796
469.41243
472.37263
474.82443
475.88379
475.93992
381.09407
380.41908
379.88293
385.31977
388.41775
390.96725
393.32313
395.59545
397.82188
400.01739
402.18869
404.33938
406.47176
408.58762
410.6885
412.77583
414.851
416.91533
418.97014
421.01675
423.05643
425.09046
427.1201
429.14662
431.17124
433.1952
435.21973
437.24605
439.27536
441.30887
443.34778
445.39331
447.44667
449.50907
451.58155
453.66479
455.75897
457.86481
459.98691
462.14138
464.36878
466.75861
469.40193
472.3463
474.92696
475.97308
475.91825
377.98397
377.31618
376.78735
375.05409
374.73721
374.57389
372.389
372.29297
372.26639
369.8786
369.82404
369.80826
367.4551
367.32231
367.25614
365.128
364.76302
364.56757
363.00331
361.19008
361.58644
361.71332
360.0861
356.67678
353.66821
352.16162
349.99131
347.96898
345.89595
343.83935
341.79019
339.75237
337.72467
335.70653
333.69699
331.69513
329.69998
327.71051
325.72568
323.74445
321.76575
319.78851
317.81166
315.83411
313.85479
311.87261
309.88647
307.89527
305.8979
303.89324
301.88018
299.8576
297.82434
295.77936
293.72142
291.64982
289.56305
287.46195
285.34389
283.21639
281.07175
278.94691
276.81368
274.84125
272.92793
271.68906
271.9487
271.62265
361.23201
360.37469
357.19707
354.54247
352.28327
350.0693
347.9704
345.87838
343.81036
341.75446
339.71212
337.68144
335.6614
333.65066
331.64803
329.65234
327.66245
325.67728
323.69574
321.71675
319.73922
317.76209
315.78428
313.80468
311.82222
309.8358
307.84431
305.84665
303.84169
301.82829
299.80533
297.7716
295.72595
293.66699
291.59365
289.5037
287.39661
285.26686
283.11677
280.92696
278.71569
276.40693
274.1116
271.37058
270.16412
270.73745
270.72866
361.23428
360.70728
357.97353
355.13147
352.70093
350.42353
348.28619
346.19947
344.1394
342.09099
340.05214
338.02257
336.00236
333.99102
331.98772
329.99144
328.0011
326.01563
324.03394
322.05497
320.07764
318.10089
316.12362
314.14476
312.16323
310.17791
308.18772
306.19155
304.18827
302.17677
300.15591
298.12453
296.08149
294.02558
291.95565
289.87034
287.76865
285.6486
283.50982
281.3471
279.15953
276.9113
274.52864
271.67689
266.54476
267.1729
268.17101
263.74296
264.62383
265.21771
261.73143
262.11038
262.30853
259.47426
259.58535
259.62961
257.05
257.11064
257.12761
254.53519
254.68932
254.73956
251.94734
252.376
252.49629
249.23891
250.33667
250.53885
157.05175
157.42745
158.54766
160.26589
162.24284
164.3852
166.57496
168.77482
170.96314
173.13527
175.28905
177.42506
179.54407
181.64732
183.73601
185.81143
187.87483
189.92751
191.97071
194.00569
196.03371
198.05602
200.07386
202.08847
204.1011
206.11297
208.12533
210.13939
212.15641
214.17759
216.20418
218.2374
220.27846
222.32858
224.38906
226.46122
228.54647
230.64583
232.75773
234.87174
236.95236
238.9153
240.61618
242.21145
247.56021
248.96582
249.11399
156.25072
155.94257
157.30436
160.09128
162.36255
164.68165
166.91728
169.142
171.33364
173.50664
175.6581
177.79173
179.90807
182.00885
184.09525
186.16862
188.23024
190.28137
192.32328
194.35723
196.38447
198.40625
200.42382
202.43841
204.45128
206.46364
208.47674
210.4918
212.51007
214.53277
216.56113
218.59639
220.63979
222.69258
224.75604
226.83143
228.91989
231.02255
233.14015
235.27564
237.42676
239.64342
241.84451
244.9483
247.50531
248.53583
248.48193
153.80072
152.47795
153.47604
158.56976
161.67339
164.22575
166.55027
168.79724
171.00005
173.17698
175.33183
177.46788
179.58651
181.68928
183.77746
185.8524
187.91535
189.9676
192.0104
194.04503
196.07272
198.09474
200.11233
202.12672
204.13916
206.15089
208.16313
210.17712
212.19409
214.21526
216.24187
218.27515
220.31636
222.36672
224.42732
226.49867
228.57997
230.6688
232.76407
234.8786
237.06389
239.44063
242.12947
245.1835
247.6143
248.49877
248.41825
150.94988
150.05127
149.35411
148.1798
147.7969
147.5331
145.57072
145.44728
145.39507
143.08871
143.02302
142.99625
140.70532
140.56621
140.46506
138.47119
138.1349
137.79099
136.54596
135.87087
134.87794
135.1536
133.43738
131.43978
127.4852
125.09816
122.81225
120.44498
118.01984
115.56622
113.09599
110.61239
108.11561
105.60498
103.07967
100.5389
97.981945
95.408078
92.816594
90.206772
87.577889
84.929213
82.260009
79.56954
76.857061
74.121821
71.363056
68.579999
65.771878
62.937917
60.077322
57.189287
54.272999
51.327622
48.352304
45.346168
42.308311
39.237795
36.133637
32.994793
29.820161
26.608479
23.358392
20.067983
16.734946
13.353673
9.9148964
6.3851485
2.7013988
134.57652
133.38317
130.69018
127.34677
124.91558
122.43832
119.99702
117.5452
115.08451
112.6111
110.1246
107.6244
105.11002
102.58078
100.03596
97.474828
94.896654
92.300715
89.686286
87.052639
84.399044
81.724761
79.029055
76.311169
73.570365
70.805866
68.016904
65.202706
62.36249
59.495461
56.600814
53.677728
50.725367
47.742872
44.72936
41.683924
38.605607
35.493453
32.346325
29.163299
25.942607
22.683964
19.382554
16.042253
12.640576
9.2077096
5.6075677
2.0900248
134.55481
133.88606
131.25664
128.17928
125.44354
122.86171
120.38239
117.9342
115.48491
113.02108
110.54076
108.04479
105.53384
103.00787
100.46637
97.908673
95.334063
92.741812
90.131196
87.501491
84.851966
82.181886
79.490512
76.777098
74.040898
71.281144
68.49707
65.687903
62.85286
59.991151
57.101974
54.184511
51.237931
48.261381
45.253984
42.214836
39.143
36.037497
32.897283
29.721266
26.508177
23.256709
19.964851
16.630478
13.247205
9.8057716
6.2672971
2.5684627
624.66486
617.50167
615.04137
611.82316
608.81105
605.75279
602.69797
599.65772
596.6417
593.6535
590.69359
587.76112
584.85506
581.97462
579.11913
576.28796
573.4805
570.69613
567.93419
565.19405
562.47507
559.77661
557.09805
554.43874
551.79806
549.17536
546.57001
543.98138
541.40884
538.85174
536.30944
533.78131
531.26669
528.76495
526.27543
523.79754
521.3307
518.87448
516.4289
513.99449
511.57433
509.17375
506.81026
504.51105
502.35659
500.45318
499.29284
499.45457
499.18929
628.21619
620.66033
616.44958
612.89924
609.65917
606.50088
603.3891
600.31635
597.28123
594.28169
591.31427
588.37585
585.46443
582.57888
579.71846
576.88256
574.07055
571.28178
568.5156
565.77136
563.04842
560.34615
557.66392
555.00108
552.35702
549.73108
547.12264
544.53106
541.95571
539.39594
536.85112
534.32061
531.80375
529.29989
526.80835
524.32844
521.8594
519.40044
516.9506
514.50866
512.07301
509.64158
507.2128
504.79015
502.40184
500.15749
497.70933
498.2558
498.3351
632.2328
621.36864
616.45222
612.8634
609.60409
606.44746
603.34433
600.28235
597.2561
594.26195
591.29703
588.35945
585.44821
582.56266
579.70224
576.86636
574.05437
571.26561
568.49943
565.75519
563.03224
560.32997
557.64773
554.98488
552.34079
549.71484
547.10637
544.51477
541.9394
539.3796
536.83475
534.30421
531.78732
529.28341
526.79182
524.31182
521.84267
519.38347
516.93311
514.48995
512.05114
509.61104
507.15717
504.65898
502.03973
499.24955
495.92516
495.87066
496.11026
491.96655
492.64093
492.96018
489.48211
489.79756
489.94241
487.11034
487.20275
487.23591
484.65649
484.70825
484.72238
482.14563
482.26609
482.31055
479.59899
479.87524
480.00225
476.05838
477.48362
477.90339
384.21872
384.47129
385.6362
387.49031
389.55618
391.72862
393.93116
396.1382
398.33392
400.51396
402.67622
404.82094
406.94882
409.06102
411.15877
413.24338
415.31616
417.37844
419.4315
421.47664
423.51516
425.54831
427.57737
429.60357
431.62817
433.65239
435.67745
437.70457
439.73497
441.76984
443.81038
445.85776
447.91315
449.97771
452.0526
454.13908
456.23846
458.35281
460.47881
462.62415
464.71716
466.92478
468.4895
471.50586
474.89989
476.12369
476.52198
383.30153
382.89117
383.81753
386.03496
388.54889
390.974
393.3045
395.57236
397.79833
399.99407
402.16557
404.31639
406.44884
408.56474
410.66564
412.75298
414.82814
416.89246
418.94725
420.99382
423.03346
425.06745
427.09704
429.12349
431.14804
433.17193
435.19637
437.22259
439.2518
441.28519
443.32397
445.36938
447.42264
449.48502
451.55763
453.64118
455.73586
457.84227
459.96496
462.1179
464.33483
466.70488
469.33388
472.2517
474.74623
475.86161
475.95688
381.05566
380.42148
380.12321
385.32191
388.41278
390.96253
393.31888
395.59144
397.818
400.01358
402.18492
404.33563
406.46803
408.5839
410.68479
412.77213
414.8473
416.91164
418.96646
421.01306
423.05274
425.08678
427.11642
429.14293
431.16754
433.1915
435.21602
437.24233
439.27163
441.30513
443.34403
445.38954
447.44288
449.50526
451.57771
453.66093
455.7552
457.86142
459.98442
462.14029
464.36847
466.75445
469.3812
472.28981
474.83617
475.91577
475.92216
377.97378
377.32953
376.84311
375.05706
374.745
374.57797
372.39536
372.29751
372.26414
369.884
369.82855
369.80911
367.45822
367.32761
367.25975
365.1274
364.77054
364.57588
362.99364
361.2001
361.61774
361.69923
360.07207
356.70304
353.7048
352.14665
349.98899
347.96777
345.89497
343.8386
341.78946
339.75172
337.7241
335.70606
333.69663
331.69488
329.69984
327.71048
325.72577
323.74465
321.76607
319.78894
317.8122
315.83477
313.85556
311.87349
309.88746
307.89637
305.89912
303.89458
301.88163
299.85916
297.82602
295.78115
293.72332
291.65182
289.56517
287.46414
285.34616
283.21857
281.07385
278.94814
276.81363
274.83474
272.91197
271.66901
271.87479
271.58177
361.21724
360.31926
357.18121
354.5366
352.27852
350.06618
347.96728
345.87555
343.80773
341.752
339.70981
337.67927
335.65936
333.64875
331.64624
329.65066
327.6609
325.67584
323.69442
321.71554
319.73813
317.76112
315.78342
313.80394
311.82159
309.83529
307.84392
305.84637
303.84152
301.82825
299.8054
297.77179
295.72626
293.66743
291.59421
289.50441
287.39746
285.26793
283.11805
280.92877
278.71804
276.41069
274.12179
271.37912
270.15885
270.63917
270.65656
361.19796
360.60093
357.92793
355.13447
352.71516
350.43484
348.29378
346.20429
344.14302
342.09421
340.05529
338.02572
336.00549
333.99413
331.99079
329.99447
328.0041
326.01859
324.03687
322.05787
320.08052
318.10374
316.12645
314.14757
312.16601
310.18068
308.19047
306.19428
304.19098
302.17947
300.15859
298.12719
296.08414
294.02821
291.95826
289.87291
287.77115
285.65096
283.51195
281.34866
279.15996
276.90906
274.52337
271.6895
266.58579
267.2093
268.11443
263.78613
264.63889
265.19223
261.73899
262.11198
262.30756
259.47505
259.58938
259.63753
257.05271
257.11504
257.13537
254.54067
254.69253
254.746
251.95765
252.37609
252.50298
249.27852
250.32771
250.54842
157.03943
157.4171
158.53724
160.26074
162.24117
164.38424
166.57423
168.77407
170.96237
173.13443
175.28816
177.4241
179.54306
181.64624
183.73487
185.81022
187.87356
189.92617
191.9693
194.00422
196.03217
198.05441
200.07218
202.08673
204.09928
206.11108
208.12337
210.13736
212.1543
214.17541
216.20192
218.23506
220.27604
222.32608
224.38648
226.45855
228.5437
230.64288
232.75443
234.8677
236.94714
238.91071
240.63098
242.33289
247.54018
248.9594
249.12968
156.20337
155.93681
157.30553
160.09556
162.36435
164.68305
166.9188
169.1432
171.33475
173.50757
175.6589
177.79238
179.90858
182.00922
184.09547
186.16871
188.23018
190.28117
192.32294
194.35675
196.38385
198.40549
200.42292
202.43737
204.45009
206.46231
208.47526
210.49019
212.50831
214.53086
216.55907
218.59419
220.63743
222.69008
224.75339
226.82862
228.91689
231.01933
233.13656
235.27149
237.42152
239.63982
241.85765
244.91973
247.45586
248.50736
248.49775
153.75924
152.51511
153.64153
158.58356
161.67348
164.22218
166.54588
168.79246
170.99525
173.17219
175.32709
177.46317
179.58185
181.68467
183.7729
185.84788
187.91088
189.96316
192.00601
194.04068
196.06841
198.09047
200.10809
202.12252
204.13499
206.14675
208.15902
210.17304
212.19004
214.21124
216.23788
218.27119
220.31241
222.36278
224.42339
226.49478
228.57633
230.666
232.7631
234.87971
237.06291
239.42373
242.07571
245.08339
247.50901
248.43514
248.42239
150.93934
150.06166
149.45643
148.17984
147.80615
147.54223
145.57575
145.45118
145.39137
143.09392
143.02753
142.99586
140.70878
140.57207
140.4682
138.47141
138.14185
137.79994
136.53931
135.87088
134.93901
135.13916
133.4194
131.45913
127.51575
125.10407
122.81297
120.44612
118.022
115.56895
113.09898
110.61552
108.11882
105.60826
103.08301
100.54231
97.985414
95.411609
92.820187
90.210426
87.581603
84.932988
82.263846
79.573439
76.86102
74.12584
71.367135
68.584139
65.776078
62.942178
60.081644
57.19367
54.277442
51.332126
48.356869
45.350794
42.312999
39.242544
36.138447
32.999664
29.825092
26.613465
23.363423
20.073009
16.739861
13.358073
9.9180247
6.385124
2.6995468
134.56163
133.33844
130.66466
127.36496
124.91641
122.43732
119.99718
117.54579
115.08529
112.61201
110.12559
107.62548
105.11117
102.58199
100.03724
97.476171
94.898061
92.302185
89.68782
87.054236
84.400705
81.726485
79.030842
76.31302
73.572279
70.807845
68.018949
65.204816
62.364666
59.497704
56.603124
53.680107
50.727814
47.745389
44.731948
41.686586
38.608343
35.496266
32.349217
29.16627
25.945664
22.687079
19.38575
16.045342
12.643672
9.2101748
5.6120238
2.0923126
134.51768
133.78872
131.20467
128.17594
125.45469
122.87255
120.3899
117.93918
115.48867
113.02451
110.54419
108.04828
105.53736
103.01139
100.46988
97.912182
95.337565
92.745308
90.134687
87.504977
84.855448
82.185363
79.493986
76.780568
74.044364
71.284608
68.500531
65.691361
62.856316
59.994604
57.105425
54.187959
51.241376
48.264822
45.257421
42.218268
39.146425
36.040913
32.900688
29.724654
26.511536
23.260025
19.968047
16.633457
13.249439
9.8067606
6.2652825
2.5702763
626.20651
617.38776
615.03141
611.80969
608.80677
605.74905
602.69479
599.65444
596.63833
593.6501
590.69022
587.75782
584.85185
581.97149
579.11608
576.285
573.47763
570.69333
567.93148
565.19141
562.47251
559.77413
557.09564
554.43641
551.79581
549.17318
546.56792
543.97936
541.4069
538.84987
536.30765
533.77959
531.26505
528.76339
526.27395
523.79614
521.32939
518.87326
516.42777
513.99347
511.57342
509.17298
506.80964
504.51051
502.3564
500.45177
499.28791
499.40041
499.16164
631.04258
620.53976
616.41045
612.88995
609.65555
606.49711
603.38489
600.31201
597.27718
594.27805
591.31098
588.37278
585.46151
582.57607
579.71576
576.87997
574.06807
571.27942
568.51335
565.76922
563.04639
560.34424
557.66211
554.99938
552.35543
549.7296
547.12126
544.5298
541.95456
539.3949
536.85019
534.31979
531.80304
529.29929
526.80787
524.32807
521.85914
519.40029
516.95055
514.50867
512.07299
509.64128
507.21164
504.7866
502.39239
500.13287
497.70428
498.21042
498.29658
635.04591
621.43701
616.46487
612.86787
609.60639
606.44856
603.34465
600.28219
597.25575
594.26159
591.29673
588.35924
585.44808
582.56261
579.70228
576.86648
574.05456
571.26589
568.49978
565.75561
563.03275
560.33055
557.64838
554.98561
552.3416
549.71572
547.10734
544.51581
541.94051
539.3808
536.83603
534.30556
531.78875
529.28492
526.7934
524.31349
521.84441
519.38528
516.93496
514.49179
512.05285
509.61233
507.15721
504.6554
502.02497
499.16766
495.85553
495.84868
496.08009
491.94103
492.63696
492.95782
489.47242
489.7977
489.94981
487.10873
487.20422
487.24265
484.65698
484.70966
484.72707
482.14591
482.26708
482.3154
479.59396
479.87643
480.01078
476.05428
477.51598
477.92117
384.22604
384.47369
385.64172
387.49684
389.56223
391.73447
393.93674
396.14352
398.33901
400.51881
402.68084
404.82533
406.95299
409.06496
411.1625
413.24689
415.31946
417.38152
419.43437
421.47931
423.51761
425.55056
427.57941
429.60541
431.6298
433.65382
435.67868
437.7056
439.73579
441.77046
443.8108
445.85798
447.91317
449.97753
452.05222
454.13853
456.23775
458.35206
460.4779
462.62341
464.71402
466.91115
468.49034
471.49676
474.89034
476.17518
476.54316
383.29925
382.89083
383.82522
386.04433
388.55512
390.97724
393.30618
395.57325
397.79878
399.99422
402.16549
404.3161
406.44836
408.56407
410.66478
412.75194
414.82692
416.89105
418.94567
420.99206
423.03152
425.06532
427.09473
429.121
431.14537
433.16908
435.19334
437.21938
439.24841
441.28162
443.32023
445.36544
447.41853
449.48071
451.55311
453.63646
455.73104
457.83763
459.96089
462.11478
464.33122
466.69483
469.28915
472.17121
474.68969
475.85957
475.97238
381.05206
380.39553
380.23824
385.29867
388.40419
390.9571
393.31445
395.58735
397.814
400.00959
402.18088
404.33154
406.46387
408.57967
410.68048
412.76775
414.84284
416.9071
418.96184
421.00837
423.04797
425.08191
427.11147
429.1379
431.16243
433.1863
435.21073
437.23695
439.26616
441.29956
443.33837
445.38379
447.43703
449.49931
451.57166
453.65477
455.74898
457.85528
459.97869
462.13553
464.36518
466.75144
469.37339
472.26162
474.78324
475.87756
475.91934
377.97675
377.3204
376.82241
375.06112
374.74304
374.56018
372.39872
372.29866
372.2578
369.88635
369.83042
369.80742
367.45998
367.32983
367.25747
365.12928
364.77708
364.56609
362.99442
361.1962
361.52159
361.69774
360.06596
356.6988
353.70652
352.13324
349.98574
347.96708
345.89427
343.83816
341.78906
339.75145
337.72398
335.70611
333.69686
331.69529
329.70042
327.71124
325.72671
323.74576
321.76735
319.7904
317.81383
315.83657
313.85754
311.87565
309.88979
307.89888
305.9018
303.89744
301.88467
299.86238
297.82942
295.78473
293.72709
291.65578
289.56931
287.46847
285.35068
283.22328
281.07871
278.95305
276.81826
274.83729
272.91054
271.66821
271.82852
271.56121
361.21376
360.30094
357.17275
354.53333
352.27358
350.0617
347.9628
345.87116
343.80356
341.748
339.70601
337.67565
335.65591
333.64547
331.64313
329.64772
327.65813
325.67324
323.69198
321.71328
319.73604
317.75919
315.78166
313.80235
311.82017
309.83404
307.84284
305.84546
303.84079
301.82768
299.80501
297.77157
295.72622
293.66757
291.59453
289.50491
287.39815
285.2688
283.11911
280.93001
278.71948
276.41154
274.12672
271.38154
270.15715
270.59147
270.62209
361.17324
360.54594
357.93347
355.16665
352.73767
350.4468
348.30001
346.20844
344.14693
342.09839
340.05976
338.03037
336.01024
333.99894
331.99567
329.99941
328.0091
326.02365
324.042
322.06308
320.0858
318.1091
316.13189
314.1531
312.17163
310.18638
308.19627
306.20017
304.19698
302.18557
300.1648
298.13352
296.09058
294.03476
291.96493
289.87969
287.778
285.65784
283.51864
281.35464
279.16357
276.90563
274.49814
271.56962
266.58895
267.25712
268.09852
263.73869
264.65782
265.19168
261.73129
262.11437
262.31504
259.47355
259.5915
259.64459
257.05348
257.11673
257.14022
254.54134
254.69312
254.75026
251.95613
252.37449
252.50898
249.27636
250.32109
250.55912
157.04538
157.42485
158.54002
160.26113
162.24233
164.38545
166.5755
168.77522
170.96339
173.1353
175.28888
177.42466
179.54346
181.64649
183.73496
185.81016
187.87334
189.92579
191.96877
194.00353
196.03132
198.0534
200.07101
202.08539
204.09778
206.10942
208.12153
210.13535
212.15212
214.17306
216.1994
218.23236
220.27316
222.32302
224.38323
226.45512
228.54009
230.63908
232.75045
234.86345
236.94214
238.90348
240.62161
242.36566
247.53674
248.97965
249.1472
156.19905
155.93661
157.30458
160.09742
162.36451
164.68444
166.92023
169.14451
171.33589
173.50852
175.65965
177.79293
179.90892
182.00936
184.09542
186.16845
188.22972
190.28051
192.32208
194.35569
196.38258
198.40402
200.42125
202.4355
204.44802
206.46003
208.47278
210.4875
212.50542
214.52777
216.55578
218.59068
220.63372
222.68616
224.74926
226.82428
228.91235
231.01457
233.13155
235.26624
237.41517
239.63446
241.86313
244.91357
247.43771
248.51821
248.51048
153.75656
152.51702
153.68894
158.55256
161.66152
164.21265
166.53722
168.78377
170.98661
173.16351
175.31839
177.45444
179.57308
181.67585
183.76404
185.83897
187.90191
189.95414
191.99693
194.03153
196.05919
198.08117
200.09872
202.11306
204.12545
206.13712
208.1493
210.16322
212.18012
214.20121
216.22774
218.26093
220.30203
222.35228
224.41274
226.48398
228.56542
230.65523
232.75306
234.87122
237.0559
239.4137
242.05185
245.02965
247.44447
248.39943
248.41979
150.94558
150.01972
149.46425
148.18482
147.8074
147.52448
145.57955
145.45278
145.38368
143.09652
143.02972
142.99348
140.71023
140.57388
140.46504
138.47135
138.14199
137.78694
136.53683
135.86151
134.86177
135.13933
133.42069
131.3997
127.49767
125.09955
122.81523
120.45079
118.02751
115.57479
113.10501
110.6217
108.12516
105.61475
103.08966
100.54911
97.99237
95.418719
92.82745
90.217841
87.589174
84.940715
82.271728
79.581478
76.869217
74.134195
71.375649
68.592815
65.784915
62.951179
60.09081
57.203002
54.286943
51.341796
48.366712
45.360812
42.323195
39.252923
36.149012
33.010421
29.83605
26.624634
23.374824
20.084678
16.751909
13.370725
9.9320177
6.4014275
2.7197928
134.56429
133.32786
130.66538
127.37825
124.91796
122.43739
119.99819
117.54684
115.08646
112.61328
110.12696
107.62693
105.1127
102.58361
100.03894
97.477951
94.899921
92.304126
89.689841
87.056338
84.402887
81.728749
79.033188
76.315448
73.57479
70.810439
68.021627
65.20758
62.367515
59.50064
56.606149
53.683221
50.731021
47.74869
44.735346
41.690084
38.611947
35.499983
32.353055
29.170241
25.94979
22.691394
19.390342
16.050393
12.649738
9.2182663
5.6256146
2.1056985
134.4989
133.74382
131.20795
128.20744
125.4816
122.88961
120.40094
117.94798
115.49714
113.03323
110.55317
108.0574
105.54657
103.02067
100.47922
97.921579
95.347024
92.754832
90.144277
87.514635
84.865176
82.195163
79.503858
76.790516
74.054389
71.294711
68.510715
65.701628
62.866668
60.005043
57.115952
54.198578
51.252088
48.275631
45.268328
42.229278
39.157541
36.052139
32.91203
29.736121
26.523134
23.271777
19.979966
16.645627
13.261896
9.8199961
6.2793738
2.5886379
585.34576
585.57956
585.21652
585.03027
585.44321
585.26199
584.6587
584.29759
584.87619
584.5254
583.70828
583.19427
583.91565
583.41689
582.42066
581.77943
582.6176
581.99585
580.85749
580.11448
581.04451
580.3245
579.0759
578.25404
579.25364
578.4576
577.12739
576.24632
577.2968
576.44375
575.05465
574.1304
575.2166
574.32201
572.89239
571.93766
573.04769
572.12383
570.66772
569.69235
570.81704
569.87338
568.40152
567.413
568.54543
567.58917
566.10956
565.11348
566.24849
565.28502
563.80361
562.80413
563.93791
562.97122
561.49237
560.49254
561.6223
560.65533
559.18221
558.18426
559.30798
558.34287
556.87775
555.88328
556.99952
556.03781
554.58231
553.59247
554.7002
553.74299
552.29825
551.31384
552.41236
551.46042
550.02722
549.04879
550.13763
549.19148
547.77034
546.79826
547.8771
546.9371
545.52836
544.56287
545.63152
544.69791
543.30175
542.34303
543.40136
542.47428
541.09084
540.13897
541.18692
540.26647
538.89581
537.95085
538.98838
538.07461
536.71678
535.77879
536.80588
535.89884
534.55387
533.62291
534.63949
533.73924
532.40723
531.48339
532.48938
531.59601
530.27709
529.36052
530.35577
529.46942
528.16384
527.25478
528.23905
527.35995
526.06806
525.16685
526.13979
525.26825
523.99063
523.09778
524.05885
523.19537
521.93281
521.04903
521.9975
521.14276
519.89641
519.02271
519.95751
519.11249
517.8839
517.02165
517.94137
517.10737
515.89873
515.0498
515.95249
515.13132
513.94553
513.11244
513.99549
513.18957
512.03054
511.21664
512.0766
511.28914
510.16204
509.37171
510.20407
509.43932
508.35087
507.58978
508.38873
507.65216
506.61101
505.88632
506.6446
505.94314
504.95997
504.28047
504.98923
504.33138
503.41931
502.79527
503.44433
502.84008
502.01369
501.45652
502.03469
501.49513
500.77067
500.2918
500.78833
500.32458
499.71619
499.32577
499.73136
499.35333
498.87359
498.57873
498.88769
498.60231
498.2561
498.06013
498.27031
498.08077
497.86997
497.77317
497.88558
497.79211
497.71435
497.73346
584.98174
584.3692
585.21669
584.63516
584.68991
584.24433
584.05154
585.14079
584.94424
584.49287
584.29069
583.96095
583.68823
583.31474
584.59186
584.20525
583.93335
583.54321
582.85581
582.73963
582.20889
583.63957
583.08875
582.97936
582.4258
581.43912
581.45516
580.79405
582.34705
581.66071
581.68809
580.9993
579.77407
579.89804
579.13304
580.77975
579.98542
580.12423
579.32787
577.91476
578.12488
577.27963
578.99426
578.11642
578.34406
577.46466
575.9097
576.18756
575.28227
577.04316
576.10279
576.40016
575.45876
573.79751
574.12823
573.17927
574.96873
573.98281
574.33454
573.34809
571.60948
571.98134
571.00169
572.80578
571.78781
572.1818
571.16372
569.36958
569.77357
568.7732
570.5812
569.54156
569.96851
568.92911
567.09619
567.52548
566.51196
568.31574
567.26233
567.71519
566.66231
564.80304
565.25249
564.23149
566.02501
564.96375
565.43724
564.37671
562.50034
562.96614
561.94187
563.72068
562.65593
563.14613
562.08229
560.19561
560.67494
559.65047
561.41134
560.34633
560.85033
559.78635
557.89432
558.38511
557.36269
559.10328
558.04035
558.55603
557.49422
555.60042
556.10116
555.08239
556.80108
555.74191
556.2677
555.20973
553.31673
553.82632
552.81235
554.508
553.4538
553.98858
552.93562
551.04525
551.56288
550.55453
552.22638
551.17799
551.72094
550.67383
548.78736
549.31247
548.31029
549.95783
548.91583
549.46638
548.42568
546.54398
547.07617
546.08054
547.70347
546.66825
547.22597
546.19208
544.31573
544.85471
543.86587
545.46402
544.43584
545.00044
543.97361
542.10299
542.64855
541.66666
543.23997
542.21899
542.79026
541.77064
539.90602
540.45801
539.48317
541.03161
540.01793
540.59572
539.58341
537.72496
538.28326
537.31553
538.83912
537.83281
538.41698
537.41206
535.55994
536.12443
535.16386
536.66262
535.66373
536.25419
535.2567
533.41105
533.98161
533.02828
534.50222
533.51082
534.10742
533.11743
531.2785
531.85497
530.90897
532.35806
531.37424
531.97684
530.99444
529.16257
529.74474
528.80621
530.23036
529.25429
529.86265
528.88801
527.06373
527.65129
526.72048
528.11951
527.15142
527.76524
526.7986
524.98267
525.57519
524.65245
526.02606
525.06631
525.68515
524.72686
522.92042
523.5173
522.60315
523.95086
523
523.62323
522.67383
520.87845
521.47886
520.57402
521.89516
520.95394
521.5807
520.64094
518.85884
519.46162
518.56711
519.86071
518.93019
519.5593
518.63023
516.86442
517.46802
516.58523
517.84996
516.93157
517.56143
516.64447
514.8991
515.50139
514.63221
515.86625
514.96199
515.59039
514.6875
512.96813
513.56626
512.71323
513.91416
513.02666
513.65067
512.76448
511.07852
511.6687
510.8352
511.99978
511.13259
511.74829
510.88227
509.23952
509.81678
509.00723
510.13129
509.28903
509.89127
509.05
507.46315
508.02103
507.24117
508.31931
507.50799
508.09006
507.27948
505.76483
506.29517
505.55224
506.57774
505.80493
506.35838
505.58602
504.16354
504.65628
503.95926
504.92381
504.19886
504.71321
503.98839
502.6824
503.12582
502.48525
503.37926
502.71315
503.17623
502.50992
501.34704
501.72806
501.15581
501.96846
501.37351
501.77155
501.1762
500.18553
500.49129
499.99935
500.7201
500.20865
500.52829
500.01645
499.22237
499.44133
499.04052
499.65983
499.24302
499.47205
499.05513
498.47855
498.60323
498.301
498.81308
498.49855
498.62929
498.31511
497.96228
497.98934
497.78881
498.19171
497.98259
498.01161
497.8033
497.67591
497.60606
497.50717
497.80151
497.69739
497.62602
497.52337
497.45289
497.63424
497.47862
583.18538
581.86565
583.4426
582.18569
582.91217
581.73481
581.54056
583.40828
583.2129
582.01254
581.80785
582.18875
581.17819
580.8027
582.86916
582.47847
581.45058
581.05771
581.08575
580.23392
579.70159
581.91934
581.36198
580.49945
579.94358
579.67404
578.95832
578.29681
580.6311
579.93775
579.21578
578.52592
578.01912
577.41653
576.65305
579.07224
578.27146
577.6661
576.87069
576.17514
575.66538
574.82377
577.30013
576.41679
575.9069
575.03071
574.19049
573.75673
572.8572
575.36737
574.42262
573.9908
573.05485
572.10297
571.73192
570.79059
573.31564
572.32639
571.95892
570.97988
569.94317
569.62448
568.65401
571.17908
570.15872
569.84494
568.83592
567.73425
567.46006
566.47012
568.9838
567.94254
567.67436
566.64534
565.49394
565.25832
564.25619
566.74992
565.69551
565.46683
564.42532
563.2354
563.03391
562.02502
564.49243
563.43065
563.23691
562.18851
560.96841
560.79774
559.7861
562.22256
561.15767
560.99546
559.94431
558.70014
558.55782
557.54635
559.94851
558.88364
558.75044
557.69954
556.43579
556.31999
555.31081
557.67632
556.61374
556.50766
555.45919
554.17912
554.08848
553.08311
555.41032
554.35166
554.27132
553.22685
551.93282
551.8663
550.86585
553.15365
552.10008
552.04441
551.00507
549.69876
549.65561
548.66083
550.9085
549.86084
549.82906
548.79563
547.47827
547.45792
546.46932
548.67643
547.63524
547.62677
546.59979
545.27221
545.27422
544.29218
546.45849
545.42414
545.43854
544.41837
543.08117
543.10521
542.12995
544.25537
543.22811
543.26504
542.25191
540.90552
540.95133
539.98299
542.06751
541.0475
541.10669
540.10077
538.74548
538.81284
537.85153
539.89521
538.88254
538.96379
537.96515
536.60119
536.68993
535.7357
537.73862
536.73337
536.83647
535.8452
534.47277
534.5827
533.63562
535.59788
534.60008
534.72487
533.741
532.36034
532.49127
531.55139
533.47306
532.4828
532.62906
531.65267
530.26407
530.41578
529.4832
531.36433
530.38169
530.54921
529.58038
528.18424
528.35645
527.43132
529.27189
528.29703
528.48552
527.52442
526.12132
526.31366
525.39621
527.1961
526.22926
526.43834
525.4852
524.07596
524.28794
523.37852
525.13751
524.17905
524.40821
523.46339
522.04917
522.28012
521.37922
523.09695
522.1474
522.39595
521.45995
520.04238
520.29138
519.39971
521.0756
520.1357
520.4027
519.47625
518.05756
518.3234
517.44194
519.07516
518.14594
518.43013
517.51424
516.09747
516.37847
515.50856
517.09796
516.18084
516.48051
515.57655
514.16584
514.45977
513.60322
515.14723
514.24414
514.55695
513.6668
512.2677
512.57156
511.73079
513.22733
512.34085
512.66371
511.78984
510.40977
510.71956
509.89778
511.34409
510.47765
510.80641
509.95217
508.60093
508.91137
508.11282
509.50532
508.66345
508.99263
508.16238
506.85269
507.15691
506.38707
507.72116
506.90972
507.23218
506.4316
505.17999
505.46924
504.7351
506.00506
505.2315
505.53814
504.77447
503.60122
503.86455
503.17489
504.37349
503.64712
503.92651
503.20889
502.13932
502.3639
501.72918
502.84813
502.17991
502.4187
501.75799
500.81966
500.99082
500.42315
501.45243
500.85506
501.03779
500.44674
499.67153
499.77486
499.28666
500.21673
499.70297
499.81467
499.30626
498.71947
498.74168
498.34457
499.16578
498.74754
498.77411
498.36069
497.98696
497.91984
497.62162
498.32894
498.01419
497.94725
497.63707
497.4798
497.32039
497.12344
497.71605
497.50711
497.3438
497.13915
497.1984
496.94846
496.85188
497.3311
497.22664
496.96968
496.86959
496.80257
497.15644
496.83573
579.68797
577.49883
579.98498
577.89032
579.44763
577.36831
577.17824
580.01416
579.82648
577.69268
577.49223
578.73451
576.81546
576.44688
579.4836
579.0971
577.1297
576.74349
577.64648
575.88946
575.36796
578.5466
577.99431
576.19641
575.65141
576.25111
574.63719
573.99038
577.26823
576.58208
574.93249
574.2574
574.62301
573.13036
572.38622
575.72999
574.94026
573.41566
572.64007
572.8142
571.42417
570.60629
573.98666
573.1181
571.6991
570.8474
570.87373
569.57101
568.69922
572.09251
571.16611
569.83679
568.92965
568.83759
567.61045
566.70022
570.08728
569.11938
567.86767
566.92102
566.73521
565.57468
564.63801
568.00407
567.00748
565.82413
564.85039
564.5883
563.48767
562.5336
565.86739
564.85178
563.72991
562.73836
562.41349
561.36773
560.40301
563.69615
562.6688
561.60324
560.60085
560.22296
559.22831
558.25792
561.50426
560.47056
559.45747
558.44935
558.02574
557.07938
556.10699
559.30209
558.26599
557.30248
556.29239
555.8284
554.92821
553.95647
557.09719
556.06158
555.14547
554.13615
553.63572
552.78008
551.81091
554.89507
553.86204
552.99169
551.9851
551.45112
550.6388
549.67359
552.6997
551.67076
550.8449
549.84246
549.27706
548.50709
547.54682
550.51393
549.49015
548.70779
547.71051
547.11525
546.38688
545.43223
548.33978
547.32191
546.58228
545.59086
544.96688
544.27951
543.33097
546.17865
545.1672
544.46969
543.48462
542.83275
542.18591
541.24378
544.03148
543.0268
542.37092
541.39252
540.7134
540.10668
539.17118
541.89892
540.90124
540.28657
539.31507
538.60915
538.04221
537.11349
539.78137
538.79083
538.21704
537.25257
536.52021
535.99278
535.07091
537.67909
536.69578
536.16257
535.20522
534.44673
533.95852
533.04357
535.59223
534.61621
534.12331
533.17314
532.3888
531.93956
531.03159
533.5209
532.55222
532.09937
531.15643
530.34654
529.93601
529.03507
531.4652
530.50393
530.09085
529.15521
528.32013
527.94801
527.05421
529.42525
528.47149
528.09789
527.16965
526.30984
525.97579
525.08928
527.40129
526.45519
526.12071
525.20001
524.31611
524.0197
523.1407
525.39365
524.45543
524.15963
523.24672
522.33958
522.08027
521.20911
523.40285
522.47287
522.2152
521.3104
520.3812
520.15828
519.29544
521.42968
520.50843
520.28815
519.39196
518.44231
518.25484
517.40098
519.47524
518.56343
518.3796
517.49269
516.52477
516.37153
515.52757
517.54114
516.63974
516.49108
515.61439
514.63115
514.51048
513.67767
515.62956
514.7399
514.62469
513.75951
512.76494
512.67462
511.85463
513.74347
512.86736
512.78333
511.93137
510.93078
510.86788
510.06292
511.88692
511.02675
510.97086
510.13442
509.13488
509.09545
508.3085
510.06527
509.22424
509.19241
508.37453
507.38544
507.36429
506.59921
508.28572
507.46802
507.45489
506.65953
505.69311
505.68339
504.94521
506.55754
505.76866
505.76712
504.99951
504.07184
504.06475
503.35994
504.89329
504.14021
504.14115
503.40794
502.5389
502.52318
501.86
503.30816
502.59982
502.59146
501.90126
501.11671
501.07885
500.46731
501.82328
501.17036
501.13869
500.50187
499.83007
499.75394
499.20619
500.46098
499.87638
499.80431
499.2337
498.71002
498.57938
498.10811
499.25355
498.75052
498.62118
498.13007
497.78177
497.58054
497.19832
498.22569
497.81724
497.61328
497.2152
497.07265
496.79112
496.50608
497.41233
497.10691
496.81843
496.52211
496.58521
496.22029
496.0335
496.82166
496.62002
496.2441
496.05028
496.3153
495.8697
495.77894
496.45198
496.35122
495.89199
495.79838
495.73632
496.27552
495.77812
574.0465
570.80868
574.37451
571.26115
573.8415
570.67299
570.49184
574.46627
574.29141
571.02113
570.82958
573.16344
570.14309
569.7921
573.96993
573.5992
570.48179
570.11419
572.11663
569.26027
568.76407
573.07045
572.53779
569.59245
569.07401
570.77174
568.06673
567.452
571.83769
571.17594
568.38804
567.74643
569.2057
566.63305
565.92733
570.35573
569.59561
566.94454
566.20896
567.46983
565.01322
564.23946
568.67945
567.84549
565.31431
564.50848
565.61248
563.25842
562.43568
566.86288
565.97555
563.55015
562.69396
563.66791
561.40634
560.54916
564.94426
564.01915
561.68917
560.79761
561.66397
559.48726
558.6068
562.95521
562.00437
559.76192
558.84652
559.62076
557.52329
556.62778
560.91856
559.95096
557.79027
556.8595
557.55353
555.5311
554.62665
558.85181
557.87413
555.79086
554.85101
555.47334
553.52281
552.61387
556.76763
555.78475
553.77568
552.83132
553.38833
551.5073
550.59712
554.67539
553.69091
551.75357
550.80802
551.30439
549.491
548.58191
552.5819
551.59839
549.73089
548.78656
549.22576
547.47856
546.57227
550.49206
549.5114
547.71224
546.77087
547.15549
545.47333
544.57103
548.40942
547.43294
545.70094
544.76375
545.09576
543.47768
542.58023
546.33651
545.36517
543.69933
542.76722
543.04809
541.4933
540.60132
544.2751
543.30956
541.70909
540.78267
541.01353
539.52137
538.63527
542.22645
541.26718
539.73138
538.81109
538.99281
537.56271
536.68278
540.1914
539.2387
537.767
536.85312
536.9864
535.61787
534.7443
538.17052
537.22461
535.81649
534.90923
534.99461
533.6872
532.82011
536.16418
535.22518
533.8802
532.97968
533.01763
531.77094
530.91044
534.17261
533.24063
531.95837
531.06467
531.0556
529.86927
529.01541
532.19598
531.27106
530.05115
529.16434
529.10863
527.98229
527.13514
530.23439
529.31659
528.15865
527.2788
527.17685
526.11015
525.26978
528.28794
527.37733
526.281
525.40818
525.26045
524.25301
523.41952
526.35678
525.45347
524.41835
523.55267
523.35971
522.4111
521.58465
524.44114
523.54527
522.57094
521.71256
521.47505
520.58479
519.76561
522.54136
521.65317
520.73912
519.88826
519.60711
518.7746
517.96302
520.65795
519.77776
518.92339
518.08039
517.75679
516.9813
516.17777
518.79166
517.91996
517.12451
516.28984
515.92534
515.20595
514.4111
516.94355
516.081
515.34352
514.51782
514.11454
513.45003
512.66472
515.11512
514.26263
513.58188
512.76603
512.32676
511.71555
510.94093
513.3084
512.4672
511.84155
511.03673
510.56519
510.00519
509.2428
511.52614
510.69789
510.12518
509.33298
508.8341
508.32254
507.57441
509.77205
508.95895
508.43633
507.65883
507.1391
506.67231
505.94109
508.05097
507.25593
506.77962
506.01954
505.48763
505.06076
504.34989
506.36949
505.59627
505.16127
504.42216
503.8892
503.49579
502.80979
504.73581
503.9894
503.58902
502.87553
502.35655
501.98825
501.33283
503.16149
502.4482
502.07381
501.39182
500.90518
500.55097
499.93362
501.65975
500.98785
500.62794
499.98525
499.55639
499.20279
498.63261
500.25104
499.63042
499.27109
498.67704
498.33287
497.96281
497.45148
498.95413
498.39755
498.02067
497.48767
497.2674
496.86315
496.42297
497.80447
497.32491
496.91221
496.45297
496.38294
495.92526
495.56956
496.82079
496.4325
495.96301
495.59212
495.71426
495.19103
494.92807
496.05022
495.76207
495.22322
494.94974
495.2568
494.66422
494.49331
495.49344
495.30406
494.69228
494.51485
495.00342
494.34441
494.26195
495.14637
495.05104
494.37103
494.28601
494.2254
494.96609
494.27754
565.8564
561.44618
566.19025
561.93262
565.68944
561.30726
561.13937
566.34298
566.18339
561.64788
561.4687
565.05799
560.80877
560.48454
565.88199
565.53448
561.13537
560.79498
564.07552
559.99095
559.53379
565.03456
564.53396
560.30923
559.83103
562.81293
558.88712
558.32167
563.87311
563.25203
559.19291
558.60231
561.34773
557.56561
556.91815
562.48239
561.77109
557.86089
557.18578
559.72838
556.07666
555.36866
560.91462
560.13647
556.36124
555.62375
558.00094
554.46857
553.71771
559.2214
558.39574
554.74386
553.96243
556.19687
552.77579
551.99528
557.43807
556.57925
553.04244
552.23064
554.34164
551.02578
550.2256
555.59363
554.71264
551.28463
550.45275
552.45317
549.23814
548.42554
553.7086
552.81346
549.48973
548.64521
550.54501
547.42749
546.60778
551.79854
550.89516
547.67231
546.82059
548.62682
545.60429
544.78128
549.87458
548.96724
545.84268
544.98768
546.70568
543.77616
542.95262
547.94488
547.0367
544.00839
543.15294
544.78664
541.94854
541.12645
546.01531
545.10853
542.17482
541.32096
542.87338
540.12538
539.30617
544.09011
543.18634
540.34589
539.49507
540.96851
538.30948
537.49417
542.17232
541.27272
538.52435
537.67763
539.07391
536.50288
535.6922
540.2641
539.36949
536.71222
535.87033
537.19087
534.707
533.90147
538.36699
537.47794
534.9109
534.07438
535.32034
532.92286
532.12285
536.48208
535.599
533.12139
532.29061
533.46293
531.15117
530.35693
534.6101
533.73326
531.34439
530.51962
531.6191
529.39242
528.60414
532.75156
531.88117
529.58039
528.7618
529.78911
527.64696
526.86476
530.90682
530.04298
527.82972
527.01744
527.97319
525.91504
525.13901
529.07609
528.21891
526.09261
525.28675
526.17148
524.19682
523.42706
527.25955
526.4091
524.36925
523.56988
524.38413
522.49248
521.72905
525.45733
524.61368
522.65978
521.86699
522.61128
520.80218
520.04518
523.66956
522.83279
520.96437
520.17824
520.85316
519.12612
518.37568
521.89643
521.06665
519.2832
518.50387
519.11007
517.46459
516.72087
520.13817
519.31555
517.61656
516.84419
517.38245
515.81796
515.0812
518.39516
517.57993
515.96481
515.19965
515.67094
514.1868
513.45733
516.66792
515.86041
514.3285
513.57088
513.97642
512.57186
511.85014
514.95719
514.15787
512.70838
511.95877
512.30012
510.97421
510.26084
513.264
512.4735
511.10548
510.36451
510.64368
509.39524
508.69104
511.58977
510.80895
509.52119
508.78969
509.00933
507.83687
507.14292
509.9364
509.16641
507.95738
507.23645
507.4
506.30158
505.61928
508.30644
507.54879
506.4165
505.70759
505.81955
504.79266
504.12385
506.70326
505.95993
504.90179
504.20678
504.27299
503.31432
502.66136
505.1312
504.40478
503.41739
502.7387
502.76688
501.87209
501.238
503.59607
502.8899
501.96879
501.30953
501.30951
500.47284
499.86151
502.10503
501.42345
500.56267
499.92683
499.91199
499.12591
498.54222
500.66818
500.01666
499.20845
498.60103
498.58769
497.84202
497.29242
499.29668
498.68255
497.91628
497.34399
497.35575
496.63772
496.13002
498.00901
497.44104
496.70355
496.17436
496.23633
495.52876
495.07355
496.82097
496.31119
495.5841
495.10932
495.2619
494.54608
494.15462
495.7679
495.32868
494.59273
494.18396
494.45387
493.70741
493.39313
494.86558
494.51191
493.74231
493.41449
493.85175
493.05993
492.83064
494.16801
493.90859
493.09028
492.85209
493.44379
492.60187
492.45473
493.6699
493.50067
492.62941
492.47695
493.21767
492.32833
492.25836
493.3604
493.27478
492.35541
492.28373
492.23201
493.18445
492.29295
554.88542
549.2734
555.19344
549.75658
554.79587
549.15064
549.00462
555.46105
555.33381
549.46108
549.30772
554.24883
548.71142
548.4272
555.07855
554.77357
549.01176
548.71505
553.38126
548.00017
547.59927
554.34417
553.89748
548.30164
547.88373
552.24939
547.03051
546.53421
553.30564
552.74776
547.32285
546.80509
550.93614
545.86998
545.30255
552.05962
551.42069
546.15483
545.5636
549.48501
544.56293
543.94372
550.65247
549.95434
544.83859
544.19383
547.94032
543.1544
542.49928
549.13545
548.39618
543.42197
542.74036
546.33017
541.67486
540.99539
547.5404
546.77296
541.93457
541.22799
544.67746
540.14854
539.45328
545.89394
545.10809
540.40107
539.67839
542.99775
538.59216
537.88722
544.214
543.41669
538.83792
538.10539
541.30264
537.01802
536.30779
542.51411
541.71041
537.25742
536.51955
539.60029
535.43478
534.72236
540.8037
539.99722
535.66809
534.92808
537.89662
533.84863
533.13628
539.08966
538.283
534.0761
533.33624
536.1958
532.264
531.5533
537.37685
536.57187
532.4858
531.74773
534.50089
530.68405
529.97616
535.6688
534.86685
530.90034
530.16523
532.81405
529.11107
528.40681
533.96802
533.17004
529.32196
528.59067
531.13684
527.5467
526.84669
532.27631
531.48301
527.7523
527.02543
529.47037
525.99213
525.2968
530.59496
529.80682
526.19251
525.47052
527.81544
524.44822
523.75789
528.9249
528.14228
524.64346
523.92666
526.17261
522.9156
522.2305
527.26677
526.48992
523.10574
522.39438
524.54229
521.39473
520.71503
525.62106
524.85016
521.57982
520.87408
522.92478
519.88595
519.21179
523.98808
523.22326
520.06603
519.36604
521.3203
518.38952
517.72102
522.36809
521.60945
518.56463
517.87051
519.72905
516.90568
516.24293
520.76128
520.00891
517.07584
516.38769
518.1512
515.43463
514.77775
519.16783
518.42183
515.59987
514.9178
516.58698
513.97662
513.32572
517.58794
516.84841
514.13693
513.46107
515.03665
512.53189
511.88712
516.02182
515.2889
512.68729
512.01779
513.50056
511.10079
510.46235
514.46978
513.74365
511.25128
510.58834
511.97919
509.68376
509.05192
512.93222
512.21314
509.82933
509.17321
510.47322
508.2814
507.65651
511.4097
510.69801
508.42204
507.7731
508.98354
506.89453
506.27704
509.903
509.19917
507.03019
506.38891
507.51136
505.52421
504.91473
508.41315
507.7178
505.65483
505.02183
506.05828
504.17183
503.57115
506.94153
506.25549
504.29735
503.67345
504.62641
502.83923
502.24839
505.48998
504.81432
502.95955
502.3458
503.21848
501.5288
500.94911
504.06088
503.39701
501.64378
501.04154
501.83803
500.24358
499.67672
502.65734
502.00706
500.35306
499.76405
500.48955
498.98743
498.43553
501.28329
500.64892
499.09116
498.51757
499.17883
497.7653
497.231
499.94393
499.32837
497.86304
497.30756
497.91294
496.58311
496.06973
498.64533
498.05231
496.67437
496.14044
496.7013
495.44886
494.96044
497.39627
496.83032
495.53335
495.02505
495.55461
494.37098
493.91278
496.20518
495.67243
494.44753
493.97035
494.48922
493.36349
492.94163
495.08867
494.59608
493.43223
492.99223
493.52002
492.43674
492.05994
494.05539
493.61357
492.49431
492.10093
492.67846
491.61974
491.29683
493.14282
492.76185
491.66904
491.331
491.97778
490.91978
490.66306
492.3508
492.04619
490.9534
490.68493
491.46875
490.39191
490.20809
491.75503
491.53559
490.42138
490.23051
491.12777
490.02507
489.90913
491.33557
491.19383
490.0519
489.93193
490.9388
489.81148
489.75768
491.07676
491.00459
489.83843
489.78384
489.74385
490.91076
489.8129
541.06084
534.41293
541.26404
534.81344
540.97293
534.24803
534.11269
541.52881
541.41179
534.40964
534.2609
540.50207
533.84987
533.60428
541.19708
540.93038
533.99695
533.73904
539.74499
533.23126
532.89267
540.54421
540.15701
533.37058
533.01689
538.77521
532.41572
532.00193
539.65132
539.17252
532.54789
532.11661
537.6545
531.44827
530.97844
538.58493
538.0392
531.57434
531.08543
536.42301
530.36719
529.85727
537.38942
536.79568
530.48764
529.95759
535.11646
529.20771
528.67047
536.10512
535.47843
529.32361
528.76564
533.75866
527.99467
527.43934
534.75936
534.11054
528.1066
527.53017
532.36817
526.74711
526.18038
533.37366
532.7107
526.85571
526.26769
530.95756
525.47803
524.90456
531.96265
531.29117
525.5837
524.98886
529.53599
524.19678
523.61986
530.53707
529.86107
524.29987
523.70159
528.10985
522.90984
522.3318
529.10435
528.42668
523.01058
522.41123
526.68372
521.62182
521.0443
527.66985
526.99252
521.7204
521.12165
525.26084
520.33598
519.76016
526.23733
525.5618
520.43252
519.83559
523.84358
519.05466
518.48141
524.80953
524.13683
519.14927
518.55504
522.43363
517.77959
517.20954
523.38839
522.7193
517.87235
517.28146
521.03225
516.51204
515.94567
521.97538
521.31045
516.60301
516.01595
519.64037
515.25297
514.69064
520.57153
519.91118
515.3422
514.75933
518.25865
514.00309
513.44507
519.17762
518.52215
514.09061
513.51223
516.88763
512.76297
512.20948
517.79424
517.14388
512.8488
512.27513
515.52771
511.53304
510.98427
516.42184
515.77677
511.61722
511.04844
514.17921
510.31368
509.76978
515.06076
514.42113
510.39622
509.83249
512.8424
509.1052
508.56631
513.71129
513.07724
509.18612
508.62758
511.51755
507.90791
507.37416
512.37369
511.74533
507.9872
507.43399
510.20489
506.72205
506.19359
511.04821
510.42566
506.79974
506.25201
508.90475
505.54798
505.02497
509.73511
509.11852
505.62406
505.08197
507.61744
504.38604
503.86865
508.4347
507.82424
504.46049
503.92424
506.34339
503.23663
502.72512
507.14735
506.54324
503.30946
502.77928
505.08317
502.1003
501.59495
505.87355
505.27607
502.17149
501.64769
503.83749
500.97772
500.4789
504.61392
504.02345
501.04724
500.5302
502.60733
499.86977
499.37797
503.36931
502.78633
499.93758
499.42781
501.39389
498.77754
498.29339
502.14078
501.56592
498.8436
498.34173
500.19877
497.70247
497.22675
500.92974
500.3638
497.76672
497.27357
499.02405
496.64639
496.18011
499.73799
499.18204
496.70875
496.22535
497.87235
495.61164
495.15606
498.56786
498.02322
495.672
495.19965
496.74698
494.60112
494.15782
497.42231
496.89067
494.65935
494.19969
495.65208
493.61846
493.18941
496.30501
495.78848
493.6744
493.22943
494.59284
492.66821
492.25576
495.22067
494.72183
492.72165
492.29382
493.57549
491.75571
491.36275
494.17476
493.69686
491.80635
491.39863
492.60797
490.8878
490.51772
493.17477
492.7216
490.93544
490.55128
491.69918
490.07172
489.72868
492.22801
491.80457
490.11568
489.75944
490.862
489.31828
489.00688
491.34756
490.9594
489.35867
489.03497
490.10821
488.63578
488.36216
490.54104
490.19631
488.67086
488.38633
489.46135
488.04414
487.81403
489.83637
489.54273
488.07586
487.83624
488.93124
487.54838
487.36925
489.23475
489.00352
487.57318
487.38709
488.55331
487.18265
487.05722
488.79026
488.62638
487.20761
487.07832
488.30335
486.93449
486.85727
488.48235
488.37735
486.95993
486.88068
488.16281
486.79493
486.76071
488.29094
488.23659
486.82175
486.78803
486.76211
488.14312
486.84016
525.05664
517.6775
525.15142
517.99119
525.02203
517.52336
517.41171
525.47849
525.3907
517.58365
517.46156
524.65118
517.19507
516.99912
525.22815
525.01418
517.24444
517.04011
524.04501
516.70815
516.4429
524.71196
524.39978
516.7583
516.48265
523.26718
516.07164
515.75112
523.99615
523.6112
516.11871
515.78564
522.3737
515.32453
514.96418
523.14547
522.70908
515.36949
514.99544
521.39678
514.4963
514.10852
522.19524
521.72293
514.53856
514.13633
520.36577
513.61507
513.20946
521.17986
520.68372
513.6555
513.2351
519.29879
512.69899
512.2821
520.12038
519.60873
512.73786
512.306
518.20989
511.7617
511.3381
519.03354
518.51238
511.79955
511.36092
517.10806
510.81188
510.38462
517.92997
517.40335
510.84899
510.40669
515.99985
509.85571
509.42686
516.81747
516.28823
509.89235
509.44851
514.88962
508.89721
508.46821
515.70115
515.17127
508.93355
508.48962
513.78051
507.93926
507.51114
514.58473
514.05561
507.97545
507.53248
512.67475
506.9839
506.5574
513.47078
512.94342
507.02002
506.57876
511.57401
506.03263
505.60832
512.36121
511.83637
506.06875
505.62979
510.47952
505.08661
504.66493
511.25742
510.73565
505.12279
504.68657
509.39223
504.14674
503.72806
510.16048
509.64222
504.18302
503.74991
508.31288
503.21375
502.79836
509.07121
508.55681
503.25015
502.82046
507.24209
502.28828
501.87641
507.9903
507.48001
502.32482
501.89878
506.18032
501.37079
500.96266
506.91824
506.41229
501.40748
500.98532
505.12799
500.46175
500.05755
505.85548
505.35405
500.4986
500.08051
504.08545
499.56154
499.16145
504.80239
504.30566
499.59856
499.18473
503.05306
498.67055
498.27474
503.75933
503.26745
498.70774
498.29834
502.03114
497.78914
497.39779
502.72661
502.23975
497.8265
497.42172
501.02006
496.9177
496.53099
501.70459
501.22291
496.95524
496.55526
500.02017
496.05663
495.67476
500.6936
500.21728
496.09433
495.69936
499.03191
495.20638
494.82957
499.69406
499.22331
495.24422
494.8545
498.05579
494.36745
493.99598
498.70641
498.2415
494.40542
494.02122
497.09246
493.54045
493.17465
497.73124
497.27248
493.57854
493.20021
496.14271
492.72615
492.36644
496.76925
496.31705
492.76433
492.3923
495.20757
491.9255
491.57238
495.82135
495.37623
491.96374
491.59852
494.28832
491.13967
490.79378
494.88868
494.45128
491.17792
490.82019
493.38657
490.37013
490.03226
493.97268
493.54383
490.40834
490.05891
492.50437
489.61871
489.28986
493.07517
492.65589
489.65682
489.31671
491.64427
488.88771
488.56911
492.19845
491.79003
488.92564
488.59611
490.80947
488.17997
487.87311
491.34536
490.94941
488.2176
487.90022
490.00385
487.49894
487.20565
490.51945
490.13793
487.53617
487.23282
489.23215
486.84884
486.57128
489.72506
489.36032
486.88555
486.59845
488.49999
486.23463
485.9753
488.9673
488.62217
486.27064
486.0024
487.81406
485.66213
485.42384
488.25253
487.93025
485.69733
485.45086
487.18168
485.13759
484.92341
487.58731
487.2917
485.17175
484.95023
486.61192
484.66845
484.48135
486.981
486.71607
484.70166
484.50814
486.11279
484.2606
484.10352
486.43992
486.21062
484.29229
484.12993
485.69673
483.92276
483.79748
485.97955
485.78989
483.95389
483.82444
485.36737
483.6556
483.56316
485.60036
485.45508
483.68497
483.58977
485.13769
483.46726
483.4059
485.32593
485.22528
483.49749
483.43485
484.98873
483.34716
483.31178
485.14106
485.07697
483.37857
483.34272
484.90031
483.28594
483.27238
485.02216
484.98695
483.31853
483.30635
483.28849
484.89208
483.38009
507.5413
499.75773
507.51729
499.96702
507.53401
499.59617
499.50402
507.8548
507.7879
499.52706
499.42285
507.25513
499.32689
499.17757
507.66938
507.50465
499.24449
499.08807
506.79226
498.95649
498.76351
507.26838
507.03124
498.87092
498.67026
506.21356
498.49722
498.27189
506.73111
506.44468
498.40983
498.17621
505.56043
497.97472
497.72809
506.1044
505.78512
497.88657
497.63143
504.85822
497.4108
497.15122
505.41779
505.07718
497.32287
497.05478
504.12637
496.82309
496.55627
504.69425
504.34043
496.73644
496.46122
503.37631
496.2219
495.95126
503.94762
503.58583
496.13714
495.85821
502.61625
495.61408
495.3417
503.1879
502.82165
495.53177
495.25121
501.851
495.00334
494.73041
502.42095
502.05249
494.92376
494.64275
501.08396
494.39205
494.11934
501.6509
501.28172
494.31546
494.03475
500.31731
493.78166
493.50967
500.88033
500.51146
493.70818
493.42826
499.55267
493.17322
492.90233
500.11113
499.74331
493.10292
492.82418
498.7912
492.56747
492.298
499.34462
498.97841
492.50043
492.22317
498.03386
491.96512
491.69734
498.58186
498.2177
491.90135
491.62586
497.28143
491.36675
491.10094
497.82371
497.46197
491.30628
491.03282
496.53458
490.77295
490.50935
497.07087
496.71186
490.71577
490.44461
495.79391
490.18424
489.92309
496.32396
495.96796
490.13036
489.86173
495.05991
489.60112
489.34264
495.58354
495.23079
489.55053
489.28466
494.33306
489.02408
488.76848
494.85008
494.5008
488.97676
488.71386
493.61381
488.45356
488.20105
494.12405
493.77844
488.40951
488.1498
492.90256
487.89002
487.64079
493.40585
493.06411
487.84922
487.59291
492.19974
487.3339
487.08817
492.69591
492.35823
487.29633
487.04365
491.50578
486.78566
486.54365
491.99465
491.66124
486.75132
486.50247
490.82109
486.24575
486.00768
491.30247
490.97353
486.21461
485.96984
490.14616
485.71469
485.4808
490.61984
490.2956
485.68674
485.44628
489.48152
485.19302
484.96357
489.94726
489.62798
485.16822
484.93237
488.82777
484.68133
484.45665
489.28528
488.97125
484.65967
484.42875
488.18565
484.18033
483.96079
488.63457
488.32616
484.16179
483.93618
487.55603
483.69088
483.47691
487.99593
487.69359
483.67543
483.45558
486.94
483.21398
483.00612
487.37034
487.0746
483.20158
482.98806
486.33889
482.75085
482.54975
486.75899
486.47053
482.74147
482.53493
485.75432
482.303
482.10945
486.16337
485.883
482.29657
482.09785
485.18836
481.87226
481.68723
485.58532
485.31406
481.86874
481.67884
484.64349
481.46088
481.28557
485.0271
484.76622
481.46021
481.28036
484.12278
481.0716
480.90742
484.4915
484.24251
481.07371
480.90537
483.62991
480.70773
480.55636
483.98192
483.74667
480.71255
480.55748
483.16924
480.37312
480.23651
483.5024
483.28305
480.38058
480.2408
482.74587
480.07237
479.95266
483.0578
482.85682
480.08248
479.96022
482.36529
479.81028
479.7097
482.65339
482.47348
479.82298
479.72062
482.03352
479.59233
479.51285
482.29545
482.13932
479.60795
479.52752
481.75555
479.42232
479.36533
481.98912
481.85926
479.44085
479.38391
481.53594
479.30445
479.26956
481.74077
481.63855
479.32708
479.29317
481.37389
479.23489
479.21978
481.5505
481.47589
479.26133
479.24815
481.26696
479.21106
479.2099
481.42024
481.37019
479.2437
479.24479
481.20058
479.2117
479.21771
481.33573
481.30475
479.24817
479.25611
481.16248
479.22799
479.23641
481.28797
481.26866
479.26826
479.27821
481.1306
479.24956
479.25755
481.2489
481.23453
479.29178
479.30235
479.28969
481.13898
479.40032
489.33839
481.47769
489.21298
481.59066
489.37591
481.33236
481.26313
489.58021
489.54055
481.17075
481.09179
489.19167
481.12857
481.02648
489.46716
489.35472
480.95536
480.84903
488.8814
480.88224
480.76101
489.19942
489.03998
480.71069
480.58562
488.50436
480.5988
480.46745
488.84459
488.65851
480.42784
480.29274
488.09668
480.30019
480.16627
488.44806
488.24829
480.13154
479.99437
487.67381
479.99856
479.86624
488.02908
487.82288
479.83271
479.69764
487.24692
479.70282
479.57388
487.60264
487.39422
479.54098
479.40976
486.81962
479.41453
479.28906
487.17396
486.96521
479.25714
479.12973
486.3943
479.13388
479.01142
486.74665
486.53851
478.98148
478.85733
485.97123
478.8593
478.73917
486.32135
486.11411
478.71209
478.59045
485.5507
478.58955
478.47119
485.89857
485.69236
478.44772
478.32798
485.13262
478.32339
478.20642
485.47819
485.2731
478.18702
478.06873
484.71709
478.06014
477.94434
485.06035
484.85645
477.92928
477.81221
484.30429
477.7994
477.68469
484.64512
484.44255
477.67406
477.55812
483.89452
477.5411
477.42751
484.2328
484.03171
477.42128
477.3065
483.48813
477.28537
477.17301
483.82369
483.62429
477.17106
477.05754
483.08557
477.03248
476.9215
483.41823
483.22072
476.92365
476.81157
482.68727
476.78279
476.6734
483.01682
482.82143
476.67944
476.56898
482.29371
476.53677
476.42916
482.61997
482.42691
476.43886
476.33023
481.90535
476.29485
476.18924
482.2281
482.0376
476.20234
476.09578
481.52266
476.0575
475.95412
481.84171
481.65398
475.97039
475.86612
481.14611
475.82524
475.72432
481.46125
481.27653
475.74349
475.64176
480.77621
475.59857
475.50036
481.08721
480.90574
475.52216
475.42322
480.41347
475.37804
475.28279
480.72011
480.54212
475.30694
475.21105
480.05841
475.16421
475.07217
480.36045
480.18619
475.09839
475.00583
479.7116
474.95765
474.86912
480.00878
479.83852
474.89708
474.80814
479.37365
474.759
474.67427
479.66568
479.49973
474.70366
474.61865
479.04526
474.56894
474.48837
479.33182
479.17051
474.5188
474.43809
478.72724
474.38826
474.31226
479.00793
478.85166
474.3433
474.2673
478.42055
474.21788
474.14689
478.6949
478.54414
474.17805
474.10725
478.1263
474.05884
473.99343
478.39376
478.24908
474.02413
473.95909
477.84587
473.91242
473.85323
478.10576
477.96784
473.88277
473.82417
477.5809
473.78011
473.72793
477.83241
477.70206
473.75549
473.70413
477.33336
473.6637
473.61945
477.57551
477.45372
473.64405
473.6009
477.10568
473.56536
473.53015
477.33727
477.22525
473.55063
473.51684
476.90072
473.48763
473.46277
477.12035
477.01952
473.47777
473.45469
476.72191
473.43358
473.42055
476.92797
476.84
473.42857
473.41776
476.57312
473.40659
473.40708
476.76374
476.69058
473.40639
473.4096
476.45882
473.41075
473.42642
476.63222
476.57591
473.41548
473.43448
476.38319
473.44957
473.48205
476.53741
476.50009
473.45923
473.49576
476.35079
473.52756
473.57763
476.48514
476.46832
473.54289
473.59778
476.36246
473.64482
473.71229
476.47626
476.48089
473.66565
473.73893
476.41919
473.80361
473.88504
476.51679
476.54069
473.83246
473.92035
476.50746
473.98879
474.07815
476.59211
476.63128
474.02416
474.12068
476.61867
474.19453
474.27995
476.70475
476.74873
474.24156
474.33345
476.71286
474.37435
474.44443
476.80576
476.84361
474.42648
474.50119
476.78335
474.52009
474.57008
476.8919
476.91654
474.57739
474.63056
476.80578
474.61998
474.64824
476.92981
476.93528
474.67927
474.71099
474.69532
476.83483
474.8327
471.14846
463.52002
470.92563
463.53134
471.19846
463.37491
463.32177
471.27105
471.24655
463.11096
463.04661
471.08669
463.21799
463.1551
471.20154
471.13114
462.93855
462.87185
470.90475
463.07
463.01224
471.03226
470.94174
462.78746
462.72781
470.71429
462.9431
462.89823
470.84045
470.74855
462.66088
462.61588
470.53999
462.85112
462.82267
470.65908
470.57408
462.57225
462.54526
470.38734
462.79649
462.78401
470.49824
470.42255
462.52296
462.51322
470.25688
462.77723
462.77822
470.36098
470.29423
462.5108
462.51549
470.14366
462.78549
462.7966
470.24299
470.18339
462.5269
462.54231
470.04373
462.81436
462.83259
470.14038
470.0861
462.56421
462.58714
469.95271
462.85705
462.87995
470.04833
469.99771
462.61553
462.64334
469.86775
462.90877
462.93459
469.96359
469.91543
462.67602
462.70689
469.78669
462.96597
462.99352
469.88353
469.837
462.74201
462.77467
469.70828
463.02644
463.05502
469.8066
469.76123
462.81126
462.84498
469.63182
463.08881
463.11802
469.73184
469.68737
462.88238
462.91674
469.55707
463.15242
463.1821
469.65884
469.61521
462.9547
462.98952
469.48405
463.21703
463.24718
469.58752
469.54477
463.02797
463.06325
469.413
463.2827
463.31341
469.51802
469.4763
463.10225
463.13809
469.34429
463.34971
463.38114
469.45067
469.41016
463.17781
463.21438
469.27832
463.41842
463.45077
469.38587
469.34676
463.25503
463.29253
469.21561
463.4893
463.52281
469.32407
469.28661
463.33438
463.37305
469.15665
463.56288
463.59778
469.26579
469.23021
463.41637
463.45647
469.10198
463.63969
463.67625
469.21155
469.17812
463.50156
463.54336
469.05218
463.72033
463.75882
469.1619
469.13089
463.59053
463.63432
469.00786
463.80542
463.84612
469.11744
469.08912
463.68391
463.72997
468.96957
463.89554
463.93876
469.07874
469.0534
463.78229
463.83094
468.93801
463.9914
464.03745
469.04645
469.02441
463.88636
463.93793
468.91386
464.09369
464.1429
469.02125
469.00283
463.99683
464.05166
468.8979
464.20317
464.25593
469.00385
468.98944
464.11445
464.17295
468.89099
464.32069
464.37741
468.99509
468.98511
464.24008
464.30267
468.89414
464.44721
464.50836
468.99589
468.99084
464.37466
464.44184
468.9085
464.5838
464.64995
469.00735
469.00779
464.51928
464.59162
468.93543
464.73171
464.80349
469.03069
469.0373
464.67519
464.75334
468.97652
464.89242
464.97056
469.06742
469.08098
464.84383
464.92858
469.03367
465.06762
465.153
469.11927
469.14072
465.02693
465.11916
469.10912
465.25931
465.35293
469.18834
469.21879
465.22648
465.32722
469.20545
465.46978
465.57277
469.27703
469.31777
465.44474
465.55519
469.32567
465.70171
465.81529
469.38827
469.44073
465.68446
465.8059
469.47297
465.95783
466.08331
469.52506
469.59085
465.94832
466.08212
469.65091
466.24138
466.37988
469.69132
469.77193
466.23982
466.38714
469.86205
466.55442
466.70677
469.88952
469.98638
466.56072
466.72253
470.10913
466.8999
467.0657
470.12441
470.23777
466.915
467.09088
470.38907
467.27446
467.45203
470.39287
470.52215
467.29797
467.48646
470.69944
467.67815
467.86161
470.69971
470.83983
467.7133
467.90806
471.01706
468.08766
468.26821
471.01961
471.16331
468.13231
468.32461
471.328
468.49432
468.65576
471.3544
471.4856
468.55546
468.72738
471.57353
468.83506
468.96194
471.63177
471.7344
468.90468
469.03906
471.74605
469.09713
469.18392
471.84537
471.91133
469.17454
469.26629
471.81932
469.26769
469.31398
471.95663
471.98075
469.3482
469.39916
469.37639
471.87372
469.5482
453.72627
446.60858
453.43154
446.53669
453.80467
446.48323
446.44773
453.77964
453.77554
446.16162
446.11773
453.76494
446.3775
446.35146
453.76317
453.73501
446.04315
446.01571
453.7108
446.32822
446.32822
453.70517
453.68064
445.99586
445.9972
453.69428
446.34477
446.37742
453.6691
453.66493
446.01501
446.05139
453.73675
446.44046
446.50578
453.6908
453.71174
446.11745
446.18873
453.83107
446.60571
446.69876
453.76674
453.81044
446.29047
446.39109
453.97007
446.83049
446.94498
453.89299
453.95504
446.52501
446.64825
454.14017
447.09778
447.22728
454.05529
454.13049
446.80237
446.94132
454.33236
447.39513
447.53458
454.24414
454.32831
447.11037
447.25973
454.53816
447.71132
447.85686
454.44975
454.53955
447.43724
447.59291
454.75234
448.03905
448.18805
454.66602
454.75917
447.77572
447.93497
454.97097
448.37293
448.52365
454.88818
454.98314
448.12031
448.28131
455.19185
448.70974
448.86113
455.11346
455.20931
448.46778
448.62945
455.4136
449.04747
449.19893
455.34008
455.4363
448.81611
448.97782
455.63562
449.38508
449.53633
455.56716
455.66351
449.16423
449.3257
455.8577
449.72209
449.87306
455.7943
455.89075
449.5117
449.67285
456.07995
450.05847
450.20922
456.02152
456.11814
449.85846
450.01936
456.3027
450.39441
450.5451
456.24904
456.346
450.20472
450.36552
456.52637
450.73032
450.88114
456.47726
456.57476
450.55089
450.7118
456.75145
451.06665
451.21785
456.70662
456.80492
450.89741
451.05869
456.97851
451.40394
451.55578
456.93769
457.03703
451.24484
451.40677
457.20812
451.7428
451.89557
457.17102
457.27171
451.59379
451.75665
457.44093
452.08386
452.23785
457.40724
457.50956
451.9449
452.109
457.6776
452.42779
452.58331
457.64699
457.75127
452.29882
452.4645
457.9188
452.77529
452.93266
457.89096
457.9975
452.65626
452.82384
458.16524
453.12706
453.28662
458.13982
458.24897
453.01793
453.18776
458.41769
453.48386
453.64597
458.39431
458.50644
453.38459
453.55705
458.67696
453.84649
454.01155
458.65524
458.77073
453.75705
453.93255
458.94397
454.21586
454.38428
458.92346
459.04277
454.1362
454.31518
459.21974
454.59291
454.76519
459.19994
459.32356
454.523
454.70595
459.50541
454.97873
455.1554
459.48577
459.61428
454.91853
455.10603
459.80233
455.37456
455.55623
459.7822
459.91623
455.32403
455.51669
460.112
455.78179
455.96914
460.09064
460.23095
455.74088
455.93941
460.43616
456.20195
456.39576
460.41272
460.56016
456.17062
456.37584
460.7768
456.63685
456.83799
460.75035
460.90588
456.61507
456.82785
461.13613
457.08844
457.29782
461.1056
461.27033
457.07613
457.29747
461.51663
457.55889
457.77746
461.48098
461.65604
457.55609
457.78694
461.92062
458.05021
458.27882
461.87875
462.06534
458.05685
458.29814
462.35055
458.56462
458.80377
462.30197
462.50094
458.58095
458.83318
462.80716
459.10255
459.35222
462.75143
462.96338
459.12844
459.39172
463.29113
459.66515
459.92376
463.23047
463.45437
459.70172
459.97434
463.79569
460.24575
460.51023
463.73206
463.96587
460.29235
460.5715
464.31542
460.84208
461.10473
464.25973
464.49602
460.90245
461.17982
464.81985
461.42501
461.67516
464.77936
465.00845
461.49622
461.76123
465.29162
461.98387
462.20296
465.29275
465.49482
462.07397
462.30614
465.65904
462.44692
462.61656
465.71095
465.86584
462.54656
462.72543
465.91134
462.7954
462.90912
466.02426
466.12252
462.90319
463.02277
466.02128
463.01709
463.07601
466.1897
466.22674
463.12765
463.19165
463.14938
466.10134
463.36506
437.63638
431.26399
437.27928
431.11678
437.68403
431.12446
431.09648
437.54113
437.53555
430.73202
430.6911
437.68084
431.04318
431.043
437.52854
437.52522
430.63002
430.62709
437.71196
431.05508
431.09944
437.52319
437.5481
430.63408
430.68015
437.83682
431.18236
431.2772
437.60618
437.67478
430.76231
430.86339
438.06178
431.42933
431.57024
437.79595
437.90691
431.01717
431.1676
438.36637
431.77344
431.95085
438.07488
438.22038
431.37183
431.56094
438.73377
432.19523
432.39935
438.4272
438.59843
431.80692
432.02418
439.14207
432.6691
432.89095
438.8286
439.01715
432.29442
432.53015
439.57789
433.17808
433.41111
439.26392
439.46363
432.81759
433.06496
440.02948
433.70775
433.94719
439.71932
439.92556
433.36131
433.61526
440.49
434.24922
434.49196
440.18654
440.39631
433.9168
434.17412
440.95449
434.79619
435.04022
440.6595
440.87082
434.47762
434.73623
441.42018
435.34499
435.58913
441.13472
441.34642
435.04016
435.29883
441.88538
435.89335
436.13694
441.60999
441.82141
435.60213
435.86017
442.34931
436.44012
436.68284
442.08421
442.29504
436.16239
436.41949
442.81168
436.98478
437.22655
442.55687
442.76703
436.72043
436.9765
443.27257
437.52727
437.76814
443.02793
443.23749
437.27621
437.53132
443.73229
438.0678
438.30793
443.49761
443.70672
437.82994
438.08425
444.19128
438.60676
438.84637
443.96628
444.17517
438.38201
438.63574
444.65007
439.14465
439.38398
444.43446
444.64337
438.93293
439.18635
445.10924
439.68205
439.92138
444.9027
445.11193
439.48329
439.73668
445.56945
440.21959
440.45922
445.37164
445.58149
440.03373
440.2874
446.03134
440.75794
440.99817
445.84193
446.05272
440.5849
440.83918
446.49565
441.29779
441.53895
446.31428
446.52633
441.13753
441.39275
446.96307
441.83985
442.08228
446.78937
447.00304
441.69231
441.94882
447.43437
442.38489
442.62893
447.26797
447.4836
442.25001
442.50818
447.91034
442.93368
443.1797
447.75085
447.96883
442.81142
443.07162
448.39184
443.48706
443.73546
448.23884
448.45958
443.37737
443.64002
448.8798
444.04591
444.29712
448.73282
448.95677
443.94875
444.21429
449.37522
444.6112
444.86568
449.23378
449.46143
444.52652
444.79544
449.87924
445.18398
445.44225
449.74278
449.97468
445.11174
445.38457
450.3931
445.76541
446.02804
450.261
450.49777
445.70557
445.98289
450.91821
446.35678
446.62438
450.7898
451.0321
446.30928
446.59175
451.4561
446.95949
447.23274
451.33062
451.57922
446.92429
447.21259
452.0085
447.57509
447.85471
451.88515
452.14087
447.55213
447.84702
452.57718
448.20515
448.49186
452.4551
452.7188
448.19439
448.49662
453.16397
448.85136
449.14579
453.04243
453.31493
448.85278
449.16299
453.77028
449.51493
449.8175
453.64861
453.9306
449.52846
449.84711
454.39718
450.197
450.50758
454.27547
454.56711
450.22279
450.54973
455.04353
450.89641
451.21415
454.92214
455.22303
450.93425
451.26867
455.70737
451.61208
451.93431
455.58936
455.89724
451.66272
452.00179
456.37895
452.33487
452.65725
456.26745
456.57872
452.39747
452.73693
457.04924
453.05884
453.37259
456.95552
457.26148
453.13607
453.46661
457.68623
453.75424
454.04761
457.61949
457.90902
453.84383
454.15374
458.26873
454.40576
454.66033
458.25468
458.50792
454.51392
454.78356
458.72876
454.95027
455.14604
458.78461
458.97826
455.07349
455.28039
459.03776
455.35248
455.48162
459.17315
459.29438
455.4861
455.62208
459.17233
455.60545
455.67136
459.37865
459.42443
455.74366
455.8157
455.75523
459.27835
456.01939
423.50199
417.97748
423.15233
417.82327
423.58548
417.88192
417.87554
423.41611
423.43303
417.53165
417.51878
423.64765
417.86361
417.89443
423.4623
423.49447
417.50331
417.53531
423.77734
417.95881
418.04218
423.55184
423.6252
417.60078
417.68912
424.02231
418.18146
418.32313
423.74708
423.8759
417.82777
417.97854
424.39166
418.54381
418.73728
424.07753
424.25778
418.20243
418.40813
424.84978
419.00982
419.24245
424.50704
424.72689
418.67992
418.9265
425.3789
419.55927
419.81967
425.02067
425.26926
419.24363
419.51924
425.95057
420.16072
420.43865
425.58585
425.85283
419.85842
420.15208
426.55074
420.79673
421.08528
426.18686
426.46529
420.50827
420.81289
427.16588
421.45163
421.74579
426.80743
427.09213
421.17653
421.48687
427.78898
422.11665
422.41337
427.4391
427.72686
421.85487
422.16779
428.41472
422.78547
423.08278
428.07525
428.36398
422.53677
422.85023
429.04034
423.4546
423.75139
428.71236
429.00086
423.21888
423.53174
429.66411
424.12191
424.41756
429.34817
429.63575
423.89901
424.21063
430.28526
424.78635
425.08058
429.98158
430.26794
424.57616
424.88627
430.90353
425.44747
425.74022
430.61209
430.89716
425.24989
425.55843
431.51902
426.10526
426.39661
431.23968
431.52354
425.9202
426.22725
432.13204
426.75998
427.0501
431.86459
432.14739
426.58734
426.89309
432.74307
427.41203
427.70113
432.48721
432.76918
427.25174
427.5564
433.35263
428.06192
428.35026
433.10807
433.38948
427.91392
428.21776
433.96136
428.71025
428.99811
433.72776
434.0089
428.57446
428.87778
434.5699
429.35765
429.64533
434.34692
434.62809
429.23401
429.53712
435.17894
430.00479
430.29259
434.96622
435.24776
429.89325
430.19646
435.78919
430.65236
430.94061
435.58637
435.86861
430.55286
430.85652
436.40138
431.30109
431.59011
436.2081
436.49139
431.21358
431.51803
437.01629
431.95172
432.24187
436.83216
437.11687
431.87615
432.18175
437.63472
432.60502
432.89666
437.45934
437.74586
432.54136
432.84849
438.25751
433.26182
433.55533
438.09048
438.3792
433.21002
433.51908
438.88559
433.92298
434.21878
438.72645
439.01782
433.88301
434.19442
439.51991
434.58942
434.88795
439.3682
439.66269
434.56124
434.87546
440.16157
435.26214
435.56388
440.01676
440.31489
435.24571
435.56325
440.81173
435.94224
436.24771
440.67325
440.9756
435.93753
436.25892
441.47164
436.63088
436.94064
441.33891
441.64607
436.63785
436.96367
442.14269
437.32931
437.64395
442.01503
442.32768
437.34792
437.67878
442.8263
438.03887
438.35897
442.70307
443.02187
438.06908
438.4056
443.52387
438.76083
439.08696
443.4044
443.73003
438.8026
439.14535
444.23669
439.49646
439.82901
444.12053
444.4535
439.5498
439.89918
444.96542
440.24643
440.58551
444.85227
445.19289
440.31126
440.66743
445.7101
441.01111
441.35619
445.60058
445.94847
441.08763
441.45002
446.46818
441.78841
442.13809
446.36332
446.71739
441.87645
442.24368
447.23589
442.57586
442.92681
447.13966
447.4967
442.67626
443.0448
448.00118
443.36283
443.70977
447.91781
448.27297
443.47486
443.83945
448.75188
444.14049
444.47377
448.6935
449.03688
444.26665
444.61704
449.45387
444.87788
445.18465
449.43083
449.74962
445.0159
445.33893
450.08152
445.55392
445.81614
450.11731
450.39174
445.70765
445.98418
450.57218
446.11229
446.31052
450.68531
450.89146
446.27846
446.48665
450.88923
446.51337
446.6408
451.08714
451.21156
446.68513
446.81796
451.01612
446.76023
446.82291
451.28862
451.3295
446.93356
447.00088
446.90423
451.13338
447.21983
411.32668
406.59134
411.01096
406.4527
411.41868
406.51169
406.51608
411.24189
411.26879
406.20017
406.19837
411.51779
406.52309
406.56958
411.31332
411.3661
406.20024
406.24786
411.70237
406.65491
406.75708
411.44825
411.55015
406.33088
406.43805
412.01732
406.9218
407.08568
411.70577
411.87079
406.60001
406.77366
412.47153
407.34008
407.55717
412.11829
412.33943
407.03127
407.26152
413.01573
407.86096
408.11597
412.63421
412.89601
407.56376
407.83347
413.63123
408.46296
408.74375
413.2364
413.52655
408.1805
408.47707
414.28537
409.11103
409.40699
413.88677
414.19388
408.84179
409.1538
414.96479
409.78864
410.09321
414.56967
414.8868
409.5329
409.8537
415.65583
410.48056
410.78914
415.26846
415.59052
410.23756
410.56232
416.3523
411.17925
411.48918
415.97548
416.29952
410.94879
411.27486
417.04932
411.87918
412.18882
416.68462
417.00874
411.66094
411.98659
417.74461
412.5776
412.88606
417.39291
417.71609
412.3714
412.69576
418.43673
413.27282
413.57962
418.09841
418.42009
413.07847
413.40107
419.12511
413.96409
414.26908
418.80031
419.12025
413.78149
414.10215
419.80961
414.65118
414.95433
419.49826
419.81644
414.4802
414.79893
420.4904
415.33417
415.6356
420.19232
420.50884
415.17473
415.49163
421.16784
416.01337
416.31325
420.88279
421.19783
415.86537
416.18065
421.8424
416.68921
416.98777
421.57009
421.88389
416.55259
416.86647
422.51464
417.3622
417.65969
422.25476
422.56757
417.2369
417.54964
423.18516
418.03293
418.32961
422.93738
423.2495
417.91887
418.23076
423.85462
418.70201
418.99816
423.61859
423.93032
418.59913
418.91046
424.52366
419.37006
419.66598
424.29904
424.6107
419.27832
419.58939
425.19298
420.03775
420.33375
424.97942
425.29134
419.9571
420.26823
425.86331
420.70576
421.00216
425.66044
425.97296
420.63616
420.94768
426.53538
421.37482
421.67193
426.34284
426.65631
421.31621
421.62846
427.20997
422.04564
422.34381
427.02737
427.34217
421.998
422.31133
427.88789
422.71899
423.01858
427.71484
428.03134
422.68228
422.99707
428.57001
423.3957
423.69709
428.40608
428.72472
423.36987
423.68652
429.25725
424.07661
424.38021
429.102
429.4232
424.06164
424.38057
429.95059
424.76265
425.06891
429.80355
430.12781
424.75851
425.08018
430.65113
425.45482
425.76421
430.51177
430.83961
425.46148
425.78637
431.36
426.15419
426.4672
431.22779
431.55974
426.1716
426.50024
432.07839
426.86185
427.17902
431.95276
432.28941
426.88999
427.22292
432.80753
427.57899
427.9008
432.68793
433.02984
427.61783
427.95556
433.54854
428.30668
428.63358
433.43447
433.78215
428.35617
428.69917
434.30232
429.04589
429.37815
434.19349
434.54729
429.10605
429.4546
435.06907
429.79704
430.13461
434.96547
435.32543
429.86783
430.2219
435.84819
430.56002
430.90221
435.75065
436.11611
430.6416
431.00046
436.63653
431.33254
431.67768
436.54663
436.91604
431.42489
431.78688
437.42897
432.11111
432.45571
437.35085
437.72061
432.21483
432.57632
438.21315
432.88556
433.22394
438.15227
438.51673
433.00056
433.35577
438.97381
433.64425
433.96677
438.94174
439.29071
433.77208
434.11091
439.67882
434.35936
434.65286
439.68828
440.00793
434.49951
434.80825
440.29688
435.00369
435.25118
440.36836
440.63959
435.15774
435.41837
440.77481
435.53023
435.71447
440.92705
441.12771
435.69631
435.88966
441.07449
435.90118
436.01729
441.31489
441.43206
436.07287
436.19384
441.18277
436.12715
436.18363
441.49811
441.53207
436.30098
436.36284
436.26956
441.29801
436.61653
400.93342
396.85671
400.67404
396.75585
401.03799
396.79886
396.81023
400.89209
400.92817
396.55425
396.56194
401.15954
396.83036
396.88207
400.9854
401.05034
396.57843
396.63235
401.37152
396.97676
397.0802
401.15155
401.26611
396.7275
396.8364
401.71035
397.24588
397.40746
401.43402
401.61248
396.99919
397.17105
402.19326
397.66526
397.87558
401.88407
402.117
397.43684
397.66051
402.75092
398.16981
398.41236
402.41931
402.68818
397.95305
398.20958
403.37277
398.74489
399.00857
403.03412
403.32742
398.54342
398.82175
404.02299
399.35403
399.62899
403.68471
403.99122
399.16448
399.45393
404.69252
399.98499
400.26584
404.36093
404.67482
399.80757
400.10291
405.36868
400.62432
400.90726
405.04699
405.36382
400.45785
400.75511
406.04717
401.26666
401.54971
405.73758
406.05508
401.11094
401.40819
406.72403
401.90773
402.18968
406.42762
406.7443
401.76236
402.05837
407.39774
402.54574
402.826
407.11512
407.43024
402.41056
402.70475
408.06727
403.17955
403.45784
407.79866
408.11184
403.05438
403.34648
408.73236
403.8088
404.08506
408.47778
408.78891
403.69354
403.9835
409.393
404.43344
404.70772
409.15233
409.46143
404.32799
404.61587
410.04946
405.05369
405.32612
409.82249
410.1297
404.95797
405.24391
410.70211
405.66988
405.94065
410.48859
410.7941
405.58382
405.868
411.35144
406.28244
406.55176
411.15109
411.45512
406.20598
406.48864
411.99796
406.89187
407.15996
411.81048
412.11329
406.82495
407.10632
412.64226
407.49869
407.76581
412.46734
412.7692
407.44126
407.7216
413.28492
408.10346
408.36985
413.12224
413.42343
408.05547
408.33505
413.92656
408.70675
408.97268
413.7758
414.07662
408.66816
408.94724
414.56781
409.30915
409.57488
414.42866
414.7294
409.27992
409.55879
415.20934
409.91126
410.17709
415.08146
415.38245
409.89136
410.17031
415.85184
410.51375
410.77996
415.73488
416.03644
410.50313
410.78247
416.49601
411.11725
411.38415
416.38963
416.6921
411.11589
411.39594
417.1426
411.72245
411.99036
417.04644
417.35018
411.73033
412.01141
417.79239
412.33009
412.59935
417.70608
418.01146
412.34716
412.62963
418.44623
412.94092
413.2119
418.36936
418.67679
412.96717
413.25141
419.10503
413.55578
413.82888
419.03716
419.34709
413.59119
413.87762
419.76975
414.17557
414.45122
419.71043
420.02332
414.22011
414.50916
420.44143
414.80125
415.07989
420.39019
420.70653
414.85489
415.14704
421.12113
415.43382
415.71592
421.07747
421.39777
415.49653
415.79226
421.80993
416.07433
416.36034
421.77337
422.09813
416.14609
416.44586
422.50878
416.72374
417.01407
422.47891
422.80856
416.80453
417.10876
423.2184
417.38293
417.6778
423.19502
423.5298
417.47276
417.7817
423.93883
418.05225
418.35162
423.92202
424.26189
418.1511
418.46471
424.66926
418.73154
419.03474
424.65989
425.00412
418.83955
419.15715
425.40648
419.41871
419.72418
425.40627
425.75319
419.53589
419.85592
426.14506
420.11022
420.41471
426.15805
426.50406
420.23712
420.55619
426.873
420.79685
421.09492
426.90487
427.24413
420.93347
421.24603
427.57408
421.46655
421.74927
427.63564
427.95813
421.61403
421.91067
428.21793
422.09424
422.34928
428.32179
428.61352
422.25204
422.51973
428.77135
422.65187
422.86412
428.93454
429.17742
422.81983
423.04238
429.18802
423.09967
423.25459
429.42643
429.59987
423.27507
423.43593
429.42906
423.40304
423.498
429.74338
429.83602
423.57539
423.67209
429.48927
423.58441
423.6285
429.8659
429.87773
423.75293
423.79869
423.70167
429.55699
424.05587
391.94944
388.36926
391.74665
388.30865
392.04593
388.31691
388.3254
391.93949
391.97348
388.12816
388.13292
392.15781
388.34033
388.38134
392.02569
392.08537
388.14412
388.18641
392.34686
388.45699
388.53925
392.1743
392.27674
388.26133
388.34726
392.64422
388.67118
388.80055
392.42066
392.5791
388.47506
388.612
393.06914
389.01018
389.17899
392.81684
393.02271
388.82708
389.00602
393.55496
389.41686
389.61085
393.28426
393.51988
389.24161
389.44614
394.09284
389.87892
390.08874
393.81764
394.07257
389.71452
389.93534
394.65016
390.3649
390.58235
394.37669
394.64096
390.20837
390.43654
395.22011
390.86514
391.08599
394.95339
395.22226
390.71647
390.94793
395.79228
391.36894
391.5903
395.53455
395.8045
391.22698
391.45872
396.3639
391.8726
392.09313
396.11661
396.38603
391.73708
391.96782
396.93214
392.3732
392.5921
396.6959
396.96378
392.2437
392.47266
397.49625
392.86974
393.0867
397.27133
397.53724
392.74611
392.97298
398.05565
393.36165
393.57655
397.8421
398.10585
393.24371
393.46842
398.61036
393.84889
394.06176
398.4081
398.66968
393.73656
393.95913
399.16054
394.33158
394.54252
398.96938
399.2289
394.22478
394.44533
399.7065
394.81002
395.01918
399.52625
399.78384
394.70868
394.92737
400.24863
395.28454
395.49209
400.07904
400.3349
395.18863
395.40563
400.78738
395.75557
395.96169
400.6282
400.88254
395.66503
395.88054
401.3232
396.22351
396.42841
401.17418
401.42722
396.1383
396.35253
401.85662
396.68883
396.8927
401.71747
401.96946
396.60892
396.82208
402.38814
397.15198
397.35504
402.2586
402.50978
397.07734
397.28965
402.91828
397.61344
397.81591
402.79809
403.0487
397.54405
397.75572
403.4476
398.0737
398.27579
403.33646
403.58678
398.00951
398.2208
403.97664
398.53325
398.73521
403.87429
404.12458
398.47425
398.68538
404.50602
398.99263
399.1947
404.41216
404.6627
398.9388
399.15003
405.03635
399.45241
399.65484
404.95067
405.20176
399.4037
399.6153
405.56826
399.91314
400.11619
405.49046
405.74241
399.86954
400.08178
406.10244
400.37542
400.5794
406.03218
406.28532
400.33691
400.55009
406.63962
400.83993
401.04515
406.57656
406.83124
400.80648
401.02094
407.18062
401.30739
401.5142
407.12436
407.38098
401.27897
401.49506
407.72629
401.77858
401.98735
407.67643
407.9354
401.75516
401.97328
408.27756
402.25435
402.46549
408.23366
408.49543
402.23591
402.45647
408.8354
402.73562
402.94957
408.79701
409.06205
402.72212
402.94559
409.40083
403.22337
403.44057
409.3675
409.63626
403.21479
403.44162
409.97474
403.71856
403.93942
409.94607
410.21898
403.71488
403.94549
410.55787
404.22209
404.44691
410.53363
410.81095
404.22331
404.45802
411.15038
404.73451
404.96336
411.1306
411.41233
404.74061
404.97952
411.75163
405.25589
405.48838
411.737
412.02256
405.26698
405.50967
412.35906
405.78491
406.01988
412.35107
412.63902
405.80104
406.04636
412.96781
406.31873
406.55365
412.96982
413.25706
406.34025
406.5856
413.56777
406.85031
407.08082
413.58489
413.86626
406.87739
407.11828
414.14438
407.3694
407.58843
414.18553
414.45251
407.40277
407.63183
414.67304
407.85693
408.05485
414.74918
414.99003
407.8966
408.10374
415.12594
408.29066
408.45613
415.2512
415.45134
408.33713
408.51034
415.46813
408.64185
408.76532
415.65467
415.79931
408.69359
408.82258
415.67354
408.8934
408.97411
415.92915
416.00824
408.94882
409.03305
415.72453
409.06121
409.10673
416.03396
416.04813
409.11887
409.17227
409.21765
415.73777
409.51596
384.00858
380.76669
383.86132
380.74977
384.09217
380.71724
380.71774
384.03745
384.06465
380.58559
380.58281
384.17478
380.71921
380.73927
384.10526
384.14837
380.58221
380.60288
384.30766
380.78183
380.82757
384.21141
384.28417
380.64611
380.69392
384.51699
380.90602
380.98211
384.38481
384.4983
380.77031
380.85088
384.81989
381.11287
381.21492
384.66783
384.81623
380.98604
381.09416
385.16642
381.36405
381.4827
385.002
385.17203
381.24207
381.36696
385.55017
381.6522
381.78112
385.38396
385.56763
381.53708
381.67249
385.94607
381.95517
382.08864
385.78271
385.97236
381.84465
381.98433
386.34921
382.26636
382.40143
386.19241
386.3845
382.16039
382.30154
386.75185
382.57819
382.71287
386.60314
386.79509
382.47589
382.61645
387.15225
382.88824
383.02164
387.01255
387.20328
382.7894
382.92854
387.54857
383.19462
383.32628
387.41818
387.60706
383.09894
383.2362
387.94049
383.49684
383.62662
387.81951
388.00633
383.4042
383.53947
388.32782
383.79469
383.92258
388.21617
388.40088
383.70497
383.83825
388.71072
384.08829
384.21437
388.60826
388.79093
384.00143
384.13281
389.08944
384.37786
384.50223
388.99599
389.17674
384.2938
384.42341
389.46429
384.66367
384.78648
389.37966
389.55863
384.58238
384.71036
389.83563
384.94606
385.06745
389.75961
389.93698
384.86751
384.99399
390.20383
385.22534
385.34545
390.1362
390.31215
385.14949
385.27465
390.56928
385.50186
385.62084
390.50984
390.68455
385.42869
385.55268
390.93238
385.77595
385.89397
390.88091
391.05457
385.70545
385.82842
391.29354
386.04797
386.16517
391.24983
391.42263
385.9801
386.10223
391.65316
386.31827
386.43481
391.617
391.78914
386.25302
386.37446
392.01168
386.5872
386.70326
391.98284
392.15454
386.52455
386.64547
392.36954
386.85515
386.97089
392.34781
392.51926
386.79508
386.91567
392.72721
387.12251
387.23813
392.71235
392.8838
387.065
387.18545
393.08519
387.38971
387.50538
393.07696
393.24863
387.33473
387.45524
393.44397
387.65716
387.77312
393.44212
393.61428
387.60471
387.7255
393.80415
387.92538
388.04184
393.8084
393.9813
387.87541
387.99672
394.16631
388.19487
388.3121
394.17638
394.35033
388.14738
388.26947
394.53115
388.46623
388.58452
394.54669
394.72204
388.42119
388.54437
394.89943
388.74013
388.85981
394.92009
395.09719
388.69752
388.82213
395.27199
389.01734
389.13879
395.29737
395.47663
388.97712
389.10355
395.64972
389.29869
389.42231
395.6794
395.86126
389.26083
389.38951
396.0336
389.58511
389.71137
396.06713
396.25205
389.5496
389.68098
396.42462
389.87764
390.00699
396.46156
396.64999
389.84443
389.97902
396.82366
390.1773
390.3102
396.86366
397.05598
390.14638
390.28464
397.23128
390.48502
390.62179
397.27416
397.47057
390.45638
390.59866
397.64746
390.80148
390.94217
397.69351
397.89378
390.77518
390.92154
398.07078
391.12649
391.27065
398.12092
398.32417
391.10257
391.25258
398.49797
391.45876
391.60501
398.55447
398.75857
391.43746
391.58969
398.92194
391.79427
391.93988
398.98853
399.18966
391.77573
391.9274
399.33165
392.12618
392.26656
399.41466
399.6065
392.11081
392.2571
399.70919
392.44207
392.57065
399.81677
399.9904
392.42991
392.5639
400.03294
392.72582
392.83496
400.17465
400.31924
392.7165
392.83006
400.27788
392.95888
393.04218
400.46302
400.56715
392.95131
393.03732
400.42028
393.1284
393.18611
400.65357
400.70839
393.11818
393.17745
400.44185
393.25681
393.29331
400.71462
400.71643
393.24679
393.28945
393.40024
400.36541
393.63779
376.74179
373.68778
376.64501
373.71456
376.80356
373.63352
373.62068
376.80455
376.81871
373.55156
373.5349
376.83627
373.59816
373.58809
376.83715
376.85215
373.51123
373.50018
376.87999
373.58137
373.57793
376.87003
376.89657
373.49385
373.48976
376.95936
373.58329
373.59038
376.93081
376.9781
373.49407
373.50129
377.08886
373.61777
373.63556
377.04872
377.11557
373.53038
373.54894
377.24427
373.6722
373.69764
377.19671
377.27641
373.58517
373.61149
377.42131
373.74433
373.77473
377.3725
377.46031
373.65856
373.68995
377.60547
373.82397
373.85645
377.55855
377.64975
373.73851
373.77185
377.79292
373.90711
373.93998
377.7503
377.84248
373.82188
373.85552
377.97884
373.98955
374.02167
377.94155
378.03304
373.90411
373.93687
378.16196
374.06972
374.10056
378.13057
378.22066
373.98391
374.01529
378.34126
374.14656
374.17589
378.31589
378.40422
374.06022
374.08998
378.51661
374.21987
374.24763
378.49726
378.58375
374.1329
374.16103
378.68803
374.28961
374.31585
378.67458
378.75925
374.20196
374.22849
378.85574
374.35595
374.38076
378.84804
378.93099
374.26758
374.29262
379.01996
374.41911
374.44258
379.01786
379.09921
374.33
374.35364
379.18098
374.47933
374.50156
379.18433
379.26419
374.38945
374.41181
379.33907
374.53682
374.55792
379.34771
379.42623
374.44618
374.46736
379.49452
374.59184
374.61189
379.5083
379.5856
374.50041
374.52051
379.64758
374.64458
374.66368
379.66636
379.74257
374.55236
374.57147
379.79854
374.69526
374.71351
379.82217
379.89742
374.60224
374.62046
379.94767
374.74409
374.76158
379.976
380.05043
374.65026
374.6677
380.09525
374.7913
374.80812
380.12814
380.20188
374.69665
374.71339
380.24157
374.83708
374.85335
380.27887
380.35206
374.7416
374.75776
380.38692
374.88168
374.89749
380.42848
380.50127
374.78536
374.80104
380.53165
374.92535
374.94082
380.5773
380.64985
374.82817
374.84349
380.67609
374.96836
374.98362
380.72567
380.79815
374.8703
374.8854
380.82064
375.01099
375.02619
380.87394
380.94654
374.91204
374.92707
380.96569
375.0536
375.0689
381.02251
381.09544
374.95373
374.96886
381.11175
375.09656
375.11217
381.17185
381.24534
374.99575
375.01119
381.25936
375.14033
375.15648
381.32246
381.3968
375.03856
375.05454
381.40916
375.18546
375.20243
381.47495
381.55045
375.08269
375.09951
381.56191
375.23259
375.25072
381.63002
381.70704
375.12879
375.14679
381.71845
375.2825
375.30219
381.78846
381.86743
375.17763
375.19723
381.87979
375.33612
375.35784
381.95122
382.03262
375.23013
375.25182
382.04701
375.39453
375.41885
382.11934
382.2037
375.28739
375.31175
382.22131
375.45901
375.48654
382.294
382.38186
375.35068
375.37836
382.40382
375.53097
375.56239
382.47638
382.56824
375.42141
375.45313
382.59547
375.61188
375.64783
382.6676
382.7638
375.50111
375.53753
382.79656
375.7031
375.74405
382.86833
382.96884
375.59115
375.6328
383.0063
375.80551
375.85157
383.0785
383.18259
375.6925
375.73952
383.22171
375.91891
375.96949
383.29616
383.40205
375.80506
375.85689
383.43721
376.04147
376.095
383.51732
383.62166
375.92714
375.98218
383.64316
376.16865
376.22232
383.73379
383.83152
376.05425
376.10964
383.82686
376.29327
376.3434
383.93447
384.019
376.17942
376.23129
383.97216
376.40623
376.44963
384.10361
384.16747
376.29286
376.33789
384.06093
376.5034
376.54026
384.22551
384.25966
376.39066
376.42949
384.0639
376.60124
376.63216
384.25633
384.25342
376.49204
376.53145
376.75054
383.90411
376.90928
369.81484
366.80603
369.76595
366.87927
369.85407
366.74487
366.71678
369.91688
369.91592
366.71171
366.6794
369.82752
366.66669
366.62294
369.90907
369.89037
366.6297
366.5835
369.7663
366.56175
366.50441
369.85623
369.82828
366.5234
366.46283
369.6959
366.43045
366.36318
369.78765
369.75845
366.39007
366.31874
369.6287
366.28035
366.20835
369.71868
369.69244
366.23594
366.15956
369.56908
366.12558
366.05237
369.65729
369.6348
366.07805
366.00049
369.51541
365.96939
365.89601
369.60295
369.5832
365.91842
365.84068
369.46497
365.81403
365.74057
369.55337
369.53489
365.76001
365.68222
369.41487
365.65814
365.58417
369.50525
369.4868
365.60097
365.52262
369.36334
365.50099
365.42618
369.4564
369.43717
365.44071
365.3615
369.30931
365.34169
365.26585
369.40537
369.38494
365.27826
365.19795
369.25239
365.18
365.10306
369.35155
369.32976
365.11338
365.03194
369.19251
365.01579
364.93777
369.29473
369.27155
364.94598
364.86342
369.12976
364.84918
364.77014
369.23496
369.21044
364.77616
364.69254
369.0643
364.68029
364.60029
369.17238
369.1466
364.60407
364.51945
368.99633
364.50929
364.42838
369.10718
369.08022
364.42986
364.34431
368.926
364.33629
364.25453
369.03954
369.01148
364.25366
364.16724
368.85351
364.16143
364.07887
368.96963
368.94055
364.0756
363.98835
368.77898
363.98479
363.90146
368.89761
368.86758
363.89577
363.80773
368.70257
363.80646
363.7224
368.82363
368.79272
363.71426
363.62545
368.62439
363.62652
363.54175
368.74781
368.71609
363.53112
363.44159
368.5446
363.44502
363.35958
368.67031
368.63783
363.34644
363.25621
368.46331
363.26204
363.17595
368.59124
368.55808
363.16027
363.06937
368.38069
363.07766
362.99096
368.51075
368.47698
362.9727
362.88116
368.29687
362.89196
362.80469
368.42899
368.39469
362.78379
362.69166
368.21205
362.70503
362.61724
368.34612
368.31138
362.59365
362.50097
368.12641
362.51699
362.42874
368.26234
368.22725
362.40238
362.30921
368.04017
362.32798
362.23935
368.17784
368.14253
362.21012
362.11656
367.95364
362.1382
362.0493
368.09289
368.0575
362.01708
361.92322
367.86713
361.94789
361.85885
368.00779
367.97249
361.82348
361.72945
367.78106
361.75736
361.66834
367.92292
367.88792
361.62962
361.53562
367.69597
361.56703
361.47827
367.83874
367.80432
361.43593
361.34218
367.6125
361.37743
361.28922
367.75586
367.72233
361.24293
361.14973
367.53145
361.18925
361.10198
367.67499
367.64276
361.0513
360.95906
367.45383
361.00339
360.91757
367.59703
367.56661
360.86195
360.77118
367.3809
360.82103
360.73728
367.52314
367.49515
360.67603
360.58739
367.31416
360.64365
360.5628
367.45469
367.42987
360.49504
360.40939
367.25545
360.47318
360.39626
367.3934
367.37262
360.3209
360.23931
367.20683
360.31199
360.24026
367.34122
367.32546
360.15598
360.07978
367.17054
360.16301
360.09797
367.30043
367.29067
360.00329
359.93403
367.14867
360.02952
359.97285
367.27317
367.2703
359.86607
359.80556
367.14297
359.91547
359.86887
367.26167
367.26618
359.74849
359.69853
367.15374
359.82416
359.78919
367.26665
367.27843
359.65375
359.61604
367.1799
359.75924
359.73678
367.28843
367.30619
359.58601
359.5615
367.21641
359.72114
359.71121
367.32276
367.34387
359.5452
359.53398
367.25548
359.71043
359.71206
367.36511
367.38443
359.53273
359.53366
367.2779
359.72418
359.73713
367.39862
367.40704
359.54304
359.55651
367.2524
359.78047
359.80125
367.38648
367.3717
359.60228
359.63014
359.91073
367.00621
359.99383
362.89907
359.79356
362.89566
359.91618
362.91478
359.72205
359.67834
363.04162
363.02404
359.73436
359.68548
362.82435
359.59879
359.5216
362.98843
362.93331
359.60691
359.52545
362.65137
359.40476
359.29454
362.84172
362.75579
359.4093
359.29282
362.42406
359.1402
359.00137
362.63299
362.52465
359.13981
358.9926
362.15834
358.81271
358.65554
362.37348
362.25288
358.80228
358.6358
361.88284
358.45838
358.29194
362.10038
361.97501
358.44098
358.26524
361.59901
358.08557
357.91416
361.81578
361.68809
358.06017
357.87936
361.31432
357.7068
357.53308
361.53019
361.40167
357.67483
357.49182
361.02708
357.32327
357.14804
361.24185
361.11241
357.28453
357.09998
360.73841
356.93752
356.7613
360.95227
360.82202
356.89237
356.70685
360.44763
356.5496
356.37255
360.66061
360.52942
356.49799
356.31164
360.15506
356.16011
355.9824
360.36715
360.23508
356.10215
355.91513
359.86065
355.76919
355.59091
360.07181
359.93888
355.70487
355.51727
359.5646
355.37706
355.19828
359.77476
359.64105
355.30644
355.11833
359.26699
354.98384
354.80459
359.47611
359.34166
354.90694
354.71836
358.96793
354.5896
354.4099
359.17597
359.04082
354.50645
354.31742
358.66747
354.19437
354.01422
358.87441
358.73858
354.10499
353.91551
358.36565
353.79814
353.61754
358.57148
358.43499
353.70256
353.51261
358.06249
353.40089
353.2198
358.2672
358.13006
353.29912
353.10868
357.75797
353.00254
352.82093
357.96157
357.82378
352.8946
352.70363
357.45209
352.60303
352.42086
357.65458
357.51613
352.48893
352.29739
357.14484
352.20227
352.01952
357.34621
357.20712
352.08204
351.88988
356.8362
351.80021
351.61685
357.03647
356.89672
351.67383
351.48104
356.52619
351.39678
351.21277
356.72533
356.58494
351.26426
351.0708
356.21478
350.99191
350.80722
356.4128
356.27176
350.85324
350.65908
355.90202
350.58554
350.40017
356.09889
355.95723
350.44072
350.24585
355.58796
350.17767
349.99161
355.78364
355.64138
350.02668
349.83109
355.27267
349.76829
349.58156
355.4671
355.3243
349.61111
349.41481
354.95628
349.35743
349.17007
355.14939
355.00611
349.19405
348.99708
354.639
348.94522
348.75729
354.83065
354.68701
348.7756
348.57803
354.32109
348.53181
348.34344
354.51113
354.36728
348.35591
348.15786
354.00295
348.11748
347.92883
354.19115
354.04728
347.93526
347.7369
353.6851
347.70264
347.51395
353.87117
353.72757
347.51404
347.31562
353.36831
347.28788
347.09952
353.55183
353.40888
347.09285
346.89474
353.05357
346.87407
346.68653
353.23399
353.09221
346.67252
346.47523
352.74224
346.46239
346.27637
352.91885
352.77893
346.25425
346.05851
352.43614
346.05448
345.87097
352.60796
352.47084
345.83965
345.64647
352.13774
345.65271
345.47303
352.30352
352.17043
345.43109
345.24186
351.85018
345.26017
345.08617
352.00828
351.88082
345.03165
344.84828
351.57774
344.88135
344.71544
351.72617
351.60637
344.64588
344.47091
351.32549
344.52177
344.36718
351.46166
351.3521
344.27923
344.11606
351.10011
344.18943
344.0501
351.22133
351.12495
343.94005
343.79284
350.90832
343.89296
343.77364
351.01144
350.93159
343.63686
343.51069
350.75817
343.64441
343.54977
350.84114
350.78072
343.38261
343.28254
350.65375
343.45305
343.38701
350.71597
350.67657
343.18666
343.11698
350.59536
343.32888
343.29315
350.64075
350.62048
343.06006
343.02282
350.56712
343.2752
343.26861
350.60847
350.59737
343.00651
343.00092
350.52726
343.30139
343.31643
350.57073
350.55286
343.03872
343.06265
343.43032
350.21427
343.43006
355.67151
352.32006
355.71434
352.49781
355.67349
352.24085
352.18534
355.86953
355.83942
352.3012
352.24027
355.53042
352.08307
351.9794
355.78255
355.69645
352.1403
352.03135
355.26128
351.81857
351.66545
355.55795
355.42135
351.87222
351.71088
354.89723
351.44538
351.24828
355.22936
355.05163
351.49354
351.28498
354.45912
350.97396
350.74736
354.80546
354.60208
351.0085
350.76899
353.99486
350.45634
350.21331
354.34842
354.13231
350.48181
350.22573
353.5087
349.90479
349.65224
353.86215
353.6388
349.91924
349.6534
353.017
349.34013
349.08289
353.36882
353.14236
349.34579
349.0754
352.51948
348.76606
348.50612
352.86812
352.63966
348.7626
348.48946
352.02015
348.18826
347.927
352.36535
352.13588
348.17633
347.90193
351.51893
347.60791
347.34594
351.86034
351.63015
347.5875
347.31239
351.01686
347.02658
346.76429
351.35438
351.12374
346.99787
346.72248
350.51403
346.4447
346.18228
350.84756
350.61658
346.40774
346.13224
350.01072
345.86269
345.60023
350.34022
350.10898
345.81756
345.54205
349.50694
345.28064
345.01816
349.83242
349.60095
345.22738
344.95187
349.00274
344.69857
344.43606
349.32422
349.0925
344.63723
344.3617
348.49803
344.11641
343.85381
348.81556
348.58357
344.04703
343.77142
347.99274
343.53405
343.27128
348.30637
348.07407
343.45665
343.18089
347.48673
342.95128
342.68827
347.79653
347.56386
342.8659
342.5899
346.97987
342.36794
342.1046
347.28592
347.05281
342.27461
341.99827
346.47201
341.78383
341.52007
346.77438
346.54077
341.68256
341.40579
345.96301
341.19875
340.93448
346.26177
346.0276
341.08956
340.81227
345.45273
340.61251
340.34764
345.74794
345.51315
340.49541
340.2175
344.94104
340.02491
339.75936
345.23275
344.99728
339.8999
339.62129
344.42779
339.43577
339.16947
344.71607
344.47986
339.30285
339.02345
343.9129
338.84492
338.57778
344.19778
343.96078
338.70409
338.42382
343.39625
338.25219
337.98417
343.67776
343.43994
338.10343
337.82223
342.8778
337.65747
337.38852
343.15593
342.91728
337.50077
337.2186
342.35755
337.06068
336.79079
342.63229
342.39281
336.89601
336.61285
341.83556
336.4618
336.19097
342.10684
341.86658
336.28912
336.00497
341.31196
335.86084
335.58913
341.57967
341.33872
335.68012
335.39504
340.78701
335.25798
334.9855
341.05099
340.80948
335.06917
334.78326
340.26115
334.65348
334.38043
340.52112
340.27929
334.45651
334.16999
339.735
334.04783
333.77453
339.99059
339.74878
333.84264
333.55582
339.20954
333.44179
333.1687
339.46019
339.21891
333.22828
332.94166
338.68615
332.83651
332.56435
338.9311
338.69108
332.6146
332.32889
338.16684
332.23367
331.96349
338.40497
338.16727
332.00322
331.71952
337.65454
331.63587
331.36919
337.88433
337.65044
331.39678
331.11666
337.15325
331.04667
330.78571
337.37249
337.14453
330.79872
330.5245
336.66884
330.47161
330.21948
336.87472
336.65555
330.21474
329.94964
336.20878
329.91775
329.67887
336.39717
336.19082
329.65163
329.40029
335.78415
329.39648
329.17658
335.95038
335.76185
329.12135
328.88974
335.40681
328.92016
328.72669
335.54431
335.38006
328.63554
328.43161
335.0935
328.50871
328.34962
335.19711
335.06356
328.21594
328.04808
334.85483
328.17723
328.06014
334.91909
334.82183
327.87619
327.7527
334.70085
327.94712
327.87605
334.72851
334.66791
327.64123
327.56646
334.61304
327.82152
327.79466
334.61413
334.58008
327.51089
327.48348
334.55037
327.81059
327.8168
334.53886
334.51111
327.50444
327.51738
327.91693
334.17545
327.84761
347.77319
344.01786
347.85941
344.25235
347.76671
343.92999
343.86726
348.02739
347.98766
344.03193
343.96277
347.58347
343.74853
343.62817
347.91202
347.80177
343.84546
343.71864
347.23876
343.43673
343.25502
347.62372
347.44635
343.5281
343.33589
346.76365
342.98427
342.74822
347.18937
346.95748
343.06391
342.81377
346.19729
342.41734
342.14449
346.64209
346.37591
342.48129
342.19317
345.58942
341.78815
341.49306
346.0442
345.75863
341.84072
341.53005
344.94919
341.1137
340.80512
345.40492
345.10762
341.15345
340.8289
344.2967
340.41804
340.10229
344.74986
344.44664
340.44678
340.11503
343.63445
339.70807
339.38831
344.08201
343.77531
339.72525
339.38935
342.96881
338.99198
338.6704
343.4095
343.10123
338.99807
338.66037
342.30098
338.27254
337.95021
342.73386
342.42484
338.26746
337.929
341.6328
337.55227
337.22986
342.05749
341.7483
337.53619
337.19769
340.96468
336.83208
336.50987
341.38097
341.07186
336.80505
336.46679
340.29703
336.11257
335.79069
340.7049
340.39597
336.07468
335.73679
339.62986
335.39386
335.07231
340.02933
339.7206
335.34518
335.00767
338.96312
334.67593
334.35466
339.35429
339.04571
334.61653
334.27933
338.29665
333.95862
333.63753
338.67963
338.37112
333.88854
333.55155
337.63023
333.24168
332.92065
338.00515
337.69662
333.16098
332.82408
336.96362
332.52484
332.20376
337.33063
337.02195
332.43357
332.09661
336.29656
331.80782
331.48653
336.65579
336.34686
331.706
331.36884
335.6288
331.0903
330.76868
335.98038
335.67107
330.97796
330.64047
334.96007
330.37199
330.0499
335.30414
334.99434
330.24916
329.91119
334.29012
329.65259
329.32991
334.62681
334.31639
329.51929
329.1807
333.61871
328.93182
328.60841
333.94812
333.63699
328.78805
328.44871
332.9456
328.20939
327.88515
333.26784
332.95587
328.05515
327.71494
332.27056
327.48505
327.15985
332.58572
332.27282
327.32033
326.97913
331.5934
326.75853
326.43228
331.90154
331.58764
326.58333
326.24102
330.91395
326.02963
325.70224
331.21513
330.90014
325.84391
325.50042
330.23209
325.29815
324.96956
330.52633
330.21022
325.1019
324.75715
329.54776
324.56398
324.23415
329.83504
329.51778
324.35715
324.0111
328.86097
323.82703
323.49597
329.14123
328.82286
323.60958
323.26222
328.17186
323.08733
322.7551
328.44496
328.12556
322.8592
322.5106
327.48071
322.34505
322.01179
327.74643
327.42617
322.10615
321.75645
326.78807
321.60054
321.2665
327.04605
326.72522
321.35079
321.00025
326.09476
320.85442
320.52002
326.34447
326.02353
320.5937
320.24275
325.40213
320.10772
319.77363
325.64277
325.32243
319.83592
319.48522
324.71216
319.36201
319.02925
324.94254
324.62389
319.07894
318.72957
324.02796
318.61986
318.28998
324.24639
323.93102
318.32536
317.9789
323.3539
317.88486
317.56022
323.55781
323.24813
317.57862
317.23752
322.6969
317.16307
316.8471
322.8829
322.58231
316.84497
316.51276
322.06605
316.46222
316.16007
322.2288
321.94241
316.13169
315.81379
321.47585
315.79602
315.51459
321.60921
321.34367
315.45331
315.15693
320.94265
315.17935
314.92831
321.03735
320.80195
314.82375
314.55919
320.49168
314.63917
314.42936
320.53988
320.34474
314.27257
314.0514
320.14187
314.19687
314.03971
320.13531
319.99063
313.82001
313.65478
319.91469
313.88554
313.78841
319.85429
319.76518
313.50362
313.40303
319.79896
313.71777
313.67814
319.70323
319.65913
313.33879
313.30032
319.74091
313.68947
313.69458
319.62473
319.60507
313.31972
313.33592
313.81082
319.3506
313.67817
338.84314
334.51927
338.97142
334.81144
338.85605
334.43538
334.37543
339.18351
339.14764
334.58097
334.5162
338.67072
334.26039
334.14024
339.07766
338.96253
334.40434
334.2791
338.30404
333.94971
333.76292
338.78086
338.58832
334.09317
333.89691
337.78283
333.48192
333.23472
338.31071
338.05395
333.6168
333.356
337.15482
332.88705
332.59745
337.71016
337.41127
333.00905
332.70413
336.46905
332.21458
331.89798
337.03944
336.71473
332.32588
331.99311
335.74155
331.48736
331.15437
336.31509
335.97473
331.58601
331.23629
334.99622
330.73303
330.39122
335.56775
335.21925
330.82074
330.46212
334.23843
329.96153
329.61501
334.80377
334.45075
330.03781
329.67436
333.47638
329.18284
328.83433
334.03368
333.67876
329.24833
328.88291
332.71208
328.40067
328.0515
333.26008
332.90445
328.45533
328.08927
331.94789
327.61802
327.26897
332.48605
332.13049
327.66205
327.29618
331.18438
326.83596
326.48737
331.71243
331.35723
326.86943
326.50405
330.42202
326.05515
325.70713
330.93991
330.58523
326.07815
325.71341
329.66078
325.27568
324.92821
330.16857
329.81438
325.28828
324.92413
328.90054
324.49747
324.15047
329.39837
329.0446
324.49972
324.13608
328.14105
323.72025
323.37358
328.62908
328.27559
323.71222
323.34893
327.382
322.94373
322.59722
327.8604
327.50707
322.92545
322.56234
326.62306
322.16752
321.82102
327.09202
326.73868
322.13904
321.77596
325.8639
321.39129
321.04463
326.3236
325.97009
321.35263
320.9894
325.10417
320.61465
320.26767
325.55478
325.20096
320.56585
320.2023
324.34353
319.83724
319.4898
324.78523
324.43093
319.77833
319.41429
323.58167
319.05873
318.71065
324.01461
323.65969
318.98971
318.62503
322.81826
318.27876
317.9299
323.24259
322.8869
318.19965
317.83416
322.05299
317.497
317.14723
322.46885
322.11225
317.4078
317.04136
321.28558
316.71315
316.36233
321.6931
321.33546
316.61385
316.24632
320.51575
315.92689
315.5749
320.91503
320.55623
315.81749
315.44873
319.74326
315.13797
314.78469
320.13439
319.77432
315.01844
314.64834
318.96793
314.34614
313.99149
319.35095
318.98953
314.21646
313.84492
318.1896
313.5512
313.19511
318.56454
318.20171
313.41134
313.03829
317.40819
312.75302
312.39546
317.77503
317.41077
312.60292
312.22833
316.62374
311.95154
311.59254
316.98239
316.61675
311.79116
311.41504
315.83643
311.14683
310.78647
316.1867
315.81979
310.97609
310.59853
315.04665
310.33913
309.9776
315.38827
315.02031
310.15795
309.77915
314.25512
309.5289
309.16656
314.58759
314.21899
309.33718
308.95748
313.46301
308.71703
308.35443
313.78562
313.417
308.51464
308.13463
312.67212
307.90482
307.54288
312.98373
312.61612
307.6916
307.31221
311.88545
307.09463
306.73476
312.18445
311.81938
306.87042
306.49309
311.10722
306.28964
305.93408
311.39097
311.03085
306.05409
305.68114
310.34456
305.49577
305.1478
310.60964
310.25793
305.24877
304.88354
309.60667
304.72007
304.38491
309.84708
309.5093
304.46076
304.10873
308.90979
303.97712
303.66185
309.11895
308.80226
303.70585
303.37424
308.27112
303.28078
302.99601
308.43714
308.15244
302.99552
302.6957
307.72215
302.66298
302.4207
307.83604
307.59503
302.36609
302.11048
307.28266
302.14318
301.95729
307.33004
307.14619
301.8318
301.63566
306.98681
301.76767
301.64684
306.9683
306.84859
301.44845
301.32162
306.81671
301.54147
301.4824
306.74611
306.67983
301.21666
301.15552
306.72605
301.46479
301.45496
306.62165
306.58695
301.14202
301.13765
301.53426
306.33286
301.39897
328.46689
323.43836
328.61543
323.76655
328.49743
323.35065
323.29631
328.86038
328.83017
323.50492
323.44501
328.3273
323.18954
323.07916
328.76882
328.65892
323.34018
323.22513
327.9706
322.90214
322.72677
328.48296
328.29285
323.05192
322.86769
327.45135
322.45833
322.22261
328.01596
327.75855
322.5989
322.35042
326.82079
321.88854
321.60916
327.41665
327.11343
322.0177
321.72378
326.12196
321.23424
320.92633
326.7343
326.40186
321.35228
321.02885
325.37874
320.52404
320.19903
325.99568
325.64579
320.63049
320.28949
324.614
319.78412
319.44991
325.22895
324.86975
319.88002
319.52969
323.83635
319.02703
318.68818
324.44476
324.0807
319.11232
318.75727
323.05405
318.26272
317.92204
323.6536
323.28759
318.33786
317.98102
322.26992
317.49548
317.1544
322.85922
322.49268
317.56053
317.20333
321.48634
316.72827
316.38754
322.06477
321.69852
316.78341
316.42663
320.70396
315.96216
315.62208
321.27128
320.90562
316.00747
315.65139
319.92316
315.19769
314.85832
320.47936
320.11442
315.23327
314.87796
319.14386
314.43485
314.09612
319.68904
319.32475
314.46077
314.10614
318.36584
313.67344
313.33521
318.90017
318.53643
313.68975
313.33567
317.58875
312.91311
312.57522
318.11245
317.74908
312.91987
312.56615
316.81222
312.15348
311.81573
317.3255
316.96233
312.15073
311.79718
316.03585
311.39412
311.05635
316.53892
316.17577
311.38192
311.02834
315.25927
310.63465
310.29667
315.75234
315.38903
310.61301
310.25924
314.48207
309.87466
309.53631
314.96535
314.6017
309.84362
309.48946
313.70391
309.11378
308.77488
314.17757
313.81341
309.07336
308.71864
312.92441
308.35165
308.01204
313.38864
313.0238
308.30186
307.94642
312.14322
307.58789
307.24744
312.59818
312.23251
307.52875
307.17243
311.36003
306.8222
306.48076
311.80587
311.43921
306.75371
306.39636
310.57451
306.05425
305.71168
311.01137
310.64358
305.9764
305.61788
309.78638
305.28373
304.93991
310.21437
309.84531
305.19652
304.83669
308.99535
304.51037
304.16519
309.41457
309.04413
304.41377
304.05253
308.2012
303.73392
303.38727
308.61172
308.2398
303.62792
303.26514
307.40373
302.95415
302.60597
307.80561
307.43212
302.83872
302.47433
306.60282
302.17092
301.82115
306.99605
306.62095
302.046
301.67996
305.79844
301.38411
301.03276
306.18296
305.80625
301.24966
300.88195
304.99067
300.59373
300.24084
305.36635
304.98809
300.44968
300.08034
304.17978
299.79992
299.44562
304.54639
304.16675
299.6462
299.27537
303.3663
299.003
298.64756
303.72342
303.34271
298.83949
298.46743
302.55117
298.20363
297.84748
302.8982
302.51693
298.03022
297.65737
301.73586
297.4028
297.04667
302.07179
301.69081
297.21929
296.84639
300.92291
296.6024
296.24742
301.24632
300.86694
296.40863
296.03682
300.11594
295.8049
295.45298
300.42435
300.04872
295.60044
295.23167
299.32144
295.01544
294.66938
299.61169
299.24293
294.80014
294.43723
298.54772
294.23973
293.90427
298.81383
298.45725
294.01247
293.66041
297.81104
293.49164
293.17336
298.04655
297.70916
293.25276
292.91818
297.12817
292.78305
292.49268
297.3201
297.01353
292.52991
292.22434
296.53452
292.14852
291.89838
296.67351
296.41041
291.88395
291.62011
296.05101
291.60568
291.4117
296.11958
295.91632
291.3258
291.12142
295.72312
291.21265
291.08483
295.72189
295.5876
290.92636
290.79291
295.5295
290.97133
290.90534
295.47407
295.39733
290.68271
290.61498
295.42514
290.87751
290.86173
295.33227
295.29272
290.59249
290.58203
290.92898
295.06905
290.81089
316.38144
310.58212
316.52817
310.9213
316.46522
310.50801
310.46576
316.85598
316.84702
310.65928
310.61526
316.34531
310.38208
310.29181
316.82078
316.73391
310.53662
310.44479
316.04614
310.15109
310.00336
316.59919
316.43412
310.31324
310.1598
315.58473
309.77636
309.57361
316.1934
315.96149
309.93467
309.72194
315.01199
309.28411
309.04074
315.65448
315.37617
309.43463
309.17915
314.36793
308.71038
308.4403
315.02758
314.71936
308.85179
308.56842
313.67989
308.08426
307.79851
314.34402
314.01834
308.21573
307.9162
312.97026
307.43051
307.13663
313.63173
313.29693
307.55277
307.245
312.24902
306.762
306.46437
312.90315
312.56396
306.8751
306.56356
311.52397
306.0879
305.7891
312.16848
311.82774
306.19229
305.87964
310.798
305.41222
305.11346
311.43157
311.09065
305.508
305.19545
310.07312
304.73737
304.43923
310.69524
310.35486
304.82471
304.51284
309.34984
304.0641
303.76673
309.96033
309.6207
304.14307
303.83203
308.62832
303.39265
303.09602
309.22725
308.88841
303.46334
303.15308
307.90834
302.72282
302.42677
308.49586
308.15769
302.78527
302.47564
307.18958
302.05425
301.75859
307.76591
307.42824
302.10852
301.79931
306.4716
301.38651
301.09104
307.03698
306.69962
301.43264
301.12364
305.75399
300.71915
300.42368
306.30866
305.97142
300.75717
300.44819
305.03634
300.05174
299.75608
305.58051
305.24319
300.0817
299.77253
304.31822
299.38386
299.08785
304.85213
304.51455
299.40579
299.09625
303.59928
298.71515
298.41861
304.12312
303.78509
298.72906
298.41899
302.87913
298.04523
297.74802
303.39309
303.05445
298.05115
297.74038
302.15744
297.37378
297.07575
302.66168
302.32227
297.37171
297.06011
301.43388
296.70048
296.40151
301.92857
301.58824
296.69045
296.37786
300.70814
296.02505
295.72502
301.19342
300.85203
296.00705
295.69336
299.97994
295.34721
295.04599
300.45593
300.11335
295.32124
295.00632
299.24899
294.6667
294.36419
299.71581
299.3719
294.63275
294.31649
298.51504
293.98327
293.67938
298.97279
298.62744
293.94133
293.62363
297.77788
293.29671
292.99136
298.22661
297.87973
293.24676
292.92753
297.03731
292.60684
292.29995
297.47708
297.12858
292.54886
292.22803
296.2932
291.91351
291.60505
296.72401
296.37384
291.84746
291.52498
295.54549
291.21664
290.90659
295.96731
295.61546
291.14247
290.81832
294.79421
290.51618
290.20458
295.20694
294.85344
290.43385
290.10807
294.03955
289.81225
289.49917
294.443
294.08797
289.72168
289.39435
293.28185
289.10503
288.79068
293.67571
293.31937
289.00613
288.67744
292.52183
288.39501
288.07968
292.90563
292.54835
288.28769
287.95793
291.76057
287.68286
287.36709
292.13349
291.77591
287.56694
287.23666
291
286.96997
286.65459
291.36095
291.00407
286.84532
286.51533
290.24282
286.258
285.94444
290.5897
290.23523
286.12416
285.79594
289.49433
285.551
285.24139
289.82463
289.475
285.40786
285.08346
288.76082
284.85263
284.55084
289.0689
288.72866
284.69878
284.38226
288.05696
284.17511
283.88647
288.33749
288.01242
284.01097
283.70748
287.39568
283.52559
283.25987
287.6343
287.33561
283.34677
283.0669
286.81454
282.93955
282.70781
287.00353
286.7428
282.74975
282.50445
286.32853
282.42543
282.24439
286.44285
286.23903
282.21524
282.02363
286.0011
282.05663
281.93656
286.0455
285.90938
281.83967
281.71382
285.7993
281.82365
281.7593
285.78741
285.70661
281.60116
281.53431
285.68716
281.7259
281.70722
285.63633
285.59219
281.50488
281.48949
281.75737
285.38108
281.67599
302.41683
295.93178
302.49841
296.21813
302.4856
295.82091
295.77717
302.81346
302.8017
295.8725
295.82087
302.3861
295.69268
295.61605
302.77893
302.70461
295.73722
295.65724
302.13306
295.49443
295.37711
302.58183
302.44412
295.53752
295.4149
301.75492
295.19875
295.0414
302.24776
302.05675
295.23822
295.07344
301.28586
294.81662
294.62875
301.80714
301.57767
294.85087
294.65425
300.75737
294.37284
294.16494
301.29384
301.03936
294.40158
294.18422
300.19313
293.89013
293.67087
300.73431
300.46541
293.91324
293.68423
299.61139
293.3873
293.16261
300.15081
299.87467
293.40523
293.17075
299.02146
292.87506
292.64841
299.5551
299.27589
292.88796
292.65155
298.4296
292.36035
292.13361
298.95545
298.67554
292.36853
292.13211
297.83823
291.84615
291.62009
298.35531
298.07575
291.8497
291.61404
297.24862
291.33385
291.1087
297.75662
297.47788
291.33292
291.09825
296.66091
290.82362
290.59931
297.15983
296.88194
290.81828
290.5845
296.07491
290.31522
290.09155
296.56494
296.28779
290.30553
290.07243
295.4902
289.80816
289.58488
295.97157
295.69497
289.79416
289.56147
294.90631
289.30188
289.07874
295.37929
295.10301
289.28361
289.05108
294.32275
288.79586
288.57264
294.78759
294.51141
288.77334
288.54074
293.73905
288.2896
288.0661
294.196
293.9197
288.26286
288.02997
293.15481
287.78266
287.55871
293.60408
293.32748
287.75173
287.51837
292.56964
287.27468
287.05011
293.01143
292.73435
287.23956
287.00557
291.9832
286.76531
286.53999
292.41769
292.13997
286.72603
286.49126
291.39517
286.25426
286.02807
291.82252
291.54402
286.21082
285.97515
290.80528
285.74126
285.51411
291.22562
290.94621
285.69368
285.45701
290.21326
285.22611
284.99789
290.62673
290.34629
285.17438
284.93662
289.61889
284.70858
284.47922
290.02559
289.74401
284.65272
284.41377
289.02193
284.1885
283.95791
289.42196
289.13914
284.1285
283.88827
288.42216
283.66567
283.43379
288.81562
288.53145
283.60152
283.35995
287.81941
283.13994
282.90671
288.20636
287.92076
283.07165
282.82867
287.21351
282.61119
282.37655
287.59401
287.30691
282.53873
282.2943
286.60433
282.0793
281.84322
286.97841
286.68975
282.00266
281.75673
285.99178
281.54418
281.30665
286.35943
286.06919
281.46335
281.2159
285.37582
281.0058
280.76682
285.73702
285.44516
280.92074
280.67177
284.75646
280.46416
280.22375
285.11113
284.81769
280.37484
280.12437
284.13383
279.91934
279.67757
284.48184
284.18689
279.8257
279.57381
283.50817
279.37147
279.12849
283.84928
283.55299
279.27346
279.02028
282.87997
278.8209
278.57691
283.21384
282.91645
278.71844
278.46417
282.24994
278.26805
278.02342
282.57595
282.27792
278.16098
277.906
281.61945
277.71389
277.46919
281.9368
281.63879
277.6021
277.34693
280.99032
277.15945
276.91569
281.29735
281.00062
277.04251
276.78819
280.36652
276.60766
276.36636
280.66129
280.36761
276.48542
276.23341
279.7526
276.06088
275.82503
280.03036
279.74334
275.93205
275.68545
279.16069
275.52883
275.30254
279.41703
279.14133
275.39369
275.15644
278.60117
275.01652
274.80785
278.82319
278.56865
274.87126
274.65214
278.10805
274.5543
274.37228
278.28919
278.06602
274.40216
274.21012
277.69403
274.14812
274.00692
277.81116
277.63711
273.9814
273.83271
277.41931
273.86231
273.76989
277.4785
277.3628
273.69325
273.59719
277.24804
273.68336
273.63449
277.2614
277.19181
273.51202
273.4618
277.15011
273.61131
273.59819
277.13154
277.09246
273.44257
273.43294
273.64553
276.90418
273.60352
287.00704
280.04071
287.01784
280.2682
287.10006
279.93445
279.89974
287.37143
287.37173
279.91981
279.87899
287.04155
279.83182
279.77791
287.36823
287.3176
279.8121
279.75681
286.86525
279.69749
279.61981
287.23719
287.13918
279.6817
279.60154
286.59712
279.50279
279.40097
287.0019
286.86531
279.48663
279.38068
286.2654
279.2554
279.13573
286.69081
286.52707
279.23737
279.11272
285.89268
278.97128
278.84082
286.32793
286.14713
278.95051
278.81464
285.49747
278.66663
278.53117
285.9345
285.74466
278.643
278.50205
285.09282
278.35374
278.21698
285.52669
285.33308
278.32751
278.18534
284.68556
278.03943
277.90332
285.11343
284.91899
278.01078
277.86937
284.27954
277.7274
277.5927
284.7002
284.50639
277.69656
277.55669
283.87588
277.41864
277.2854
284.28892
284.09621
277.38573
277.24743
283.47482
277.11312
276.9811
283.88031
283.68872
277.07825
276.94123
283.07584
276.81009
276.6789
283.47405
283.28335
276.77332
276.63717
282.67832
276.50871
276.37795
283.06959
282.87947
276.47007
276.33439
282.28155
276.20811
276.07742
282.66622
282.47638
276.16764
276.03202
281.88489
275.90752
275.77659
282.26328
282.07343
275.86523
275.72938
281.4878
275.60631
275.4749
281.86018
281.67008
275.56223
275.42589
281.08983
275.30399
275.17191
281.45642
281.26586
275.25813
275.12109
280.69058
275.00015
274.86724
281.05159
280.86039
274.95252
274.81462
280.28972
274.69446
274.56061
280.64532
280.45334
274.64507
274.5062
279.88699
274.38668
274.25178
280.23732
280.04443
274.33554
274.19559
279.48217
274.0766
273.9406
279.82733
279.63344
274.02372
273.88262
279.07506
273.76408
273.62691
279.41516
279.22018
273.70946
273.56715
278.66552
273.44901
273.31063
279.00064
278.80449
273.39265
273.24909
278.2534
273.13127
272.99166
278.5836
278.38623
273.07319
272.92835
277.83859
272.81082
272.66995
278.16393
277.96527
272.75101
272.60485
277.42096
272.48758
272.34542
277.74149
277.54149
272.42603
272.27855
277.00044
272.1615
272.01805
277.31619
277.11482
272.09822
271.9494
276.57695
271.83257
271.68783
276.88794
276.68516
271.76754
271.61738
276.15047
271.50078
271.35476
276.45669
276.25249
271.43401
271.28251
275.72096
271.16615
271.01886
276.02239
275.81676
271.09761
270.9448
275.28845
270.82872
270.68021
275.58505
275.37801
270.7584
270.60432
274.853
270.48856
270.33887
275.14469
274.93628
270.41644
270.26113
274.41474
270.14579
269.99501
274.70141
274.49168
270.07184
269.91538
273.97386
269.80057
269.6488
274.25533
274.04442
269.72475
269.56726
273.53073
269.45317
269.3006
273.80673
273.59482
269.37544
269.21708
273.08586
269.10395
268.95083
273.35595
273.14336
269.02419
268.86523
272.64019
268.75358
268.60033
272.90379
272.69099
268.67173
268.51255
272.19499
268.40279
268.25013
272.45089
272.23877
268.31855
268.1599
271.75313
268.05369
267.90269
271.9999
271.78973
267.96695
267.80985
271.31787
267.70791
267.56068
271.55194
271.3464
267.61777
267.46439
270.89827
267.37235
267.23175
271.11629
270.91885
267.27897
267.13205
270.50204
267.05046
266.92196
270.69425
270.51231
266.95116
266.81666
270.15452
266.76311
266.65263
270.31592
270.15712
266.65999
266.54371
269.86472
266.51364
266.43009
269.97846
269.85569
266.40137
266.31355
269.67522
266.3438
266.29152
269.74631
269.66547
266.22994
266.17568
269.55638
266.24217
266.21696
269.59502
269.54574
266.12619
266.10037
269.48301
266.21018
266.20666
269.49997
269.46955
266.0958
266.09546
266.25333
269.29579
266.25457
270.6019
263.39133
270.52803
263.54077
270.69719
263.27427
263.24527
270.87837
270.88325
263.16467
263.12729
270.67147
263.18733
263.15426
270.88926
270.85909
263.06751
263.03267
270.56625
263.10613
263.06819
270.80665
270.74857
262.98547
262.94616
270.41518
263.01218
262.96899
270.67035
270.59324
262.89096
262.84634
270.23667
262.90698
262.86155
270.49919
270.41044
262.78523
262.7385
270.04437
262.79801
262.75353
270.30837
270.214
262.67616
262.63063
269.84844
262.69245
262.65104
270.10976
270.0141
262.57096
262.52882
269.65488
262.59429
262.55679
269.91129
269.81681
262.47357
262.43562
269.46622
262.50478
262.47107
269.71683
269.62455
262.38512
262.3512
269.28298
262.42331
262.39274
269.52777
269.43783
262.30492
262.27432
269.10435
262.34828
262.31999
269.34376
269.25577
262.23128
262.20309
268.92911
262.27777
262.25092
269.16373
269.07715
262.16224
262.13555
268.75594
262.20996
262.18379
268.98638
268.90061
262.09595
262.06998
268.58366
262.1433
262.1172
268.81046
268.72499
262.03083
262.00493
268.4113
262.07653
262.05004
268.6349
268.5493
261.96562
261.93931
268.23807
262.00872
261.98148
268.45883
268.37276
261.89936
261.87228
268.06339
261.93915
261.91092
268.28158
268.19479
261.83135
261.80324
267.88681
261.86734
261.83794
268.10264
268.01493
261.76109
261.73177
267.70801
261.79293
261.76226
267.92164
267.83286
261.68825
261.6576
267.52675
261.71571
261.68368
267.7383
267.64835
261.61259
261.58053
267.34287
261.63553
261.60212
267.55242
267.46124
261.53397
261.50047
267.15626
261.55233
261.51751
267.36388
267.27141
261.45232
261.41737
266.96688
261.46607
261.42986
267.17259
267.07881
261.36764
261.33124
266.77467
261.37679
261.33921
266.9785
266.88341
261.27992
261.2421
266.57965
261.28455
261.24562
266.78162
266.68519
261.18924
261.15003
266.38181
261.18937
261.14913
266.58191
266.48415
261.09563
261.05506
266.18117
261.09136
261.04985
266.37939
266.28032
260.99918
260.9573
265.97776
260.99058
260.94786
266.17409
266.07372
260.89998
260.85684
265.77165
260.88717
260.84328
265.96606
265.86441
260.79813
260.75379
265.5629
260.78122
260.73625
265.75535
265.65246
260.69377
260.64829
265.35162
260.6729
260.6269
265.54204
265.43797
260.58702
260.54048
265.13792
260.56236
260.51542
265.32625
265.22103
260.47805
260.43054
264.92193
260.44976
260.40197
265.10807
265.00179
260.36702
260.31862
264.70384
260.33531
260.28678
264.88768
264.78041
260.25412
260.20495
264.48386
260.21924
260.17008
264.66524
264.55712
260.13958
260.08977
264.26233
260.10182
260.05221
264.44104
264.33222
260.02368
259.97339
264.03967
259.9834
259.93358
264.21536
264.10611
259.90674
259.8562
263.81662
259.86457
259.81485
263.98886
263.87953
259.78933
259.73885
263.59415
259.74596
259.69686
263.76208
263.65332
259.67198
259.6221
263.37426
259.629
259.58126
263.53685
263.42959
259.55622
259.50766
263.15939
259.51506
259.46997
263.31433
263.21037
259.44305
259.39715
262.95529
259.40814
259.36731
263.10032
263.00201
259.33696
259.29532
262.76714
259.3107
259.27673
262.89675
262.80852
259.2393
259.20471
262.6088
259.23235
259.20746
262.7203
262.64641
259.16168
259.13634
262.48444
259.17383
259.16049
262.57033
262.5168
259.10205
259.08882
262.41176
259.14891
259.14679
262.47678
262.44464
259.0789
259.07755
262.36884
259.14803
259.15371
262.42167
262.40221
259.07891
259.08559
262.33266
259.17198
259.18233
262.37968
262.363
259.10514
259.11928
259.23514
262.20291
259.28078
253.81699
246.61605
253.66728
246.68929
253.93179
246.50844
246.48974
254.03227
254.04895
246.32883
246.3032
253.94836
246.44977
246.44077
254.07219
254.06774
246.26056
246.25124
253.92731
246.43444
246.43837
254.0591
254.04551
246.24756
246.25246
253.90045
246.44611
246.46289
254.03076
254.01684
246.26029
246.2787
253.88401
246.48719
246.51754
254.0087
253.9994
246.30337
246.33617
253.88216
246.55703
246.60039
253.99879
253.99619
246.37539
246.42195
253.89745
246.65502
246.70989
254.0057
254.01045
246.47635
246.53507
253.92821
246.77665
246.84076
254.02867
254.04012
246.60126
246.66969
253.97209
246.91725
246.98827
254.06605
254.08302
246.74548
246.82117
254.0257
247.07154
247.14728
254.11461
254.13566
246.90354
246.98416
254.08597
247.23501
247.31365
254.17121
254.19498
247.07091
247.15454
254.15013
247.40386
247.48392
254.23289
254.25819
247.24368
247.3288
254.21598
247.57512
247.65551
254.29722
254.32309
247.4189
247.50436
254.28182
247.7466
247.82653
254.36226
254.38798
247.59434
247.67932
254.3464
247.91673
247.99564
254.42658
254.45161
247.76842
247.85233
254.40883
248.0844
248.16193
254.48914
254.51311
247.94004
248.02251
254.46853
248.24891
248.32483
254.54922
254.57188
248.10849
248.18928
254.52511
248.40983
248.48401
254.60637
254.62755
248.27334
248.35232
254.57836
248.56692
248.63929
254.66028
254.67989
248.43435
248.51145
254.62816
248.72009
248.79064
254.71081
254.7288
248.59142
248.66665
254.67447
248.86931
248.93808
254.75787
254.77424
248.74456
248.81793
254.71733
249.01469
249.08172
254.80148
254.81625
248.89384
248.96541
254.75682
249.15632
249.2217
254.84169
254.85489
249.03938
249.10924
254.79308
249.29441
249.35822
254.87861
254.89031
249.18137
249.2496
254.8262
249.42912
249.49145
254.91235
254.9226
249.31999
249.38668
254.85636
249.56067
249.62162
254.94307
254.95194
249.45545
249.52072
254.8837
249.68927
249.74896
254.97091
254.97847
249.58797
249.65193
254.90841
249.81517
249.8737
254.99604
255.00237
249.71779
249.78056
254.93068
249.93861
249.99611
255.01864
255.02384
249.84516
249.90686
254.95071
250.05986
250.11645
255.03891
255.04308
249.97035
250.03111
254.96873
250.17918
250.23499
255.05707
255.0603
250.09362
250.15357
254.98497
250.29687
250.35203
255.07334
255.07574
250.21526
250.27455
254.99968
250.41322
250.46788
255.08795
255.08964
250.33557
250.39435
255.01311
250.52853
250.58282
255.10115
255.10227
250.45485
250.51326
255.02558
250.64312
250.69722
255.11323
255.11391
250.57342
250.63163
255.03745
250.75734
250.81143
255.12451
255.12494
250.69163
250.74983
255.04916
250.87163
250.92591
255.13537
255.13578
250.8099
250.8683
255.06132
250.98646
251.04121
255.14634
255.14705
250.92872
250.9876
255.07478
251.10248
251.15804
255.1581
255.15957
251.04872
251.10844
255.09083
251.22053
251.27734
255.17176
255.17467
251.17074
251.23177
255.11119
251.34178
251.40031
255.18878
255.19408
251.29606
251.35888
255.13826
251.46732
251.52795
255.21141
255.2203
251.42563
251.49068
255.17449
251.59858
251.66097
255.24231
255.25594
251.56143
251.62833
255.22121
251.73369
251.79637
255.28348
255.30237
251.70081
251.76807
255.27695
251.87057
251.92951
255.3361
255.35873
251.84334
251.90646
255.3326
251.99512
252.04516
255.39288
255.41487
251.97149
252.02478
255.37389
252.0992
252.13735
255.4433
255.4572
252.07822
252.11876
255.37827
252.18241
252.2075
255.45922
255.45729
252.16359
252.19289
252.26795
255.30233
252.36205
237.20227
230.26531
236.97475
230.25326
237.3114
230.15391
230.14117
237.31134
237.33112
229.89076
229.86933
237.35724
230.1122
230.12306
237.36055
237.37582
229.83511
229.84521
237.40609
230.14734
230.18896
237.39384
237.42006
229.86783
229.91128
237.49635
230.25445
230.32753
237.4627
237.50935
229.9752
230.05227
237.6372
230.43302
230.53546
237.58251
237.65117
230.15666
230.26496
237.82337
230.67395
230.80121
237.7506
237.83907
230.40196
230.53652
238.04828
230.96749
231.11419
237.96172
238.06645
230.70138
230.85642
238.30184
231.30004
231.46073
238.2056
238.3225
231.04031
231.21001
238.57621
231.66065
231.83076
238.47407
238.59957
231.4078
231.58737
238.86395
232.03934
232.21519
238.75891
238.88992
231.79349
231.97903
239.15968
232.42887
232.60774
239.05412
239.18827
232.19012
232.3788
239.45907
232.8236
233.00351
239.35473
239.49023
232.59196
232.7817
239.75916
233.2197
233.39929
239.6573
239.79287
232.99516
233.18455
240.0578
233.61444
233.7928
239.95931
240.09404
233.39698
233.58508
240.35363
234.00611
234.18266
240.25907
240.39239
233.7957
233.98191
240.64574
234.39359
234.56799
240.55548
240.68701
234.1902
234.37417
240.93359
234.77625
234.94833
240.84786
240.97738
234.57986
234.7614
241.21692
235.15377
235.32345
241.13582
241.26322
234.96436
235.14341
241.49564
235.52606
235.69336
241.41921
241.54447
235.34361
235.52018
241.7698
235.89318
236.05815
241.69802
241.82116
235.71767
235.89183
242.0395
236.2553
236.41805
241.97232
242.09341
236.08672
236.25857
242.30495
236.61264
236.77329
242.24229
242.36142
236.45099
236.62066
242.56637
236.96549
237.12418
242.50814
242.62541
236.81076
236.9784
242.82402
237.31416
237.47105
242.77012
242.88565
237.16636
237.33213
243.07821
237.65901
237.81425
243.0285
243.14244
237.51813
237.6822
243.3292
238.00038
238.15414
243.28358
243.39605
237.86642
238.02896
243.57732
238.33863
238.49109
243.53565
243.6468
238.21162
238.37281
243.82288
238.67415
238.82547
243.78503
243.89501
238.55409
238.71411
244.06622
239.00732
239.1577
244.03205
244.14102
238.89423
239.05327
244.30768
239.33854
239.48816
244.27705
244.38516
239.23243
239.3907
244.54762
239.66823
239.81727
244.52037
244.6278
239.56913
239.72681
244.7864
239.9968
240.14546
244.76239
244.8693
239.90472
240.06202
245.02439
240.32467
240.47315
245.00345
245.11001
240.23964
240.39676
245.26195
240.65226
240.80073
245.24393
245.35031
240.5743
240.73144
245.49947
240.97999
241.12866
245.48421
245.59059
240.90913
241.06648
245.73737
241.30827
241.45733
245.72467
245.83126
241.24455
241.40232
245.9761
241.63757
241.78721
245.96577
246.07278
241.58103
241.73941
246.21615
241.96829
242.1187
246.20794
246.31563
241.91894
242.07813
246.45814
242.30094
242.45224
246.45186
246.56049
242.25888
242.41903
246.70257
242.63569
242.78794
246.69789
246.80782
242.60091
242.76211
246.95028
242.97318
243.12605
246.94743
247.05875
242.94609
243.10799
247.20046
243.31179
243.46444
247.19947
247.31219
243.29224
243.45411
247.45272
243.65151
243.80113
247.45659
247.56898
243.64106
243.79987
247.69789
243.98152
244.12346
247.70913
247.81826
243.97923
244.13038
247.92863
244.29645
244.42148
247.95806
248.05598
244.30605
244.43931
248.11402
244.56169
244.6601
248.16814
248.24492
244.57902
244.68347
248.24082
244.76512
244.83348
248.32726
248.37517
244.78834
244.86077
248.28645
244.90539
244.94452
248.40344
248.41666
244.93193
244.97622
245.01547
248.26236
245.16234
221.39081
214.95736
221.10388
214.87284
221.51175
214.86035
214.85669
221.43563
221.46526
214.5494
214.53924
221.59364
214.845
214.87656
221.50924
221.54772
214.52224
214.55461
221.71961
214.93812
215.01559
221.60802
221.67497
214.61718
214.6987
221.9232
215.13658
215.26116
221.77554
221.88037
214.81773
214.9491
222.21336
215.44287
215.60995
222.03366
222.17554
215.13008
215.30639
222.57324
215.83729
216.0384
222.36755
222.54009
215.53117
215.74321
222.9897
216.30338
216.52971
222.76628
222.96228
216.0058
216.2443
223.44428
216.8188
217.06206
223.20996
223.42218
216.52985
216.78599
223.92488
217.36774
217.62159
223.68553
223.90832
217.08795
217.35511
224.42039
217.93629
218.19589
224.18027
224.40914
217.6656
217.93869
224.92369
218.51525
218.77725
224.68594
224.91774
218.25373
218.5293
225.42933
219.0978
219.35993
225.19609
225.42859
218.84538
219.12106
225.93389
219.67963
219.94043
225.70661
225.93833
219.43629
219.71055
226.43504
220.25786
220.51642
226.21465
226.44463
220.02354
220.29546
226.93142
220.83082
221.08661
226.71847
226.94613
220.60548
220.87451
227.42219
221.39751
221.65027
227.21701
227.44202
221.18112
221.44699
227.907
221.95749
222.20713
227.70973
227.93195
221.75002
222.01263
228.38574
222.51065
222.75718
228.19642
228.41582
222.31206
222.57145
228.85849
223.05708
223.3006
228.67707
228.8937
222.86734
223.12361
229.32548
223.59702
223.83767
229.15186
229.36583
223.41613
223.66941
229.78696
224.13079
224.36875
229.62103
229.83248
223.95874
224.20923
230.24332
224.65882
224.89428
230.08492
230.29401
224.49559
224.74348
230.6949
225.1815
225.41467
230.54388
230.75078
225.0271
225.27262
231.14215
225.69934
225.93043
230.99832
231.20324
225.55376
225.79712
231.58545
226.21276
226.44199
231.44865
231.65177
226.07601
226.31745
232.02527
226.7223
226.94989
231.89532
232.09685
226.59438
226.83413
232.46204
227.22842
227.45462
232.33875
232.5389
227.10935
227.34766
232.89623
227.73166
227.95668
232.7794
232.97839
227.62146
227.85856
233.32829
228.23251
228.45661
233.21775
233.41578
228.1312
228.36735
233.75871
228.73152
228.95492
233.65426
233.85156
228.63912
228.87456
234.18795
229.2292
229.45215
234.0894
234.2862
229.14574
229.38073
234.61653
229.7261
229.94886
234.52367
234.72019
229.65161
229.88641
235.04491
230.22276
230.44556
234.95756
235.15403
230.15727
230.39213
235.47357
230.7197
230.94277
235.39154
235.58817
230.66325
230.89841
235.90299
231.21744
231.44101
235.82609
236.02312
231.17008
231.40578
236.33362
231.71646
231.94073
236.26168
236.4593
231.67823
231.91468
236.7659
232.21724
232.44235
236.69881
236.89721
232.18821
232.42556
237.20013
232.72002
232.94605
237.13777
237.3371
232.70025
232.93858
237.63658
233.22508
233.45189
237.57911
237.77941
233.21474
233.45393
238.0749
233.73185
233.95908
238.02247
238.22368
233.73097
233.9707
238.51477
234.24014
234.46664
238.46875
238.67011
234.24937
234.48841
238.95247
234.7459
234.96968
238.9141
239.11442
234.76501
235.00152
239.38466
235.24715
235.46341
239.3601
239.55521
235.27838
235.50719
239.79389
235.72655
235.92823
239.78786
239.97187
235.76838
235.98247
240.16757
236.17535
236.34974
240.19698
240.35696
236.23281
236.41808
240.45839
236.54608
236.67995
240.5307
240.65203
236.6129
236.75445
240.65167
236.82115
236.91062
240.77467
240.84896
236.89455
236.98883
240.72567
237.00056
237.04873
240.89395
240.91697
237.07685
237.13035
237.12675
240.74762
237.33348
206.87355
201.15376
206.53257
201.00104
206.95589
201.04145
201.03922
206.78073
206.8023
200.668
200.65497
207.04791
201.03278
201.07771
206.83964
206.88868
200.64019
200.68429
207.22009
201.15657
201.26088
206.95847
207.05467
200.75694
200.86513
207.51509
201.42403
201.58942
207.19916
207.35207
201.02485
201.19876
207.9305
201.83225
202.05046
207.57118
207.77496
201.44033
201.67041
208.43673
202.34919
202.60758
208.04616
208.28956
201.96636
202.23875
209.01278
202.95072
203.2373
208.60387
208.87578
202.57971
202.8817
209.63204
203.60607
203.91021
209.21449
209.5047
203.24687
203.56709
210.27891
204.29571
204.60983
209.86039
210.16158
203.94894
204.27952
210.93945
205.00292
205.32151
210.52509
210.83175
204.66834
205.00348
211.60562
205.71762
206.03713
211.199
211.50753
205.39524
205.73129
212.27135
206.4325
206.75064
211.87474
212.18271
206.12217
206.45673
212.93327
207.14341
207.45881
212.5481
212.85403
206.84505
207.17674
213.58912
207.84767
208.15957
213.21622
213.51922
207.5612
207.88921
214.23782
208.54398
208.85199
213.87763
214.17722
208.26931
208.59328
214.87879
209.23165
209.53565
214.53148
214.82747
208.96874
209.28852
215.51189
209.91054
210.21056
215.17751
215.46984
209.65933
209.97498
216.13724
210.58078
210.87695
215.81571
216.10446
210.34124
210.65288
216.75515
211.2427
211.53521
216.44632
216.73164
211.0148
211.32263
217.36599
211.89675
212.18581
217.06968
217.35176
211.68046
211.98471
217.97023
212.54342
212.82929
217.68624
217.96529
212.33873
212.63967
218.56838
213.18329
213.46622
218.29649
218.57274
212.99018
213.28807
219.16094
213.8169
214.09716
218.90093
219.17464
213.63538
213.9305
219.74846
214.44485
214.7227
219.5001
219.77151
214.27492
214.56754
220.33148
215.06773
215.34344
220.09455
220.36392
214.9094
215.19981
220.91059
215.68615
215.96
220.68485
220.95244
215.53942
215.82791
221.48632
216.30071
216.57298
221.27155
221.53762
216.16561
216.45247
222.05928
216.91204
217.18301
221.85523
222.12006
216.78858
217.07411
222.63002
217.52075
217.7907
222.43648
222.70034
217.40897
217.69345
223.19916
218.12747
218.39669
223.01589
223.27905
218.0274
218.31114
223.76727
218.73284
219.00162
223.59404
223.85679
218.64452
218.92783
224.33497
219.33751
219.60614
224.17156
224.43416
219.26098
219.54415
224.90285
219.94212
220.21089
224.74902
225.01176
219.87742
220.16075
225.47147
220.54728
220.81647
225.32703
225.59016
220.49447
220.77826
226.04138
221.15361
221.42345
225.90615
226.16992
221.11275
221.39724
226.61306
221.76162
222.03233
226.48687
226.7515
221.73277
222.01819
227.18686
222.37177
222.64345
227.06968
227.33528
222.35501
222.64146
227.76282
222.98416
223.25674
227.65469
227.92127
222.97954
223.26695
228.34069
223.59868
223.87177
228.24206
228.50934
223.60637
223.89434
228.9191
224.21403
224.48681
228.83055
229.09794
224.234
224.52171
229.49614
224.82878
225.09937
229.41977
229.68564
224.86153
225.14698
230.06555
225.43696
225.70229
230.00355
230.26545
225.48208
225.76226
230.62081
226.03377
226.2878
230.58055
230.83277
226.09298
226.36152
231.14105
226.59977
226.83392
231.1294
231.3641
226.67196
226.92023
231.60896
227.1214
227.32206
231.64403
231.84697
227.21051
227.42406
231.97647
227.55485
227.70669
232.0734
232.22615
227.65951
227.82082
232.21351
227.86738
227.96583
232.3787
232.47021
227.98144
228.08553
232.30362
228.06521
228.11656
232.52717
232.55579
228.18402
228.2416
228.20204
232.36685
228.47084
194.21522
189.30764
193.88065
189.14586
194.32089
189.2332
189.24623
194.12495
194.16139
188.89676
188.90463
194.45359
189.26923
189.33414
194.22218
194.29372
188.92311
188.99041
194.68993
189.44853
189.57735
194.40452
194.53201
189.10442
189.23967
195.06398
189.7771
189.97222
194.71883
194.91182
189.43646
189.64237
195.57776
190.26179
190.51316
195.18807
195.43845
189.93312
190.19848
196.18617
190.85657
191.1484
195.76488
196.05751
190.53837
190.84585
196.86779
191.53682
191.85555
196.43042
196.7522
191.23206
191.5676
197.58926
192.26554
192.59932
197.14622
197.4851
191.97293
192.32388
198.33488
193.0231
193.36417
197.89452
198.24263
192.74318
193.1016
199.08931
193.79185
194.13471
198.65681
199.0083
193.524
193.88414
199.84499
194.56244
194.90385
199.42389
199.77526
194.30664
194.6652
200.59608
195.32814
195.66612
200.18844
200.53742
195.08415
195.43908
201.33978
196.08559
196.4191
200.94683
201.29215
195.85333
196.20359
202.0743
196.83279
197.16134
201.69666
202.03765
196.61216
196.95723
202.79899
197.569
197.89245
202.43692
202.77331
197.35993
197.69969
203.51365
198.29404
198.61244
203.16719
203.49893
198.09648
198.43099
204.21848
199.00813
199.32168
203.88752
204.21472
198.82204
199.1515
204.91386
199.71173
200.02066
204.59822
204.92106
199.53708
199.86174
205.60028
200.4054
200.70999
205.29973
205.61846
200.24217
200.56233
206.27833
201.08979
201.39035
205.99263
206.30751
200.93795
201.25393
206.94864
201.76557
202.06241
206.6775
206.98883
201.62512
201.93724
207.61182
202.43343
202.72686
207.35498
207.66305
202.30436
202.61295
208.26852
203.09404
203.38436
208.02571
208.33081
202.97635
203.28172
208.91936
203.74807
204.03559
208.69032
208.99276
203.64178
203.94424
209.56499
204.3962
204.68123
209.34945
209.64953
204.30131
204.6012
210.20609
205.03912
205.32197
210.00378
210.30181
204.95566
205.25329
210.8433
205.67752
205.9585
210.65396
210.95024
205.6055
205.9012
211.47728
206.31209
206.59151
211.30065
211.5955
206.25153
206.54563
212.10871
206.94351
207.2217
211.94452
212.23824
206.89445
207.18728
212.73825
207.57251
207.84977
212.58626
212.87917
207.53497
207.82686
213.36661
208.19977
208.47643
213.22653
213.51895
208.1738
208.46509
213.99445
208.82603
209.10243
213.86603
214.1583
208.81167
209.10271
214.62249
209.45201
209.72847
214.50547
214.79789
209.44931
209.74043
215.25136
210.07843
210.35527
215.14552
215.43839
210.08744
210.37897
215.88169
210.70598
210.98347
215.78682
216.08043
210.72675
211.01899
216.514
211.33524
211.61362
216.42994
216.7245
211.36785
211.66103
217.14861
211.96671
212.24607
217.07536
217.37097
212.01123
212.30545
217.78542
212.60046
212.88069
217.72314
218.01971
212.65696
212.95213
218.42382
213.23622
213.51682
218.37316
218.67021
213.30489
213.60048
219.06185
213.87245
214.15234
219.02382
219.3204
213.95333
214.24827
219.69639
214.50694
214.78383
219.67362
219.96749
214.60052
214.89239
220.31956
215.13289
215.40297
220.31546
220.60309
215.23906
215.52403
220.92152
215.74279
215.99919
220.94412
221.21859
215.86285
216.13367
221.47921
216.31619
216.54903
221.53753
221.78893
216.44951
216.69591
221.96877
216.83308
217.02838
222.07936
222.29231
216.98113
217.18818
222.34443
217.25276
217.39568
222.5231
222.67826
217.41351
217.56421
222.57102
217.54061
217.62855
222.82082
222.9075
217.70556
217.79723
222.64076
217.71441
217.75735
222.94886
222.96768
217.88048
217.92768
217.83601
222.72425
218.16755
183.43803
179.30158
183.13214
179.14905
183.54468
179.24098
179.26045
183.3425
183.3839
178.93726
178.95187
183.69665
179.29471
179.36723
183.45193
183.53461
178.9805
179.0552
183.9628
179.49128
179.6281
183.6581
183.80138
179.17619
179.31925
184.3763
179.83925
180.04367
184.00699
184.22091
179.5261
179.74172
184.93962
180.35092
180.61078
184.52589
184.79932
180.05111
180.32549
185.59258
180.96574
181.26233
185.14992
185.464
180.67659
180.98903
186.31408
181.65863
181.97757
185.86008
186.20039
181.38371
181.71939
187.06576
182.38803
182.71704
186.61113
186.96458
182.12522
182.47096
187.8335
183.13581
183.46766
187.38652
187.74545
182.88558
183.23411
188.60199
183.88491
184.21472
188.16729
188.52616
183.64632
183.99251
189.36524
184.62789
184.95314
188.94581
189.30167
184.40083
184.74219
190.11841
185.35943
185.67873
189.71575
190.06682
185.14356
185.47865
190.85978
186.07754
186.39037
190.47468
190.82014
185.87273
186.20106
191.58836
186.78125
187.08751
191.22108
191.56061
186.58736
186.90884
192.30415
187.47064
187.77048
191.95468
192.28829
187.28761
187.60241
193.00748
188.14614
188.43987
192.67563
193.00349
187.9739
188.28234
193.69893
188.80848
189.09643
193.38443
193.70682
188.64698
188.94943
194.37915
189.45841
189.74098
194.0817
194.39893
189.30764
189.60448
195.04889
190.09678
190.37433
194.76816
195.08058
189.9567
190.24834
195.7089
190.72442
190.99732
195.44457
195.75252
190.59502
190.88185
196.35994
191.34214
191.61076
196.11168
196.41552
191.22342
191.50581
197.00275
191.95076
192.21545
196.77025
197.07032
191.8427
192.12102
197.63805
192.55101
192.8121
197.421
197.71762
192.45362
192.72821
198.26653
193.14362
193.40145
198.06464
198.35815
193.05691
193.32811
198.88889
193.72932
193.9842
198.70188
198.99262
193.65331
193.92146
199.50588
194.30885
194.56112
199.33345
199.62175
194.24354
194.509
200.11819
194.88293
195.13292
199.96006
200.24626
194.82835
195.09145
200.72655
195.45229
195.70033
200.58242
200.86686
195.40846
195.66954
201.33169
196.01768
196.26409
201.20128
201.48429
195.98461
196.24403
201.93433
196.57982
196.82495
201.81736
202.09928
196.55755
196.81566
202.53521
197.13946
197.38367
202.43139
202.71258
197.12804
197.38519
203.13509
197.6974
197.94103
203.04414
203.32495
197.69685
197.95344
203.73476
198.25442
198.49785
203.65637
203.93717
198.2648
198.52119
204.33494
198.81133
199.05491
204.26885
204.54998
198.83268
199.08924
204.93636
199.36891
199.61297
204.88233
205.16409
199.40128
199.65836
205.53959
199.92785
200.17267
205.49744
205.7801
199.9713
200.22919
206.14505
200.48876
200.7345
206.11474
206.39843
200.54336
200.80222
206.75263
201.05184
201.29843
206.73434
207.01894
201.11764
201.37743
207.36168
201.6169
201.86389
207.35608
207.64108
201.69408
201.95432
207.97004
202.18249
202.42882
207.97827
208.26257
202.2711
202.53072
208.5741
202.7463
202.98965
208.599
208.88012
202.84679
203.10338
209.16537
203.30156
203.53802
209.21076
209.48472
203.41384
203.66345
209.7327
203.8401
204.06279
209.80701
210.06643
203.96547
204.20085
210.25243
204.34179
204.54094
210.36522
210.59964
204.4797
204.69069
210.6997
204.78607
204.94876
210.86731
211.06164
204.93815
205.11087
211.03201
205.13597
205.24972
211.26884
211.40526
205.29999
205.42015
211.21838
205.36341
205.42878
211.52741
211.59701
205.53229
205.60052
211.2545
205.49443
205.52504
211.61799
211.62448
205.66497
205.70045
205.60521
211.33961
205.9742
174.4114
170.94739
174.15189
170.82086
174.5221
170.90561
170.9281
174.34435
174.38998
170.65685
170.67661
174.68095
170.96819
171.03916
174.46251
174.5494
170.71229
170.78619
174.95443
171.16318
171.29248
174.68202
174.82774
170.91024
171.04595
175.36761
171.49297
171.68495
175.03309
175.24861
171.24209
171.44556
175.93315
171.98394
172.2253
175.56517
175.83685
171.7524
172.00836
176.56802
172.55635
172.82637
176.1799
176.48508
172.33638
172.62131
177.25869
173.19083
173.47571
176.86881
177.19351
172.98654
173.2867
177.96286
173.84313
174.13117
177.57992
177.91104
173.65047
173.9532
178.671
174.49941
174.78466
178.30215
178.63331
174.31865
174.61823
179.36925
175.14473
175.4234
179.01776
179.34437
174.97446
175.26691
180.05429
175.77458
176.04517
179.7222
180.04229
175.6146
175.89854
180.7229
176.38568
176.6476
180.41092
180.72346
176.23556
176.51039
181.37484
176.97777
177.23111
181.08318
181.38797
176.83737
177.10325
182.01016
177.55115
177.79625
181.73865
182.0358
177.42031
177.67762
182.62965
178.10681
178.34419
182.37796
182.66783
177.98548
178.23477
183.2342
178.64588
178.87608
183.00191
183.28493
178.53401
178.77583
183.82482
179.16957
179.3931
183.6115
183.88811
179.06712
179.30202
184.40246
179.67899
179.89636
184.20769
184.47834
179.58594
179.81445
184.96808
180.17522
180.38689
184.79145
185.05658
180.09156
180.31415
185.52257
180.65926
180.86566
185.36371
185.62374
180.58498
180.8021
186.06682
181.13204
181.33357
185.92536
186.18068
181.06714
181.27921
186.60165
181.59444
181.79146
186.47724
186.72822
181.5389
181.74631
187.1278
182.04725
182.24012
187.02012
187.26713
182.00108
182.20419
187.64602
182.49122
182.68027
187.55478
187.79816
182.45444
182.6536
188.15704
182.92709
183.11266
188.08194
188.32204
182.89972
183.09527
188.6616
183.35561
183.53802
188.60235
188.83951
183.33765
183.52994
189.16043
183.77748
183.95707
189.11673
189.35129
183.76896
183.95832
189.65426
184.19345
184.37054
189.62583
189.85815
184.19439
184.38117
190.14385
184.60426
184.77919
190.1304
190.36081
184.61467
184.79922
190.62994
185.01064
185.18376
190.63118
190.86005
185.03056
185.21324
191.11332
185.41338
185.58506
191.12894
191.35664
185.44283
185.62403
191.59481
185.81329
185.98391
191.62449
191.85141
185.85231
186.03242
192.07523
186.21123
186.38118
192.11866
192.34519
186.25985
186.43929
192.55543
186.60808
186.77776
192.61229
192.83882
186.66634
186.84552
193.03623
187.00472
187.17455
193.10622
193.33313
187.07266
187.252
193.51836
187.40202
187.57236
193.60124
193.82885
187.47968
187.65957
194.00241
187.80077
187.9719
194.09804
194.32656
187.88821
188.06894
194.48852
188.20148
188.37351
194.59696
194.82641
188.29875
188.48044
194.97631
188.60434
188.77705
195.09807
195.32806
188.71156
188.89399
195.46401
189.00848
189.18107
195.60013
195.82968
189.12574
189.30811
195.94821
189.41203
189.58263
196.10123
196.3281
189.53968
189.72006
196.42117
189.80955
189.97473
196.59505
196.81527
189.94774
190.1226
196.87127
190.19298
190.34675
197.07344
197.27993
190.34238
190.5054
197.27674
190.54531
190.67906
197.51667
197.69893
190.70569
190.84761
197.61116
190.84538
190.94861
197.90072
198.04488
191.01563
191.12497
197.83974
191.06514
191.12902
198.18988
198.28021
191.24232
191.30836
197.93287
191.18154
191.21044
198.3373
198.36783
191.35338
191.38103
197.8984
191.23727
191.24698
198.33764
198.31322
191.40362
191.41362
191.30785
197.92987
191.68483
166.84983
163.94
166.63487
163.83855
166.94596
163.90321
163.91979
166.79767
166.83749
163.69776
163.71159
167.08278
163.94939
164.00396
166.89891
166.97425
163.73688
163.79334
167.31744
164.10143
164.20204
167.08716
167.21265
163.89021
163.99527
167.67037
164.35938
164.51062
167.38432
167.57092
164.1473
164.30737
168.15901
164.75341
164.94321
167.84697
168.08126
164.5574
164.75869
168.69656
165.20579
165.41449
168.37194
168.63073
165.01853
165.23863
169.27178
165.69931
165.91441
168.95223
169.22222
165.5246
165.75109
169.84357
166.19252
166.4037
169.53637
169.80541
166.02616
166.24778
170.40558
166.67465
166.87734
170.1163
170.37932
166.5166
166.72908
170.94658
167.1338
167.32543
170.67703
170.93065
166.98242
167.18308
171.46579
167.5681
167.74819
171.21678
171.46016
167.42304
167.61156
171.962
167.97648
168.14525
171.73329
171.96623
167.83717
168.01382
172.43649
168.36036
168.51851
172.22759
172.45057
168.22661
168.39218
172.89048
168.72131
168.86965
172.70068
172.91432
168.59292
168.74828
173.32558
169.06127
169.20063
173.15419
173.35919
168.93817
169.08419
173.7433
169.38204
169.5132
173.58964
173.78668
169.26415
169.40165
174.14505
169.68529
169.80893
174.00851
174.19822
169.57256
169.70226
174.53207
169.97246
170.08918
174.41211
174.59506
169.86487
169.98739
174.90552
170.24483
170.35517
174.80164
174.97835
170.14237
170.25826
175.26643
170.50355
170.60798
175.17818
175.34912
170.40619
170.51595
175.61573
170.74961
170.84855
175.54272
175.70832
170.65735
170.76142
175.95425
170.98391
171.07773
175.89613
176.05677
170.89674
170.99551
176.2828
171.20727
171.29632
176.23923
176.39529
171.12518
171.21901
176.60212
171.42044
171.50506
176.57279
176.72461
171.34343
171.43266
176.91293
171.62414
171.70464
176.89754
177.04546
171.55221
171.63717
177.21595
171.81906
171.89575
177.2142
177.35856
171.75223
171.83324
177.51187
172.00589
172.07909
177.52348
177.66459
171.94414
172.02153
177.8014
172.18532
172.25533
177.82608
177.9643
172.12866
172.20275
178.08528
172.35805
172.42521
178.12272
178.2584
172.30648
172.37762
178.36428
172.52482
172.58948
178.41417
178.54766
172.47835
172.5469
178.63919
172.68641
172.74893
178.7012
178.83288
172.64505
172.71138
178.91085
172.84364
172.90443
178.98463
179.11491
172.8074
172.87193
179.18016
172.99742
173.05691
179.26534
179.39465
172.9663
173.02949
179.44807
173.14871
173.20736
179.54425
179.67304
173.12271
173.18503
179.71555
173.29853
173.35683
179.82234
179.95105
173.27767
173.33963
179.98355
173.44797
173.50642
180.10055
180.22964
173.43224
173.49437
180.25297
173.59813
173.6572
180.37987
180.50969
173.58755
173.65033
180.5244
173.74996
173.81005
180.66099
180.79179
173.74455
173.80839
180.79803
173.90428
173.96555
180.94447
181.07618
173.9041
173.96918
181.07295
174.06114
174.12335
181.22982
181.36185
174.0662
174.1323
181.34685
174.21988
174.28201
181.51593
181.64667
174.23041
174.29646
181.61399
174.37716
174.4371
181.79812
181.92459
174.39315
174.45701
181.86565
174.52798
174.58192
182.07042
182.18726
174.54999
174.60762
182.08576
174.66105
174.70379
182.31774
182.41742
174.6887
174.73465
182.25695
174.7646
174.7906
182.52501
182.59816
174.79832
174.82651
182.35691
174.82279
174.82992
182.66631
182.70453
174.86031
174.86816
182.37487
174.8364
174.83302
182.72603
182.7265
174.87581
174.87239
182.3081
174.84426
174.84659
182.67735
182.64763
174.88422
174.8933
174.94383
182.27387
175.25462
160.49199
158.03189
160.31794
157.95433
160.56753
157.99772
158.0031
160.45616
160.48527
157.83357
157.8366
160.66269
158.01374
158.04122
160.52877
160.58137
157.84469
157.87323
160.82569
158.09754
158.15339
160.66106
160.74911
157.93079
157.98934
161.07245
158.24737
158.33562
160.86877
161.00156
158.08066
158.1746
161.41914
158.48917
158.60059
161.20117
161.36747
158.33542
158.45419
161.79138
158.7606
158.87951
161.57061
161.75044
158.61351
158.73929
162.17975
159.04835
159.16487
161.97102
162.15302
158.91073
159.03373
162.54947
159.31897
159.42511
162.35843
162.5325
159.18711
159.29862
162.89664
159.56498
159.65767
162.72724
162.88974
159.4387
159.53593
163.21327
159.7781
159.85599
163.06613
163.21498
159.65591
159.73746
163.50062
159.95864
160.02212
163.37556
163.51085
159.84018
159.90664
163.75927
160.10742
160.15738
163.6553
163.77764
159.99218
160.0445
163.99181
160.2272
160.26484
163.90786
164.01829
160.11498
160.15447
164.20044
160.32056
160.34708
164.13541
164.23496
160.21121
160.23911
164.38751
160.39021
160.40668
164.34038
164.43008
160.28363
160.3011
164.55499
160.43843
160.44581
164.52487
164.60562
160.33457
160.34261
164.70464
160.46727
160.46636
164.69079
164.76337
160.3661
160.36554
164.83796
160.47841
160.46991
164.83973
164.9048
160.3799
160.37146
164.95623
160.4733
160.45777
164.97308
165.03122
160.37743
160.36171
165.06055
160.45313
160.43107
165.092
165.14372
160.3599
160.3374
165.15189
160.41894
160.39077
165.19753
165.24326
160.32834
160.29951
165.23112
160.37165
160.33774
165.29059
165.33072
160.28366
160.24888
165.29897
160.31201
160.2727
165.37195
165.40684
160.22664
160.18625
165.35618
160.24076
160.19634
165.44237
165.47236
160.158
160.11231
165.40342
160.15855
160.10932
165.50254
165.52793
160.07839
160.02771
165.44136
160.06603
160.01227
165.55313
165.57423
159.98846
159.93308
165.47061
159.96379
159.90577
165.59475
165.61189
159.8888
159.82902
165.49187
159.85247
159.7905
165.62812
165.6416
159.78008
159.71619
165.50583
159.73272
159.66711
165.65388
165.66404
159.66291
159.59524
165.51323
159.60526
159.53633
165.67277
165.67996
159.53802
159.46691
165.51483
159.4708
159.39893
165.68553
165.69013
159.40612
159.33196
165.51154
159.33021
159.2558
165.69301
165.69545
159.26808
159.19129
165.5043
159.1844
159.10794
165.69612
165.69686
159.12482
159.04589
165.49417
159.03444
158.95645
165.69587
165.69542
158.97739
158.89687
165.48231
158.88152
158.8026
165.69337
165.69228
158.82698
158.74548
165.46997
158.72698
158.64779
165.68983
165.68869
158.67493
158.59315
165.45846
158.57229
158.49357
165.68654
165.68596
158.52271
158.44141
165.44904
158.41907
158.34156
165.68479
165.68533
158.37192
158.29187
165.44277
158.26893
158.19336
165.6858
165.68787
158.22421
158.14618
165.44014
158.12331
158.05026
165.69031
165.69402
158.08099
158.00558
165.44077
157.98334
157.91302
165.6986
165.70342
157.9435
157.87093
165.4421
157.84883
157.78095
165.70885
165.71334
157.81142
157.74138
165.43967
157.71868
157.65218
165.71791
165.71923
157.68375
157.6151
165.42505
157.58889
157.52239
165.71784
165.71195
157.55608
157.48722
165.3894
157.45555
157.38851
165.69936
165.6819
157.42388
157.35397
165.32417
157.31654
157.25209
165.65182
165.61967
157.28412
157.21594
165.22589
157.18171
157.13199
165.56542
165.51956
157.143
157.08991
165.0977
157.10382
157.08461
165.43008
165.37616
157.0623
157.04717
157.16942
164.95311
157.40434
155.1006
153.00622
154.95978
152.9474
155.14494
152.9679
152.95601
155.07055
155.08205
152.83523
152.82051
155.17538
152.936
152.92548
155.09589
155.11306
152.79909
152.78781
155.23031
152.92196
152.91774
155.13872
155.17105
152.78586
152.78133
155.32422
152.92509
152.93119
155.21308
155.2686
152.78763
152.79484
155.47183
152.96673
152.97822
155.35835
155.42982
152.83644
152.84972
155.62015
153.00674
153.01371
155.5127
155.58578
152.87932
152.88735
155.76225
153.03724
153.03333
155.67168
155.73799
152.9145
152.91096
155.87285
153.03572
153.01585
155.803
155.85532
152.91495
152.8943
155.95005
152.99811
152.96076
155.90323
155.93933
152.87902
152.83996
155.98937
152.92003
152.86503
155.9652
155.98426
152.80143
152.7438
155.99347
152.80352
152.73195
155.99096
155.99384
152.68506
152.61011
155.96449
152.65097
152.56426
155.98209
155.97002
152.53221
152.44147
155.90595
152.46607
152.36577
155.94213
155.9166
152.34683
152.24196
155.8208
152.25216
152.13972
155.87414
155.83652
152.13231
152.01481
155.71189
152.01243
151.88912
155.78116
155.73269
151.89188
151.76311
155.58158
151.74954
151.61643
155.66574
155.60748
151.62826
151.48931
155.43188
151.46577
151.32373
155.53006
155.46289
151.34371
151.19551
155.2644
151.16292
151.01269
155.3759
155.30056
151.04008
150.88338
155.08051
150.84252
150.68468
155.20476
155.12185
150.71887
150.55428
154.88136
150.50579
150.34084
155.01786
154.9279
150.38132
150.20936
154.66788
150.15376
149.9821
154.81623
154.71965
150.02846
149.84954
154.4409
149.78726
149.60925
154.60075
154.49792
149.66112
149.47561
154.20114
149.40705
149.22298
154.37218
154.26343
149.28006
149.08826
153.94924
149.01375
148.82389
154.1312
154.01683
148.8859
148.68809
153.68581
148.60795
148.41255
153.87842
153.75872
148.47921
148.27566
153.41142
148.1902
147.9895
153.61444
153.48967
148.06055
147.8515
153.12665
147.76102
147.55528
153.33982
153.21027
147.63046
147.41616
152.83209
147.32096
147.11042
153.05515
152.92109
147.18945
146.97018
152.52835
146.87058
146.65553
152.76102
152.62277
146.73811
146.51415
152.21615
146.41053
146.19128
152.45811
152.31601
146.27708
146.04876
151.89627
145.94154
145.71846
152.14717
152.00158
145.80707
145.57477
151.56958
145.46442
145.23794
151.829
151.68037
145.3289
145.09305
151.23709
144.98015
144.75076
151.50456
151.35338
144.84353
144.60466
150.9
144.48985
144.25817
151.17493
151.02179
144.3521
144.11083
150.55966
143.99492
143.76165
150.8414
150.68697
143.85598
143.61304
150.21769
143.49697
143.26299
150.50546
150.35051
143.35677
143.11307
149.87593
142.99797
142.76429
150.16882
150.01424
142.85644
142.61304
149.53643
142.5002
142.26805
149.83342
149.6802
142.35726
142.11541
149.20149
142.00642
141.77718
149.5015
149.35068
141.86199
141.62313
148.87337
141.51963
141.29488
149.17525
149.0279
141.37359
141.13937
148.55439
141.04339
140.82487
148.85716
148.71418
140.8957
140.66792
148.24618
140.58119
140.37085
148.54882
148.41097
140.43166
140.21238
147.95047
140.1375
139.93757
148.25241
148.1201
139.98621
139.7777
147.66784
139.71634
139.52991
147.96769
147.84155
139.56285
139.36834
147.40172
139.32543
139.15733
147.69782
147.57915
139.16992
138.9943
147.15611
138.97472
138.83381
147.44361
147.33578
138.81571
138.6682
146.94129
138.69058
138.59241
147.21641
147.12353
138.52768
138.42515
146.75601
138.52661
138.48706
146.99905
146.92693
138.36273
138.32893
138.57506
146.50249
138.70783
150.50193
148.71308
150.38816
148.66901
150.51013
148.66839
148.63569
150.47372
150.46367
148.56222
148.52627
150.46065
148.57862
148.52327
150.44164
150.41487
148.46957
148.41157
150.38362
148.44969
148.37598
150.3753
150.33974
148.34078
148.26365
150.29478
148.28413
148.19681
150.29056
150.25352
148.17378
148.08281
150.20761
148.09918
147.99857
150.21492
150.17434
147.99088
147.88623
150.09538
147.88029
147.76314
150.11831
150.06697
147.7718
147.64964
149.95477
147.62621
147.49021
149.9991
149.93246
147.5182
147.37627
149.77201
147.32702
147.17034
149.83956
149.75379
147.21793
147.05419
149.54719
146.9823
146.80502
149.6386
149.53301
146.87182
146.68653
149.27941
146.59174
146.39478
149.39355
149.2685
146.47912
146.27327
148.97233
146.15878
145.94382
149.10763
148.9646
146.04377
145.81917
148.62931
145.6871
145.45596
148.78387
148.62455
145.56942
145.32798
148.25441
145.18098
144.93545
148.42646
148.25261
145.06052
144.80413
147.85107
144.64425
144.38591
148.03901
147.85222
144.5209
144.25123
147.42243
144.08032
143.81054
147.62491
147.42655
143.95406
143.67252
146.97103
143.49204
143.21195
147.18694
146.97815
143.36283
143.0706
146.49899
142.88175
142.59225
146.72743
146.50915
142.74959
142.4476
146.00801
142.25133
141.95315
146.24825
146.02123
142.1162
141.80521
145.49945
141.60228
141.296
145.75091
145.51576
141.46418
141.1448
144.97442
140.93581
140.6219
145.23663
144.99386
140.79472
140.46742
144.43382
140.25285
139.93168
144.70639
144.4564
140.10877
139.77395
143.87842
139.55422
139.2261
144.16102
143.90415
139.40713
139.06509
143.30883
138.84052
138.5057
143.60119
143.33773
138.6904
138.34142
142.7256
138.1123
137.77102
143.0275
142.75771
137.95915
137.60346
142.12926
137.37006
137.02252
142.44046
142.16458
137.21385
136.85166
141.5203
136.61425
136.26065
141.84058
141.55883
136.45495
136.08646
140.89916
135.84527
135.4858
141.22831
140.94093
135.68285
135.30828
140.26637
135.06357
134.69847
140.60415
140.31139
134.89802
134.51759
139.6225
134.26968
133.89918
139.96865
139.67078
134.10095
133.71491
138.96818
133.46415
133.08855
139.32239
139.01973
133.2922
132.90086
138.30414
132.64762
132.26727
138.66604
138.35896
132.47241
132.07613
137.63127
131.82093
131.43627
138.00044
137.68937
131.64241
131.24163
136.95066
130.98506
130.59664
137.32654
137.01203
130.80317
130.39846
136.26361
130.14127
129.74975
136.64554
136.32824
129.95593
129.54799
135.57173
129.2911
128.89734
135.95889
135.6396
129.10223
128.69193
134.87701
128.43651
128.04158
135.26838
134.94809
128.244
127.83246
134.18188
127.57994
127.18519
134.57621
134.25612
127.38369
126.97228
133.48932
126.72449
126.33161
133.88506
133.56664
126.52433
126.11483
132.80297
125.87401
125.48514
133.19823
132.88327
125.66979
125.26439
132.12718
125.03332
124.65113
132.51967
132.21029
124.82483
124.4263
131.46726
124.20855
123.83638
131.85425
131.55299
123.99558
123.60737
130.82943
123.40712
123.04923
131.20748
130.91743
123.18933
122.81588
130.22167
122.63888
122.30072
130.58659
130.31151
122.41597
122.06289
129.65362
121.9158
121.60463
129.99966
129.74454
121.6872
121.36201
129.13895
121.25496
120.98053
129.4585
129.22996
121.01996
120.73272
128.69424
120.67857
120.45454
128.97812
128.78446
120.43613
120.20088
128.33703
120.22131
120.06706
128.5749
128.42444
119.96824
119.80612
128.07587
119.94929
119.88164
128.2514
128.15012
119.69218
119.62736
119.94704
127.70275
119.97416
146.56958
145.04667
146.47664
145.01276
146.53577
144.99235
144.93631
146.53499
146.49946
144.90588
144.84565
146.39339
144.83646
144.73214
146.43393
146.35629
144.74714
144.6377
146.16569
144.58053
144.43214
146.23993
146.12709
144.48906
144.33332
145.87178
144.23118
144.0455
145.97131
145.83158
144.13531
143.94055
145.5296
143.80782
143.59115
145.65256
145.49028
143.70774
143.48082
145.13759
143.31994
143.0755
145.28365
145.09882
143.21551
142.95971
144.69704
142.77349
142.50301
144.86711
144.65924
142.6647
142.38179
144.20534
142.17038
141.87513
144.39921
144.16788
142.05679
141.74807
143.66469
141.51383
141.19551
143.88138
143.62744
141.39517
141.06242
143.07763
140.80745
140.46803
143.31534
143.04026
140.68339
140.32868
142.44863
140.05601
139.69768
142.70533
142.41111
139.9264
139.55205
141.78206
139.26431
138.88919
142.05563
141.74431
139.12901
138.73725
141.08226
138.43702
138.04706
141.37079
141.04432
138.296
137.88884
140.35297
137.57826
137.17512
140.65482
140.31488
137.43148
137.01068
139.59743
136.69154
136.27662
139.9112
139.55924
136.53902
136.106
138.81824
135.77976
135.35418
139.14282
138.78
135.62148
135.17743
138.01753
134.84523
134.40989
138.35202
137.97927
134.68121
134.22704
137.19695
133.88978
133.44538
137.54065
137.15872
133.72003
133.25647
136.35782
132.91486
132.46195
136.71018
136.31965
132.73936
132.26699
135.50119
131.92158
131.46058
135.86175
135.46309
131.74033
131.25958
134.62786
130.91081
130.44205
134.99629
134.58985
130.7238
130.235
133.73846
129.88318
129.40693
134.11448
133.70057
129.69042
129.19384
132.83356
128.83928
128.35575
133.21693
132.79579
128.64073
128.13659
131.91359
127.77952
127.28888
132.30411
131.87595
127.57516
127.06364
130.97897
126.70428
126.2067
131.37645
130.94145
126.49408
125.97535
130.03005
125.6139
125.10952
130.43432
129.99267
125.39782
124.87203
129.06725
124.50871
123.99768
129.47809
129.02998
124.28671
123.75402
128.09092
123.38902
122.87153
128.50815
128.05377
123.16106
122.62165
127.10155
122.25525
121.7315
127.52492
127.06452
122.02128
121.47537
126.09973
121.10789
120.57816
126.52894
126.0628
120.86786
120.31572
125.08618
119.94758
119.41221
125.52084
125.04932
119.70142
119.1434
124.06176
118.77509
118.23453
124.50141
124.02496
118.52272
117.95928
123.02761
117.59145
117.04627
123.47163
122.99083
117.33278
116.76452
121.98518
116.398
115.84896
122.4328
121.94836
116.13291
115.56061
120.93631
115.19647
114.64455
121.38653
120.89941
114.92485
114.34952
119.88339
113.98914
113.43563
120.33492
119.84632
113.71083
113.13379
118.82948
112.77898
112.22555
119.28069
118.79214
112.49381
111.91679
117.7785
111.56983
111.01869
118.22727
117.74075
111.27758
110.70285
116.73558
110.36681
109.82082
117.17918
116.69725
110.06722
109.49775
115.70718
109.17648
108.63941
116.14209
115.66803
108.86921
108.30891
114.70186
108.00763
107.48442
115.12362
114.66165
107.69237
107.14634
113.73041
106.87148
106.36866
114.13307
113.68874
106.54772
106.02276
112.80761
105.78362
105.30973
113.18383
112.76427
105.4511
104.95606
111.95164
104.76317
104.32961
112.29113
111.90596
104.42107
103.96788
111.18828
103.8383
103.45951
111.47978
111.14078
103.48707
103.0907
110.5445
103.04043
102.7354
110.7728
110.49451
102.67847
102.35898
110.05386
102.42111
102.21284
110.20993
110.00469
102.05034
101.83242
109.72454
102.0452
101.95283
109.78732
109.66475
101.66914
101.58016
102.01055
109.2483
101.91453
143.22902
141.94778
143.15327
141.92158
143.15403
141.88463
141.80601
143.1873
143.12633
141.81547
141.73206
142.91844
141.6649
141.51329
143.01837
142.88954
141.59392
141.43514
142.54042
141.28688
141.06684
142.69811
142.50806
141.21287
140.98219
142.04425
140.76196
140.48293
142.24963
142.00855
140.68274
140.39005
141.45347
140.114
139.78803
141.69489
141.41336
140.02655
139.685
140.78922
139.37322
139.00922
141.06171
140.74656
139.27889
138.89804
140.0581
138.55278
138.15618
140.35789
140.01262
138.45096
138.0363
139.26765
137.66487
137.23982
139.59241
139.21985
137.55601
137.11187
138.42253
136.71657
136.26628
138.7698
138.37233
136.60046
136.13015
137.52846
135.71507
135.24256
137.89578
137.47596
135.59176
135.09843
136.59079
134.66656
134.17452
136.97571
136.53603
134.53602
134.02245
135.61466
133.57687
133.06769
136.01495
135.55773
133.43911
132.90781
134.60466
132.45101
131.92677
135.01833
134.54564
132.30607
131.75917
133.56468
131.29331
130.75571
133.99007
133.50366
131.14122
130.5805
132.49794
130.10731
129.55773
132.93369
132.43499
129.9481
129.37498
131.407
128.89583
128.33537
131.85204
131.34219
128.72954
128.14517
130.29392
127.66112
127.09065
130.74738
130.2273
127.48778
126.89304
129.1603
126.40494
125.82513
129.62152
129.09191
126.22456
125.62014
128.00735
125.12863
124.53998
128.47582
127.93723
124.94122
124.32763
126.83602
123.83321
123.23609
127.31134
126.76419
123.63876
123.0164
125.647
122.51941
121.9141
126.12888
125.57347
122.31792
121.68707
124.44083
121.1878
120.57452
124.92903
124.36561
120.97926
120.34014
123.21792
119.8388
119.2177
123.71226
123.14103
119.62319
118.97596
121.97864
118.47275
117.84397
122.47896
121.90007
118.25005
117.59485
120.72329
117.08991
116.45357
121.22943
120.64303
116.86008
116.19702
119.45212
115.69052
115.04671
119.96396
119.37016
115.45352
114.7827
118.16539
114.27477
113.62361
118.68277
118.08172
114.03057
113.3521
116.86343
112.84294
112.18456
117.38618
116.77803
112.59148
111.90551
115.54662
111.39533
110.72991
116.0745
115.45948
111.13654
110.44326
114.2155
109.93239
109.26019
114.74823
114.12658
109.66621
108.96587
112.87072
108.45465
107.776
113.40791
112.77998
108.18101
107.47394
111.51317
106.96293
106.27829
112.05433
111.42058
106.68172
105.96841
110.14406
105.45827
104.76826
110.6885
110.04955
105.1694
104.45046
108.76495
103.94212
103.24756
109.31181
108.66846
103.64544
102.92175
107.37796
102.41639
101.71841
107.92605
107.27938
102.11175
101.38445
105.98585
100.8837
100.18379
106.53365
105.88508
100.5709
99.841537
104.59231
99.347502
98.647668
105.1378
104.48919
99.026326
98.296952
103.20221
97.812436
97.115345
103.7427
103.09655
97.482587
96.755959
101.82201
96.284681
95.593904
102.35399
101.71357
95.945819
95.225617
100.46028
94.772507
94.092819
100.97903
100.34872
94.424176
93.715332
99.128446
93.28706
92.624806
99.627834
99.013379
92.928744
92.237808
97.841484
91.842939
91.206618
98.313251
97.722348
91.473908
90.809685
96.619688
90.46024
89.861019
97.053202
96.495903
90.07978
89.453815
95.488816
89.164448
88.61707
95.869946
95.359524
88.771421
88.199044
94.483102
87.991024
87.513962
94.794845
94.347598
87.584552
87.084921
93.640744
86.981542
86.59806
93.863546
93.498455
86.560186
86.157491
93.0028
86.194372
85.931482
93.117359
92.852216
85.755529
85.478973
92.595191
85.707734
85.587191
92.582908
92.430388
85.258653
85.137309
85.614436
92.015651
85.406137
140.43016
139.37564
140.36809
139.35456
140.31388
139.30323
139.20413
140.37593
140.28963
139.24708
139.14211
139.98723
139.02383
138.82992
140.13715
139.95869
138.96468
138.76123
139.46501
138.53474
138.25082
139.69258
139.428
138.46986
138.17136
138.77392
137.84781
137.4867
139.06157
138.72497
137.77108
137.39147
137.95526
137.00255
136.58149
138.28677
137.89555
136.91278
136.47128
137.04198
136.03992
135.57178
137.40937
136.97492
135.93964
135.44969
136.04638
134.97978
134.47308
136.44258
135.97171
134.86855
134.33874
134.98328
133.84163
133.3029
135.40408
134.90222
133.72041
133.15753
133.86016
132.63636
132.07033
134.30153
133.77262
132.50497
131.91384
132.68567
131.37449
130.78515
133.1444
132.59206
131.2332
130.61798
131.46622
130.06378
129.45436
131.93943
131.36667
129.91264
129.27664
130.20779
128.71109
128.08428
130.69307
130.10252
128.55023
127.89627
128.91519
127.32186
126.67983
129.41052
128.80434
127.15139
126.4817
127.59241
125.9006
125.2451
128.09616
127.47614
125.72062
125.03701
126.24263
124.45085
123.78326
126.7535
126.12105
124.26144
123.56533
124.86836
122.97541
122.29681
125.38533
124.74157
122.77663
122.06914
123.47156
121.47644
120.78765
123.99383
123.33963
121.26835
120.5503
122.05369
119.95558
119.25722
122.58066
121.91668
119.73821
119.01025
120.61589
118.41408
117.70661
121.1471
120.47382
118.18744
117.45004
119.15896
116.85284
116.13658
119.69407
119.01186
116.61693
115.87044
117.68351
115.27251
114.54771
118.22227
117.5314
115.02734
114.27198
116.18997
113.67354
112.94037
116.73219
116.03285
113.41909
112.65505
114.67865
112.05627
111.31484
115.22419
114.51651
111.79252
111.01991
113.14979
110.42091
109.6713
113.69852
112.98262
110.14783
109.36673
111.60358
108.76763
108.00992
112.15539
111.43136
108.48518
107.69566
110.04017
107.09656
106.3308
110.59496
109.86288
106.80469
106.00681
108.45976
105.40784
104.63411
109.01739
108.27736
105.10649
104.30033
106.86257
103.70162
102.92004
107.42288
106.67502
103.39074
102.57641
105.24892
101.97817
101.18889
105.8117
105.05618
101.65768
100.83534
103.61929
100.23787
99.441116
104.18424
103.4213
99.907678
99.077557
101.97431
98.48124
97.677353
102.54102
101.77101
98.141253
97.303695
100.31488
96.709065
95.898517
100.8828
100.10619
96.359162
95.514654
98.642268
94.922456
94.105911
99.210649
98.428091
94.562497
93.711717
96.958185
93.122953
92.301327
97.526023
96.738406
92.75277
91.896661
95.264983
91.312692
90.48724
95.830926
95.039457
90.932085
90.071934
93.565836
89.494585
88.667016
94.128072
93.334388
89.10331
88.240876
91.865043
87.672615
86.845241
92.421155
91.627454
87.270376
86.408037
90.168358
85.852128
85.028071
90.715106
89.92435
85.438553
84.579526
88.48357
84.040409
83.223881
89.016654
88.232822
83.615066
82.76369
86.821108
82.247215
81.443898
87.334713
86.563173
81.809513
80.971658
85.195139
80.485909
79.703395
85.68166
84.929563
80.035232
79.218729
83.624304
78.773976
78.022492
84.073344
83.350404
78.309364
77.524836
82.134391
77.135988
76.428942
82.53297
81.851861
76.656879
75.918185
80.757594
75.602286
74.957507
81.087595
80.46548
75.107044
74.432932
79.539267
74.217868
73.657328
79.781679
79.239077
73.707557
73.12077
78.525732
73.029409
72.581323
78.653311
78.216447
72.500792
72.031716
77.782215
72.117727
71.812125
77.782439
77.473298
71.57906
71.259417
77.327169
71.546357
71.409385
77.168468
77.008961
70.99507
70.861198
71.447701
76.703066
71.130997
138.14967
137.3076
138.10138
137.29242
138.00322
137.23153
137.11825
138.09067
137.98567
137.19039
137.07132
137.60881
136.91253
136.68857
137.80295
137.58709
136.87021
136.63605
136.97945
136.34769
136.01816
137.2699
136.94926
136.30139
135.95613
136.14403
135.55089
135.12999
136.51118
136.10171
135.49511
135.05401
135.15041
134.56481
134.07207
135.57444
135.09674
134.49773
133.98217
134.03879
133.43556
132.88697
134.50671
133.9761
133.35827
132.78504
132.83058
132.19196
131.59909
133.33233
132.7592
132.10427
131.4853
131.54606
130.85942
130.23099
132.07506
131.4673
130.76222
130.10659
130.1967
129.45349
128.79575
130.74764
130.11078
129.34688
128.66098
128.79339
127.98742
127.30525
129.36226
128.70089
127.8718
127.16069
127.3438
126.47061
125.76774
127.92732
127.24496
126.34613
125.61365
125.85457
124.9108
124.19021
126.45014
125.7497
124.77767
124.02689
124.33083
123.31391
122.57792
124.93633
124.2201
123.17227
122.40558
122.77668
121.68467
120.93508
123.39048
122.66029
121.53463
120.75389
121.19532
120.02669
119.26488
121.81612
121.07338
119.86834
119.07498
119.5892
118.34276
117.56981
120.21602
119.46184
118.17619
117.3713
117.96021
116.63502
115.85171
118.5923
117.8275
116.46027
115.64468
116.30976
114.90504
114.11198
116.94654
116.17174
114.72215
113.89646
114.63885
113.15398
112.35159
115.27993
114.49558
112.96298
112.12763
112.94823
111.38268
110.57125
113.5933
112.79974
111.18359
110.33887
111.23841
109.59171
108.77145
111.88727
111.0847
109.38451
108.53064
109.50974
107.78145
106.9525
110.16223
109.35082
107.56615
106.70326
107.76245
105.95217
105.1146
108.41846
107.5983
105.72874
104.85692
105.99666
104.10399
103.25786
106.65612
105.82729
103.87241
102.99169
104.2125
102.237
101.38233
104.87534
104.03787
101.99724
101.10766
102.41004
100.35126
99.488101
103.07618
102.23012
100.10328
99.204876
100.5894
98.446847
97.575244
101.25874
100.40417
98.190592
97.283416
98.750748
96.523875
95.643916
99.423156
98.560159
96.259289
95.343428
96.894364
94.582545
93.694381
97.569631
96.698369
94.309563
93.385167
95.0207
92.623238
91.727094
95.698532
94.819233
92.34177
91.409069
93.130371
90.646456
89.74267
93.810356
92.923361
90.356408
89.415748
91.224323
88.65301
87.742087
91.90588
91.011687
88.354268
87.406165
89.303906
86.644082
85.726741
89.986224
89.085536
86.336508
85.381699
87.371002
84.621354
83.698605
88.052973
87.146771
84.30478
83.3443
85.428226
82.587179
81.660418
86.108337
85.197975
82.2614
81.296685
83.479161
80.544813
79.615966
84.15536
83.242691
80.209575
79.242604
81.528713
78.498755
77.570433
82.198234
81.285772
78.153737
77.187196
79.583474
76.45505
75.530796
80.242594
79.333746
76.099851
75.137388
77.65243
74.421968
73.506572
78.296158
77.39553
74.056098
73.102644
75.747653
72.410631
71.510547
76.369255
75.483064
72.033433
71.095644
73.885484
70.436159
69.559991
74.476065
73.612611
70.046865
69.133605
72.087496
68.518429
67.677657
72.635065
71.805511
68.115947
67.23909
70.382914
66.684642
65.89421
70.872182
70.091084
66.267909
65.442878
68.808625
64.968949
64.248331
69.219178
68.505754
64.536182
63.783237
67.41395
63.418571
62.79163
67.722375
67.099872
62.968795
62.312633
66.252754
62.086467
61.582663
66.429827
65.926444
61.617097
61.088625
65.391287
61.048246
60.699831
65.412754
65.055283
60.558787
60.19239
64.870676
60.384473
60.219418
64.709902
64.521779
59.878201
59.709314
60.203221
64.223608
59.85928
136.34665
135.69917
136.31049
135.6887
136.17689
135.62065
135.49765
136.28273
136.16376
135.59133
135.46239
135.73339
135.27416
135.02975
135.95848
135.71557
135.24411
134.98891
135.02775
134.65749
134.29703
135.36174
135.00091
134.62378
134.24672
134.08937
133.78594
133.32384
134.51244
134.04994
133.74355
133.25995
132.96703
132.70122
132.15789
133.45661
132.91467
132.64742
132.07951
131.70745
131.45354
130.84699
132.2482
131.64498
131.3897
130.75649
130.33775
130.07652
129.42053
130.91677
130.26535
130.00224
129.31798
128.88351
128.60069
127.90582
129.49243
128.80285
128.51712
127.79281
127.35944
127.04525
126.31901
127.9916
127.27086
126.95254
126.19588
125.77865
125.42596
124.67409
126.42932
125.68287
125.32464
124.54155
124.14998
123.75374
122.98046
124.81542
124.04732
123.64401
122.83883
122.48081
122.03725
121.24582
123.15819
122.37162
121.91936
121.09546
120.77658
120.28291
119.47582
121.46368
120.6611
120.15702
119.31694
119.04162
118.49573
117.67485
119.73674
118.92004
118.36197
117.50765
117.27915
116.67944
115.8462
117.98099
117.15161
116.53792
115.67083
115.49164
114.8369
113.99237
116.19923
115.35827
114.6877
113.80895
113.68095
112.97024
112.11522
114.39356
113.54183
112.81342
111.92381
111.84843
111.08102
110.21609
112.56553
111.70362
110.91663
110.01675
109.99505
109.17036
108.29591
110.71625
109.84459
108.99842
108.08869
108.12148
107.23905
106.35537
108.84652
107.96539
107.05958
106.14028
106.22815
105.28761
104.39487
106.95685
106.06646
105.1006
104.17192
104.31538
103.31637
102.41469
105.04761
104.14808
103.12183
102.18388
102.38333
101.32555
100.41499
103.11902
102.21042
101.12346
100.1763
100.43205
99.315219
98.395797
101.17115
100.25351
99.105554
98.149193
98.461602
97.285406
96.357138
99.204067
98.277404
97.068139
96.102595
96.472009
95.236131
94.299034
97.217786
96.282129
95.011224
94.036513
94.463344
93.167432
92.221541
95.212356
94.267746
92.93484
91.950994
92.435732
91.079379
90.124773
93.187853
92.234373
90.839049
89.846146
90.38944
88.972165
88.008994
91.144467
90.182269
88.724035
87.722224
88.324923
86.84617
85.874662
89.082553
88.111863
86.590148
85.579664
86.242806
84.701911
83.722424
87.002613
86.023787
84.437906
83.419116
84.144098
82.540247
81.553323
84.905459
83.919027
82.268147
81.241604
82.030257
80.36245
79.368874
82.792295
81.799026
80.08212
79.048629
79.903362
78.170371
77.171248
80.664861
79.665832
77.881638
76.842336
77.766297
75.966587
74.963462
78.525589
77.522307
75.669248
74.625722
75.623083
73.754718
72.749729
76.377879
75.372425
73.448512
72.402959
73.479232
71.539777
70.535824
74.226442
73.221634
71.224367
70.179774
71.342141
69.328487
68.329512
72.077606
71.077282
69.003464
67.963891
69.221935
67.130077
66.141402
69.940073
68.949421
66.794936
65.765866
67.132189
64.956927
63.985698
67.825481
66.851497
64.610991
63.599796
65.091215
62.825808
61.881501
65.749788
64.801768
62.468307
61.484759
63.123037
60.758645
59.853801
63.733662
62.824027
60.388469
59.445554
61.259934
58.785198
57.935978
61.805971
60.950765
58.401397
57.515808
59.54216
56.942378
56.169555
60.001544
59.221723
56.543174
55.736574
58.02307
55.280715
54.609409
58.371139
57.691775
54.865811
54.164212
56.760223
53.855548
53.316189
56.965667
56.417075
53.422287
52.857772
55.825759
52.745508
52.370909
55.863607
55.475073
52.29616
51.903439
55.266959
52.027563
51.846618
55.108042
54.906094
51.562692
51.377312
51.80821
54.658059
51.46866
134.98118
134.51011
134.95602
134.50353
134.79771
134.43244
134.30413
134.9179
134.79065
134.41466
134.28077
134.32431
134.07107
133.81509
134.5725
134.31313
134.05383
133.78706
133.57291
133.42588
133.04793
133.93925
133.55387
133.40662
133.01204
132.57166
132.51287
132.02707
133.03643
132.54088
132.48688
131.97941
131.36824
131.37215
130.79837
131.90894
131.32521
131.33706
130.73811
130.00987
130.05169
129.40872
130.6083
129.95604
130.00743
129.33686
128.53025
128.59006
127.89324
129.17195
128.4665
128.53669
127.81052
126.95785
127.0203
126.28151
127.6327
126.88576
126.9587
126.1893
125.31098
125.36518
124.59306
126.01142
125.23127
125.29581
124.49206
123.60431
123.64235
122.84334
124.3249
123.51777
123.56573
122.73426
121.84796
121.86422
121.04302
122.58458
121.75502
121.78064
120.92628
120.04994
120.04027
119.20044
120.79948
119.95097
119.94999
119.07639
118.21611
118.17751
117.32167
118.97621
118.11138
118.08068
117.19056
116.35102
116.28122
115.41137
117.1199
116.24072
116.17798
115.27338
114.45803
114.35534
113.47297
115.23434
114.34231
114.24579
113.32825
112.53967
112.40285
111.50905
113.32242
112.41865
112.28707
111.35771
110.59781
110.42591
109.52149
111.38627
110.47158
110.30396
109.36361
108.6338
108.4261
107.51164
109.42744
108.50242
108.29803
107.34727
106.64858
106.40455
105.48043
107.44703
106.51209
106.27037
105.30962
104.64279
104.36202
103.42852
105.4458
104.50122
104.22176
103.25129
102.61683
102.299
101.3563
103.42425
102.47021
102.15267
101.17266
100.57098
100.21582
99.264005
101.3827
100.41929
100.06341
99.073952
98.505352
98.112653
97.151764
99.321315
98.348598
97.954154
96.955284
96.41997
95.98953
95.019584
97.240151
96.258138
95.824928
94.81666
94.314851
93.846473
92.867471
95.139222
94.147918
93.675742
92.658076
92.189994
91.683467
90.695418
93.01852
92.017935
91.506578
90.47952
90.045448
89.500533
88.503467
90.878062
89.868226
89.317447
88.281023
87.88132
87.297734
86.291724
88.717908
87.698896
87.108405
86.06269
85.697874
85.075257
84.060455
86.538232
85.510195
84.879628
83.824773
83.495568
82.833478
81.810128
84.339391
83.302569
82.631472
81.567728
81.27509
80.572971
79.541458
82.121925
81.076696
80.364504
79.292264
79.03752
78.294657
77.255564
79.886704
78.833643
78.079623
76.999487
76.784448
75.999919
74.954096
77.635036
76.574978
75.778189
74.691027
74.518142
73.69076
72.639409
75.368818
74.302945
73.462171
72.36922
72.24178
71.370005
70.314808
73.090724
72.020691
71.134355
70.037345
69.959783
69.041604
67.984887
70.804496
69.732591
68.798635
67.69996
67.678214
66.71102
65.65595
68.515314
67.44465
66.4604
65.36332
65.405256
64.385638
63.33651
66.230182
65.164991
64.126951
63.035894
63.152043
62.075531
61.038125
63.958679
62.904666
61.808253
60.729176
60.933457
59.794179
58.776213
61.713617
60.678432
59.51762
58.458485
58.769408
57.559687
56.571339
59.51236
58.506118
57.273025
56.244333
56.685904
55.395689
54.450277
57.377465
56.413522
55.097798
54.113328
54.717254
53.333601
52.448119
55.339595
54.43506
53.023368
52.100682
52.90611
51.41248
50.608361
53.43623
52.613009
51.08818
50.249579
51.30728
49.683606
48.986466
51.719082
51.003281
49.344383
48.616424
49.980913
48.204376
47.64433
50.242804
49.665224
47.848026
47.262305
48.999066
47.049477
46.658872
49.083333
48.674818
46.676574
46.267287
48.41716
46.29648
46.103794
48.295969
48.084027
45.908331
45.709192
46.037926
47.874902
45.7317
134.00599
133.69848
133.9876
133.69207
133.80973
133.61916
133.48771
133.93531
133.80185
133.60611
133.4688
133.31719
133.24772
132.98613
133.57392
133.30488
133.23503
132.96245
132.54012
132.58649
132.2011
132.91834
132.52028
132.57189
132.17001
131.5075
131.65475
131.15916
131.99019
131.47816
131.63576
131.11887
130.26185
130.48828
129.90102
130.82785
130.22227
130.46284
129.85064
128.84896
129.13212
128.47172
129.47974
128.80025
129.10012
128.41208
127.30469
127.6253
126.90764
127.98444
127.24738
127.58639
126.8391
125.65966
126.00226
125.24005
126.37676
125.59496
125.95695
125.16364
123.93494
124.28816
123.49088
124.6806
123.86345
124.23665
123.40711
122.14693
122.50244
121.67713
122.91485
122.06934
122.4451
121.58662
120.3071
120.65895
119.81076
121.0926
120.22381
120.59598
119.71387
118.42422
118.76806
117.90079
119.22385
118.33557
118.69967
117.79785
116.50463
116.83731
115.95376
117.31584
116.41087
116.76365
115.845
114.55315
114.87233
113.9746
115.37402
114.45447
114.79351
113.8602
112.57331
112.87729
111.9669
113.40243
112.46986
112.79339
111.84699
110.56775
110.85525
109.93334
111.40407
110.45962
110.76634
109.80802
108.53838
108.80846
107.87586
109.38115
108.42566
108.7146
107.74519
106.48655
106.73854
105.79581
107.33523
106.36929
106.63975
105.65987
104.41323
104.64661
103.69417
105.26745
104.29147
104.54293
103.55297
102.31904
102.53346
101.57156
103.17856
102.19281
102.42489
101.42513
100.20439
100.39958
99.428393
101.06905
100.07371
100.28614
99.276751
98.069518
98.245279
97.264892
98.939224
97.934384
98.126959
97.108032
95.914526
96.070709
95.081161
96.789235
95.774932
95.947505
94.919073
93.739424
93.875906
92.877206
94.619118
93.595361
93.747807
92.709877
91.544211
91.660875
90.65302
92.428874
91.395661
91.527862
90.480429
89.328875
89.425595
88.408591
90.21848
89.175815
89.287644
88.230712
87.093463
87.170088
86.143962
87.987948
86.935859
87.027164
85.960759
84.83808
84.894415
83.859244
85.737336
84.675897
84.74648
83.670678
82.563
82.598772
81.554712
83.466826
82.396193
82.445778
81.360738
80.268702
80.283547
79.230859
81.176784
80.097218
80.125432
79.031422
77.955948
77.949377
76.888472
78.867813
77.77972
77.786065
76.683506
75.625896
75.597241
74.52874
76.540849
75.444848
75.428643
74.318173
73.280268
73.228629
72.153435
74.197314
73.094308
73.054631
71.937178
70.921522
70.845691
69.765086
71.839269
70.730537
70.666149
69.543036
68.553112
68.451469
67.367247
69.469629
68.356964
68.266205
67.13928
66.179831
66.05021
64.964847
67.092469
65.978347
65.858994
64.730811
63.808252
63.64777
62.564644
64.713419
63.601219
63.450314
62.324357
61.447283
61.252115
60.175802
62.340129
61.234434
61.048048
59.92904
59.108966
58.87405
57.810684
59.983008
58.889974
58.662907
57.557183
56.809339
56.527996
55.485735
57.655957
56.583796
56.309178
55.225169
54.569712
54.2332
53.222747
55.377643
54.33716
54.005999
52.954771
52.417771
52.014734
51.049966
53.172339
52.177634
51.778225
50.774152
50.389417
49.905369
49.003829
51.072242
50.141219
49.658614
48.719871
48.529039
47.945842
47.129249
49.1171
48.272166
47.687592
46.836758
46.891622
46.187504
45.481458
47.358484
46.626117
45.916912
45.180597
45.538224
44.688778
44.122286
45.853878
45.26409
44.404761
43.813163
44.536569
43.517864
43.121775
44.671224
44.254948
43.21935
42.805061
43.948226
42.751415
42.552313
43.877669
43.661171
42.441136
42.234051
42.460945
43.480243
42.195337
133.40464
133.25393
133.39195
133.24721
133.20189
133.1751
133.0443
133.32917
133.19407
133.1672
133.03109
132.70059
132.79989
132.53933
132.95931
132.68855
132.79271
132.52196
131.9127
132.13239
131.74865
132.29352
131.89388
132.12383
131.72482
130.86639
131.19278
130.69902
131.35354
130.83925
131.18067
130.66717
129.6012
130.01534
129.42905
130.17503
129.56505
129.99796
129.38843
128.16076
128.64258
127.9818
128.80269
128.11617
128.61942
127.93277
126.58237
127.11416
126.39486
127.27634
126.52993
127.08502
126.33792
124.89757
125.46484
124.7
125.63119
124.83824
125.43007
124.63599
123.12934
123.72122
122.92066
123.89324
123.06377
123.68109
122.85019
121.29517
121.90362
121.07466
122.08255
121.22398
121.85847
120.99831
119.40754
120.02674
119.17473
120.21339
119.33112
119.97681
119.09287
117.47573
118.10145
117.2303
118.29641
117.39442
118.04693
117.14327
115.50648
116.13565
115.24825
116.3393
115.42052
116.07669
115.15625
113.50483
114.13518
113.23363
114.34779
113.4144
114.07188
113.13684
111.47445
112.10432
111.19019
112.3261
111.37968
112.03677
111.08874
109.41806
110.04624
109.12066
110.27734
109.31905
109.9745
109.01465
107.33763
107.96322
107.02701
108.20375
107.23445
107.88734
106.91651
105.23452
105.8569
104.91064
106.10697
105.12724
105.77692
104.7957
103.10972
103.72843
102.77252
103.98811
102.99837
103.64437
102.65317
100.96387
101.57859
100.6133
101.84795
100.84847
101.49047
100.48956
98.797372
99.407889
98.433377
99.686992
98.677934
99.315722
98.305267
96.610445
97.216624
96.232977
97.505521
96.486975
97.120406
96.100495
94.403192
95.004945
94.012197
95.303684
94.275686
94.90467
93.875336
92.175621
92.772889
91.771045
93.081516
92.04407
92.668548
91.629795
89.927721
90.52045
89.509506
90.839008
89.792109
90.41203
89.36385
87.659482
88.247611
87.227574
88.576135
87.519787
88.135089
87.077488
85.370947
85.954393
84.92529
86.29291
85.227139
85.83774
84.770743
83.062229
83.640862
82.602768
83.989393
82.914275
83.520043
82.443728
80.73361
81.30722
80.260294
81.665774
80.581471
81.182192
80.096719
78.385595
78.953869
77.898383
79.322439
78.229223
78.824577
77.730224
76.018998
76.581484
75.517859
76.960034
75.858332
76.447858
75.345056
73.635037
74.191088
73.11996
74.579553
73.47001
74.053045
72.942447
71.235534
71.784237
70.706532
72.182504
71.066062
71.64167
70.524227
68.823082
69.363176
68.280209
69.771068
68.649065
69.21595
68.093014
66.401332
66.931081
65.844691
67.348338
66.222646
66.779025
65.652489
63.975337
64.492384
63.405107
64.918628
63.791831
64.335279
63.207754
61.55203
62.053185
60.968484
62.487889
61.363517
61.890754
60.765807
59.140812
59.621797
58.544362
60.064228
58.94706
59.453684
58.336145
56.75435
57.209472
56.14557
57.658636
56.555075
57.035223
55.931554
54.409469
54.8312
53.789148
55.285768
54.204326
54.65024
53.569021
52.128412
52.506905
51.497584
52.965189
51.917019
52.318546
51.271009
49.939963
50.26251
49.299953
50.722315
49.721862
50.065879
49.066537
47.881034
48.131573
47.233428
48.590387
47.655865
47.925767
46.992877
45.997011
46.155771
45.343662
46.610497
45.764375
45.939678
45.09568
44.342945
44.386617
43.685785
44.834423
44.103
44.159474
43.430585
42.979827
42.882641
42.321092
43.320378
42.732866
42.643681
42.059015
41.973252
41.709395
41.316158
42.133871
41.720321
41.458103
41.048176
41.385193
40.937447
40.737244
41.343301
41.129227
40.676081
40.467743
40.62728
40.978936
40.385151
133.16145
133.15452
132.95648
133.07571
132.95328
132.45385
132.69637
132.45121
131.66466
132.02176
131.66022
130.61585
131.0731
130.60766
129.34571
129.88532
129.33245
127.89667
128.50121
127.87798
126.30666
126.96096
126.28255
124.6075
125.29959
124.57832
122.82311
123.54397
122.78919
120.97148
121.71452
120.93314
119.06558
119.82599
119.02305
117.11494
117.88925
117.06842
115.1265
115.91215
115.07612
113.10539
113.90051
113.05126
111.05537
111.85858
110.99757
108.9792
109.7895
108.91779
106.87886
107.69554
106.81389
104.75576
105.57832
104.68726
102.61086
103.43895
102.53886
100.44484
101.27823
100.36934
98.25808
99.096634
98.179101
96.050816
96.894455
95.968354
93.823143
94.671834
93.737193
91.575068
92.428801
91.485621
89.306576
90.165344
89.213617
87.017666
87.881439
86.921173
84.708373
85.577104
84.608319
82.378814
83.252401
82.275165
80.029274
80.907527
79.921985
77.660276
78.54288
77.549291
75.272645
76.15914
75.157892
72.867627
73.757333
72.749018
70.44708
71.339015
70.324502
68.013653
68.906442
67.886962
65.571071
66.462805
65.440082
63.124494
64.012556
62.98897
60.68099
61.561827
60.540628
58.250166
59.118981
58.104578
55.844922
56.695336
55.693615
53.482401
54.305984
53.324761
51.1852
51.970968
51.020483
48.98256
49.716419
48.809877
46.91174
47.576108
46.730136
45.018595
45.592116
44.827078
43.358049
43.816227
43.155901
41.991251
42.307466
41.778058
40.982897
41.130847
40.758917
40.392478
40.350927
40.158985
40.014765
586.08626
586.86324
585.9278
585.76249
586.66545
586.50644
585.33778
585.01967
586.05119
585.74791
584.3533
583.90212
585.03965
584.61098
583.03096
582.46942
583.68771
583.15559
581.43502
580.78559
582.0627
581.44872
579.62302
578.90579
580.22313
579.54638
577.64739
576.87947
578.22232
577.4989
575.55051
574.74575
576.10261
575.34544
573.36686
572.53621
573.89836
573.1176
571.12308
570.27498
571.63586
570.8393
568.83964
567.98049
569.33527
568.52879
566.53191
565.66649
567.01162
566.1996
564.21133
563.34318
564.67611
563.86179
561.88636
561.01807
562.33696
561.52271
559.56315
558.69662
560.00018
559.18772
557.24616
556.38274
557.67008
556.86064
554.9386
554.07927
555.34977
554.54425
552.64274
551.78817
553.04145
552.24044
550.36016
549.51082
550.74663
549.95056
548.09192
547.24811
548.46634
547.67548
545.83873
545.00067
546.20125
545.41579
543.60105
542.76885
543.95178
543.17182
541.37915
540.5529
541.71819
540.94381
539.17321
538.35295
539.50063
538.73186
536.98333
536.16911
537.29919
536.53606
534.8096
534.00146
535.11393
534.35648
532.65216
531.85018
532.94499
532.19328
530.51123
529.71553
530.79256
530.04669
528.38718
527.59795
528.65698
527.91713
526.28056
525.49808
526.53879
525.8052
524.19223
523.41693
524.43881
523.71187
522.12342
521.35591
522.35823
521.6385
520.07591
519.31702
520.2988
519.58703
518.05213
517.30305
518.26289
517.56016
516.05547
515.31779
516.25383
515.5616
514.09053
513.3664
514.27615
513.59638
512.1635
511.45578
512.33595
511.6713
510.28263
509.5951
510.44142
509.79538
508.45872
507.7963
508.60332
507.98047
506.7059
506.0748
506.8358
506.24197
505.04178
504.44968
505.1566
504.59903
503.48848
502.94443
503.58824
503.07554
502.07107
501.58515
502.15631
501.69817
500.81858
500.40094
500.89107
500.49729
499.75743
499.41712
499.8198
499.49916
498.91285
498.65616
498.96926
498.72781
498.29713
498.12693
498.35146
498.19178
497.91678
497.83325
497.97253
497.89462
497.77475
497.83769
585.71682
585.21927
586.48681
586.05692
497.53732
497.7352
497.6115
583.98209
582.8978
584.84657
583.89747
496.91294
497.26286
497.00608
580.60142
578.77214
581.62604
579.98908
495.87676
496.39482
495.99411
575.04615
572.29262
576.20683
573.68701
494.40156
495.10633
494.54709
566.86102
563.05528
568.08488
564.53886
492.43904
493.33724
492.60788
555.79147
550.89024
556.95548
552.32049
489.97942
491.06876
490.16818
541.61651
535.77937
542.47165
536.91726
487.02884
488.30742
487.24095
525.25631
518.77608
525.76096
519.59598
483.60098
485.08203
483.85049
507.3566
500.52949
507.48866
501.00411
479.66558
481.37927
479.97069
488.83017
481.94425
488.62908
482.09823
475.15978
477.15865
475.54397
470.33339
463.6596
469.81564
463.49423
469.95465
472.31277
470.44255
452.68856
446.47619
451.91195
446.04194
463.87304
466.69295
464.49213
436.40966
430.87972
435.41824
430.22846
456.64064
460.04002
457.40731
422.31265
417.55952
421.31421
416.89992
447.96363
452.07468
448.88063
410.25712
406.21368
409.35808
405.6364
437.44045
442.32707
438.44789
400.05334
396.59118
399.32078
396.15363
424.90877
430.54439
425.909
391.2563
388.22547
390.69778
387.93449
410.25603
416.35744
411.06155
383.49666
380.75722
383.10851
380.61536
394.25137
400.57548
394.83422
376.39261
373.81451
376.16318
373.81913
377.35448
383.64892
377.67921
369.61826
367.07961
369.54158
367.23469
360.2744
366.33041
360.3485
362.84556
360.22514
362.91906
360.53808
343.52503
349.12036
343.33874
355.76167
352.93033
355.99041
353.41512
327.78517
332.75049
327.37601
347.99633
344.81413
348.38004
345.47652
313.46652
317.64457
312.87634
339.19329
335.50789
339.7281
336.34321
301.17137
304.66679
300.58519
328.87317
324.55203
329.50231
325.4948
290.61272
293.58452
290.11029
316.77146
311.74308
317.40714
312.69243
281.5509
284.1767
281.18227
302.58811
296.9331
303.03697
297.69892
273.55894
275.98464
273.33145
286.94616
280.86033
287.16621
281.41069
266.30057
268.65596
266.21889
270.26768
263.96577
270.22311
264.26127
259.42168
261.82418
259.48694
253.24173
246.94803
252.9461
246.99185
252.60855
255.17806
252.82898
236.38289
230.32182
235.83274
230.09979
245.52582
248.38971
245.91328
220.38837
214.77609
219.62113
214.32118
237.83197
241.13764
238.40453
205.70803
200.74387
204.7528
200.09342
229.11169
233.01444
229.87721
193.08305
188.85796
192.11943
188.1927
218.95591
223.61964
219.90815
182.40855
178.87224
181.52672
178.26736
206.85667
212.36082
207.91922
173.5397
170.59248
172.792
170.09009
192.59913
198.91685
193.65431
166.12757
163.65787
165.51334
163.25456
176.03439
182.84333
176.86109
159.90593
157.81979
159.41233
157.50532
158.025
165.03808
158.57807
154.62488
152.84871
154.23004
152.60534
139.10902
146.01387
139.32965
150.11607
148.59821
149.80053
148.4105
120.14402
126.65956
120.01715
146.25322
144.96027
145.99879
144.8134
101.80921
107.61393
101.2956
142.97033
141.88238
142.76486
141.76691
85.04448
89.861831
84.167432
140.21782
139.32305
140.05173
139.23169
70.515662
74.071346
69.318714
137.9841
137.27066
137.85645
137.20396
59.167872
61.543137
57.906355
136.22233
135.67437
136.12943
135.62912
50.772908
52.153341
49.571537
134.89426
134.49528
134.83157
134.46695
45.095621
45.712395
44.038288
133.94276
133.68186
133.89819
133.65916
41.638008
41.714834
40.745403
133.36155
133.23398
133.32999
133.21321
39.869635
39.514115
39.07585
133.13972
133.11766
132.9494
133.03612
132.93276
132.45024
132.64043
132.43166
131.65711
131.93894
131.63
130.59788
130.95424
130.55611
129.31291
129.72512
129.25269
127.84768
128.29949
127.76813
126.2413
126.71982
126.14288
124.52673
125.02272
124.41079
122.72785
123.23479
122.5957
120.86266
121.37607
120.71548
118.94389
119.46059
118.78257
116.98094
117.49867
116.80617
114.9806
115.49773
114.79288
112.94789
113.46324
112.74762
110.88651
111.39921
110.67396
108.79915
109.30858
108.57456
106.68776
107.19348
106.45128
104.5537
105.05542
104.30545
102.39792
102.89543
102.13798
100.22105
100.71422
99.949474
98.023478
98.512225
97.740286
95.805395
96.289676
95.510598
93.566891
94.04668
93.260474
91.307955
91.783233
90.989888
89.028556
89.499291
88.698789
86.72867
87.194797
86.387135
84.408315
84.869743
84.054924
82.067583
82.524158
81.702227
79.706728
80.158206
79.329268
77.326233
77.772243
76.936497
74.926877
75.366904
74.52465
72.509844
72.943155
72.09486
70.076912
70.502483
69.648835
67.630627
68.047051
67.189033
65.174579
65.579935
64.71893
62.713752
63.105441
62.243364
60.254992
60.629519
59.768993
57.807618
58.160302
57.304897
55.384185
55.70885
54.86335
53.001411
53.289941
52.460731
50.68145
50.923346
50.118839
48.45304
48.634922
47.86606
46.353183
46.458544
45.739238
44.427544
44.436578
43.784096
42.731883
42.622497
42.057297
41.328301
41.077314
40.622315
40.283613
39.870307
39.548849
39.659802
39.068177
38.899905
38.691812
587.91561
589.20426
587.74241
587.58562
588.98901
588.82941
587.1033
586.80354
588.3209
588.01755
586.05734
585.63509
587.2367
586.811
584.66563
584.14328
585.80031
585.27582
583.00101
582.40027
584.09067
583.48983
581.12347
580.46312
582.16995
581.51171
579.08769
578.38337
580.09425
579.3941
576.936
576.20013
577.90604
577.1761
574.70265
573.9449
575.63937
574.88899
572.4135
571.64122
573.31965
572.55587
570.08829
569.30701
570.96616
570.19423
567.74165
566.95548
568.59308
567.81688
565.38444
564.5964
566.21087
565.43325
563.0246
562.23689
563.82717
563.05019
560.66791
559.88212
561.44751
560.67266
558.31853
557.53581
559.07585
558.3042
555.97943
555.20059
556.71504
555.94733
553.6527
552.8783
554.36703
553.60378
551.33979
550.57022
552.0332
551.27476
549.04165
548.27716
549.71443
548.96103
546.75893
545.99966
547.4113
546.66309
544.49199
543.73805
545.12415
544.3812
542.24107
541.49252
542.85317
542.11552
540.00627
539.26314
540.59844
539.86612
537.78768
537.04998
538.36001
537.63301
535.58533
534.85308
536.13788
535.41622
533.39932
532.67258
533.93212
533.21585
531.22982
530.50868
531.74286
531.03204
529.07713
528.36174
529.57038
528.86515
526.94176
526.23235
527.41512
526.71569
524.82448
524.12139
525.27781
524.58449
522.72642
522.03017
523.15951
522.47277
520.64925
519.96054
521.06181
520.38231
518.59528
517.9151
518.9869
518.31557
516.56772
515.89744
516.93789
516.27601
514.57099
513.91245
514.91904
514.26836
512.61105
511.96675
512.93615
512.29907
510.69597
510.06924
510.99715
510.37687
508.83639
508.23162
509.11253
508.5133
507.0465
506.46929
507.29645
506.7238
505.3441
504.80154
505.56686
505.02784
503.75231
503.25289
503.94743
503.45061
502.29743
501.85082
502.4654
502.02071
501.01148
500.62759
501.15466
500.77241
499.92307
499.61082
500.04569
499.73519
499.06141
498.82683
499.17019
498.93763
498.43816
498.28351
498.53979
498.38705
498.05812
497.98293
498.15749
498.08356
497.92233
498.02486
587.60086
587.23663
588.91036
588.61609
497.71023
497.92835
497.82202
586.12629
585.302
587.64981
586.95955
497.12774
497.48814
497.26528
583.17887
581.70446
585.05711
583.74743
496.1467
496.67301
496.32091
577.99479
575.64301
580.18819
577.98156
494.73669
495.45487
494.95383
570.00818
566.60814
572.4066
569.09118
492.82579
493.74015
493.07466
558.83718
554.29266
561.20284
556.63176
490.40799
491.50619
490.67874
543.90027
538.4082
545.72175
540.14247
487.50738
488.78095
487.80582
526.68779
520.59856
527.8819
521.71176
484.16438
485.62865
484.51504
507.87773
501.4893
508.42897
501.9808
480.35822
482.05151
480.79347
488.53733
482.11626
488.50839
482.04401
476.03846
478.02392
476.59757
469.2552
463.04958
468.66789
462.42972
471.07855
473.44281
471.80396
450.95894
445.21321
449.87835
444.12032
465.30869
468.17065
466.24693
434.11329
429.0819
432.5994
427.61846
458.42807
461.92865
459.61318
419.99006
415.77606
418.43594
414.34967
450.11203
454.41575
451.5507
408.16989
404.66239
406.78954
403.44608
439.80168
444.98902
441.39643
398.36653
395.40678
397.26719
394.47569
427.24186
433.24833
428.79367
389.9866
387.4154
389.17868
386.76587
412.07194
418.41881
413.22429
382.63633
380.32163
382.1094
379.94258
395.50341
401.87259
396.22377
375.91559
373.7419
375.65321
373.62114
377.96275
384.09059
378.22271
369.51328
367.37575
369.50899
367.5129
360.268
365.96365
360.08899
363.11026
360.90485
363.36731
361.30939
342.88144
347.93004
342.25649
356.41359
354.02559
356.94866
354.71847
326.60069
330.83147
325.58238
349.04092
346.33782
349.86956
347.33339
311.83546
315.06769
310.50747
340.63058
337.45034
341.76038
338.74135
299.581
302.07384
298.30525
330.56905
326.75081
331.9231
328.22957
289.2544
291.30022
288.18302
318.51438
313.94908
319.92427
315.4109
280.54136
282.37752
279.73845
303.86921
298.65084
304.95693
299.73476
272.90784
274.68992
272.37225
287.67156
282.03299
288.35383
282.69908
266.01369
267.85813
265.73928
270.34545
264.50355
270.57381
264.71616
259.49701
261.50451
259.47863
252.70402
246.86935
252.49292
246.64237
253.06235
255.33824
253.30716
235.21088
229.59345
234.54677
228.91236
246.3838
249.04729
246.90913
218.66711
213.48329
217.58338
212.39303
239.13611
242.33531
239.97018
203.48802
198.97015
202.02047
197.54702
230.88022
234.78316
232.04196
190.83281
187.0807
189.32321
185.68061
221.17565
225.97188
222.65557
180.3501
177.27257
178.98177
176.04134
209.33825
215.11677
211.01076
171.80111
169.26848
170.65611
168.25818
195.05246
201.73783
196.68042
164.70517
162.59392
163.77919
161.78631
177.8845
184.92991
179.04982
158.76851
156.98648
158.03464
156.35204
159.18616
166.21523
159.82885
153.71981
152.19955
153.14171
151.70319
139.44533
146.12637
139.50081
149.3969
148.0936
148.94175
147.70491
119.63093
125.69304
119.08055
145.67623
144.56268
145.3147
144.25509
100.35107
105.46241
99.132759
142.50638
141.56807
142.21765
141.32367
82.702201
86.5569
80.832452
139.84361
139.0736
139.61299
138.88071
67.384449
69.640094
64.950468
137.69863
137.08799
137.52491
136.94696
55.924729
56.852394
53.449947
136.01732
135.55037
135.89684
135.45664
47.720541
47.707374
45.446379
134.75935
134.4185
134.68425
134.36207
42.436409
41.834115
40.496274
133.84699
133.62255
133.79523
133.58158
39.423966
38.553446
37.850054
133.29257
133.1829
133.2542
133.14953
37.927479
36.875511
36.577152
133.08888
133.05565
132.90339
132.96958
132.86953
132.39593
132.55719
132.35342
131.57893
131.82099
131.51758
130.48072
130.78189
130.39008
129.14782
129.48582
129.02201
127.63306
127.99056
127.47137
125.97878
126.34364
125.78288
124.22001
124.58473
123.99279
122.38039
122.7404
122.12453
120.47753
120.83003
120.19529
118.52339
118.86656
118.21647
116.52684
116.85944
116.19652
114.4942
114.81537
114.14143
112.43019
112.73929
112.05567
110.33824
110.63483
109.94252
108.22088
108.50465
107.80435
106.07989
106.35065
105.64285
103.91654
104.17416
103.45921
101.73168
101.97607
101.25419
99.525855
99.756982
99.028317
97.299391
97.517226
96.781848
95.052437
95.256965
94.514899
92.785027
92.976234
92.227472
90.497109
90.674972
89.919483
88.188608
88.353079
87.590827
85.859452
86.010441
85.241404
83.509611
83.646988
82.87115
81.139128
81.262694
80.480073
78.748189
78.857647
78.068317
76.337196
76.432121
75.636232
73.90683
73.98664
73.184437
71.458156
71.522051
70.713916
68.992791
69.039672
68.226187
66.513077
66.54146
65.72346
64.02234
64.030221
63.208895
61.525226
61.509919
60.686924
59.028154
58.986068
58.163691
56.539891
56.466247
55.647622
54.072347
53.96085
53.150211
51.641463
51.483862
50.686914
49.26859
49.054213
48.278571
46.981666
46.696907
45.952636
44.817379
44.445425
43.74559
42.821579
42.342247
41.703525
41.052337
40.443266
39.886052
39.575154
38.813277
38.361412
38.464989
37.532048
37.210645
37.790421
36.674932
36.506114
36.278812
590.72746
592.42026
590.55955
590.39686
592.20216
592.03225
589.86038
589.54829
591.46703
591.14219
588.72839
588.29194
590.28461
589.83205
587.23544
586.70019
588.73242
588.1802
585.46912
584.85876
586.90652
586.27993
583.49422
582.82813
584.87493
584.19402
581.36853
580.66228
582.69699
581.97751
579.13462
578.40015
580.4154
579.66922
576.82625
576.07268
578.06358
577.29958
574.46825
573.70236
575.66571
574.89047
572.0793
571.3061
573.23983
572.45817
569.67301
568.8962
570.79899
570.01438
567.25938
566.48163
568.35266
567.56763
564.84565
564.0689
565.90768
565.12406
562.43706
561.6627
563.46897
562.68806
560.03733
559.26636
561.04002
560.26274
557.64912
556.88223
558.6233
557.85029
555.27426
554.51193
556.22051
555.4522
552.91402
552.15656
553.83278
553.06946
550.56919
549.81682
551.46084
550.70268
548.2403
547.49313
549.10514
548.35225
545.92763
545.18571
546.76591
546.01832
543.63132
542.89469
544.44323
543.70098
541.35141
540.62008
542.13712
541.40018
539.08791
538.36187
539.84753
539.1159
536.84078
536.12005
537.57441
536.84807
534.61007
533.89465
535.31773
534.59669
532.39586
531.68582
533.07755
532.36186
530.19837
529.49382
530.85403
530.14378
528.01798
527.31912
528.64751
527.94285
525.85536
525.16246
526.45855
525.75975
523.71149
523.02498
524.28806
523.59551
521.58783
520.90833
522.13738
521.45166
519.48647
518.81485
520.00847
519.33038
517.41033
516.7478
517.90408
517.23478
515.3635
514.71174
515.8281
515.16917
513.35157
512.71287
513.78589
513.13955
511.38224
510.75971
511.78491
511.1542
509.46583
508.86364
509.83527
509.22431
507.61641
507.04007
507.95096
507.36526
505.85209
505.30871
506.15022
505.59703
504.19719
503.69559
504.458
503.94646
502.68012
502.23067
502.90401
502.44511
501.33721
500.95083
501.527
501.13248
500.20139
499.88807
500.36288
500.04356
499.30787
499.07404
499.45017
499.21286
498.66827
498.51538
498.80084
498.64647
498.28249
498.20862
498.41142
498.33713
498.14459
498.27567
590.54399
590.33385
592.28366
592.17324
497.95819
498.19136
498.1004
589.58382
589.0524
591.67741
591.34288
497.43401
497.80511
497.61241
587.49926
586.3804
590.20062
589.3227
496.53725
497.08153
496.7709
583.07163
581.01305
586.31809
584.43137
495.22764
495.98616
495.52678
575.60566
572.34114
579.27789
576.04731
493.3878
494.36265
493.7296
564.41282
559.71444
568.13719
563.20559
491.01437
492.17406
491.37567
548.14957
542.3541
550.9477
544.81167
488.17061
489.49152
488.55812
529.47034
523.09452
531.26432
524.57545
484.94206
486.43825
485.39268
509.17693
502.55124
510.03039
503.1344
481.3251
483.04345
481.88742
488.51335
481.89191
488.54402
481.67805
477.28452
479.29966
478.0146
467.9488
461.56648
467.18696
460.57186
472.70144
475.11513
473.66221
448.50826
442.63267
446.99305
440.91355
467.4176
470.3714
468.68094
430.60876
425.60178
428.37739
423.28639
461.10776
464.78625
462.74143
416.41965
412.42296
414.15027
410.22605
453.39154
458.0346
455.42867
405.02631
401.82747
403.07625
400.02196
443.46544
449.24276
445.79089
395.88415
393.2472
394.37404
391.89243
430.82884
437.66955
433.10462
388.17486
385.90793
387.09117
384.96877
414.68268
421.77749
416.28857
381.46463
379.43374
380.77307
378.87546
397.10796
404.01522
398.04448
375.34408
373.44223
375.01632
373.24185
378.50643
384.96228
378.78473
369.52716
367.66172
369.55262
367.81549
359.80992
365.6448
359.46777
363.71869
361.79818
364.10602
362.32189
341.39645
346.38934
340.41491
357.65856
355.57684
358.43824
356.50638
324.20072
328.12179
322.6099
350.96558
348.58673
352.1801
349.9626
308.67943
311.22252
306.58344
343.26708
340.39416
344.9542
342.22996
296.58187
298.22417
294.61784
333.75271
330.1506
335.84246
332.31733
286.75608
288.00796
285.16429
321.86212
317.33147
324.08554
319.4847
278.67616
279.85128
277.50365
306.42844
301.10718
308.12121
302.62214
271.66033
272.92067
270.87926
289.28655
283.51587
290.34791
284.382
265.36335
266.80541
264.94798
270.91447
264.94166
271.32298
265.15953
259.4289
261.13573
259.36686
252.27014
246.30453
252.05721
245.90131
253.59133
255.65507
253.89
233.7339
227.98334
232.87471
226.92951
247.54975
250.08605
248.23658
216.21376
210.92239
214.70718
209.23717
241.0068
244.17389
242.1293
200.09837
195.60033
197.95238
193.37725
233.50715
237.51138
235.11533
187.36959
183.80199
185.17999
181.67172
224.55279
229.65973
226.66055
177.23695
174.41582
175.31449
172.61209
213.18666
219.57778
215.64283
169.2151
166.93899
167.64766
165.49319
198.82437
206.41334
201.23194
162.62417
160.73777
161.38105
159.59867
180.52988
188.39675
182.16885
157.12495
155.53037
156.15113
154.64051
160.6184
168.24627
161.45693
152.42856
151.06089
151.66839
150.36683
139.52844
146.58242
139.53219
148.38246
147.20183
147.78795
146.65848
118.33212
124.55782
117.47611
144.87163
143.8565
144.40219
143.42651
97.511261
102.54763
95.677407
141.86414
141.00625
141.48987
140.66364
78.339013
81.762031
75.460613
139.33022
138.62934
139.03246
138.35982
61.647035
62.86535
57.806322
137.31357
136.76414
137.09222
136.56982
50.147953
49.660416
46.346501
135.75375
135.33767
135.60811
135.21564
42.451744
41.000812
39.068312
134.60012
134.29425
134.51908
134.22857
37.972959
36.07088
35.173739
133.73742
133.53232
133.68407
133.48605
35.851002
34.022879
33.684401
133.21097
133.11006
133.17073
133.07254
34.892537
33.205869
33.097512
133.01902
132.98194
132.82817
132.89114
132.78823
132.3008
132.46038
132.24891
131.44065
131.68073
131.36295
130.27472
130.56789
130.1561
128.86058
129.17885
128.69288
127.26349
127.5868
127.04638
125.5311
125.84713
125.26767
123.7011
124.00349
123.39574
121.79651
122.08224
121.45316
119.83387
120.10156
119.45567
117.82384
118.07278
117.41311
115.7743
116.00406
115.33274
113.69081
113.90112
113.2197
111.57757
111.76825
111.07784
109.43761
109.60853
108.90997
107.27314
107.42424
106.71812
105.08572
105.21699
104.50372
102.87642
102.98787
102.26772
100.64594
100.7376
100.01074
98.394716
98.46661
97.733138
96.12296
96.175115
95.435066
93.830739
93.863176
93.116546
91.51801
91.53073
90.777484
89.184653
89.177644
88.417725
86.830526
86.803739
86.037087
84.455489
84.408827
83.635392
82.059438
81.992747
81.212492
79.64234
79.555398
78.768309
77.204282
77.096767
76.302878
74.745555
74.617006
73.816423
72.266699
72.116492
71.309402
69.768602
69.595893
68.782604
67.252659
67.0563
66.237293
64.720919
64.499371
63.675355
62.176337
61.927533
61.099532
59.623083
59.344257
58.513717
57.066963
56.754433
55.923369
54.515984
54.164847
53.33605
51.981124
51.584908
50.7622
49.477233
49.027433
48.216031
47.024498
46.510036
45.717029
44.649746
44.056369
43.291351
42.389143
41.698975
40.974763
40.288988
39.480208
38.813799
38.410777
37.458621
36.871755
36.826068
35.704461
35.224097
35.624502
34.313168
33.969194
34.888045
33.375436
33.195653
32.96304
594.27166
596.18769
594.12288
593.94688
595.98798
595.80115
593.34993
593.00847
595.17447
594.81198
592.10667
591.63266
593.87089
593.36978
590.48339
589.90818
592.17809
591.57357
588.58682
587.93768
590.21229
589.53392
586.48855
585.78637
588.04907
587.31874
584.24944
583.51022
585.7505
584.98454
581.91223
581.14779
583.35933
582.56957
579.50976
578.72882
580.9078
580.10284
577.06547
576.2744
578.41862
577.60462
574.59661
573.80001
575.9082
575.08959
572.11552
571.3167
573.38822
572.56814
569.63109
568.83242
570.86699
570.04766
567.14968
566.35287
568.35042
567.53343
564.67586
563.88211
565.84269
565.02917
562.21283
561.423
563.34675
562.53748
559.76284
558.97751
560.86466
560.06017
557.32743
556.54699
558.39777
557.59841
554.90761
554.13232
555.94698
555.15297
552.50401
551.73402
553.51283
552.7243
550.11701
549.35239
551.09561
550.31262
547.74675
546.98753
548.69541
547.91797
545.39329
544.63947
546.31224
545.54033
543.05657
542.30814
543.94601
543.17957
540.73651
539.99344
541.59655
540.83557
538.43301
537.69527
539.26374
538.50817
536.14601
535.41359
536.94748
536.19729
533.87549
533.14842
534.6477
533.9029
531.62158
530.89992
532.36445
531.6251
529.38452
528.66842
530.09793
529.36413
527.16481
526.45448
527.84854
527.12048
524.96322
524.25904
525.61695
524.89497
522.78099
522.08348
523.40427
522.68885
520.6199
519.92982
521.21211
520.50396
518.48251
517.80093
519.04285
518.34299
516.37245
515.70091
516.89989
516.20977
514.29483
513.63546
514.78805
514.10973
512.25681
511.61257
512.71419
512.05057
510.26823
509.6432
510.68788
510.04305
508.34291
507.74265
508.72275
508.10234
506.49922
505.93118
506.83728
506.24899
504.76277
504.23652
505.05766
504.51158
503.16483
502.6921
503.41673
502.92548
501.74699
501.34055
501.95874
501.53637
500.54895
500.22072
500.72748
500.38721
499.61361
499.37087
499.76981
499.51952
498.95357
498.79658
499.09923
498.93842
498.56019
498.48473
498.70214
498.62516
498.41674
498.56015
594.29381
594.30868
596.28878
596.45409
498.262
498.49351
498.41973
594.15287
594.07096
596.67114
596.91533
497.81876
498.18181
498.02444
593.50954
592.95532
596.97982
596.88256
497.04775
497.59422
497.33299
590.34818
588.67628
594.68631
593.29027
495.89099
496.69041
496.27303
583.9348
580.73526
589.08532
585.92173
494.14562
495.19922
494.58122
572.98659
567.67619
578.489
572.56381
491.80595
493.04848
492.24773
554.45046
547.82181
558.3281
551.00963
489.00968
490.38799
489.46337
533.4569
526.34092
535.79243
528.11818
485.91378
487.43587
486.43179
511.05862
503.8009
512.1525
504.43503
482.53921
484.26109
483.18832
488.58391
481.38853
488.65232
481.03701
478.86541
480.87188
479.71732
466.26545
459.32806
465.34709
457.98786
474.78971
477.19451
475.92723
445.12471
438.74673
443.16273
436.37607
470.17715
473.14141
471.70113
425.50416
420.26973
422.42186
416.97258
464.70372
468.46747
466.73377
411.29289
407.43842
408.21086
404.42621
457.92552
462.85078
460.55535
400.68516
397.78903
398.16778
395.44747
448.71095
455.18309
451.85312
392.5588
390.24228
390.68325
388.541
436.01646
444.03797
439.12936
385.80458
383.83118
384.49156
382.66883
418.25326
426.44687
420.30444
379.95894
378.19651
379.13174
377.50315
399.16136
406.89727
400.27133
374.63614
372.99029
374.25063
372.7315
379.09829
386.17136
379.38268
369.59228
367.9852
369.63251
368.15415
359.03615
365.33113
358.55313
364.57767
362.9335
365.05791
363.55438
339.1981
344.49824
337.89871
359.38325
357.60871
360.35016
358.73837
320.61163
324.55211
318.43342
353.66347
351.62047
355.20083
353.34567
303.85702
305.82076
300.8815
347.04844
344.48856
349.2548
346.87894
292.12749
292.90208
289.43878
338.49797
335.04848
341.37284
337.99994
283.19678
283.66565
281.13469
326.97653
322.25079
330.13398
325.21708
276.07419
276.63229
274.60044
310.24463
304.48093
312.55754
306.42748
269.93075
270.71958
268.96071
291.65961
285.41812
293.05687
286.44973
264.43858
265.51423
263.91647
271.8316
265.40451
272.39204
265.62283
259.2786
260.69864
259.18413
251.81934
245.40046
251.61048
244.85052
254.23049
256.0697
254.57135
231.84923
225.63001
230.83163
224.24958
249.04099
251.40828
249.85683
212.86335
207.12943
210.93927
204.84185
243.46152
246.52351
244.82598
195.20717
190.50096
192.27558
187.3734
237.05446
241.07165
239.0716
182.43661
178.9849
179.49225
176.09704
229.25589
234.62412
232.00301
172.96818
170.39611
170.50988
168.08374
218.7429
225.87921
222.09577
165.77012
163.74485
163.84016
161.95153
204.33339
213.23252
207.66507
159.90892
158.23279
158.41444
156.84471
184.18975
193.29596
186.31362
155.00495
153.57755
153.84769
152.50035
162.47074
171.05932
163.4829
150.77747
149.53984
149.88102
148.70299
139.53259
147.33967
139.50369
147.09316
146.01181
146.39561
145.35746
116.44367
123.28009
115.34265
143.85442
142.91469
143.30556
142.39659
93.434649
98.934404
91.041091
141.05246
140.25459
140.6137
139.8395
71.853848
75.371416
67.850132
138.68324
138.03683
138.33394
137.71069
52.801376
53.157451
47.096264
136.83428
136.3388
136.57696
136.10774
41.519721
39.370305
36.147903
135.44442
135.07654
135.28684
134.94439
34.8522
31.708066
30.278978
134.43771
134.16233
134.36741
134.10665
31.74003
28.232991
28.112451
133.63063
133.43822
133.58819
133.3994
31.119799
28.253887
28.504111
133.12978
133.03339
133.09612
133.00016
31.023155
28.786091
28.962489
132.94549
132.91237
132.74589
132.81823
132.70914
132.19357
132.37098
132.14407
131.27755
131.54376
131.19833
130.02106
130.34285
129.8928
128.49814
128.84025
128.31085
126.79231
127.13049
126.54641
124.9586
125.27975
124.65886
123.03734
123.33586
122.68955
121.05029
121.32453
120.65941
119.0121
119.26184
118.58186
116.93157
117.15702
116.46467
114.81522
115.01658
114.31358
112.66766
112.84511
112.1327
110.49238
110.64605
109.92516
108.29192
108.42192
107.69325
106.0681
106.17456
105.43858
103.82218
103.90521
103.16225
101.55499
101.61472
100.86497
99.26705
99.303585
98.547149
96.958634
96.972073
96.209004
94.629819
94.620228
93.850519
92.280575
92.248015
91.471634
89.910752
89.855243
89.072127
87.520151
87.441707
86.651762
85.108543
85.007137
84.210267
82.67571
82.551256
81.747384
80.221448
80.073792
79.262856
77.745631
77.574562
76.756509
75.248228
75.053431
74.228251
72.729394
72.510417
71.678167
70.189488
69.945708
69.10652
67.629186
67.359779
66.513877
65.049606
64.753446
63.901212
62.45244
62.128015
61.270035
59.840186
59.485464
58.622602
57.21642
56.828683
55.962182
54.586194
54.161813
53.293436
51.956562
51.490692
50.622915
49.337322
48.823519
47.95979
46.741933
46.171682
45.316781
44.189031
43.551091
42.711672
41.703929
40.983612
40.16893
39.321793
38.500202
37.72306
37.089264
36.142646
35.420779
35.071479
33.971503
33.328826
33.348269
32.06356
31.531737
32.029064
30.532768
30.14923
31.216781
29.493018
29.295074
29.077186
598.14044
600.00482
598.03661
597.83964
599.86198
599.64704
597.18267
596.79305
598.97031
598.54374
595.80932
595.2731
597.53425
596.95064
594.03781
593.39513
595.69305
594.99843
591.99463
591.27769
593.58094
592.81068
589.75966
588.99155
591.2822
590.46092
587.3957
586.5932
588.86014
588.00528
584.94543
584.12047
586.35741
585.48113
582.44027
581.60136
583.80465
582.91551
579.90204
579.05519
581.22291
580.32685
577.34626
576.49572
578.62688
577.72804
574.78381
573.93257
576.02679
575.12805
572.22238
571.37255
573.42973
572.53309
569.66737
568.82042
570.84065
569.94751
567.12257
566.27956
568.26301
567.37434
564.59065
563.75228
565.6992
564.81567
562.07343
561.24018
563.15085
562.2729
559.57211
558.74429
560.61903
559.74691
557.08742
556.26523
558.10431
557.23821
554.61983
553.80337
555.60709
554.74708
552.16954
551.35884
553.12751
552.2736
549.73658
548.93163
550.66553
549.81768
547.32089
546.52166
548.22104
547.37921
544.92233
544.12876
545.79386
544.95796
542.54068
541.75272
543.38371
542.55369
540.17579
539.39338
540.99041
540.16618
537.8275
537.0506
538.61375
537.79526
535.49568
534.72428
536.25357
535.44078
533.18033
532.41445
533.9098
533.10272
530.88156
530.12129
531.58247
530.78116
528.59969
527.84518
529.27183
528.47641
526.33526
525.58682
526.97832
526.18907
524.08924
523.34732
524.70277
523.92011
521.86308
521.12833
522.44649
521.67103
519.65893
518.93232
520.21142
519.44408
517.47992
516.76284
518.00045
517.24258
515.33057
514.62502
515.81781
515.07139
513.21738
512.52622
513.66968
512.93757
511.14959
510.47692
511.56498
510.85135
509.14056
508.49214
509.5168
508.82761
507.20883
506.59269
507.54371
506.88744
505.38108
504.80796
505.67276
505.06102
503.69194
503.17558
503.94015
503.3881
502.18851
501.74453
502.39546
501.92075
500.91971
500.56298
501.0924
500.71207
499.93708
499.67631
500.08637
499.81025
499.25582
499.08957
499.39434
499.21987
498.85531
498.77584
498.99015
498.90716
498.70369
498.83836
598.44393
598.79481
600.41527
600.98299
498.58729
498.79374
498.73832
599.48116
600.15276
602.14323
603.37142
498.2485
498.572
498.4563
601.05804
601.64068
605.08977
606.75802
497.6565
498.16925
497.97204
599.87726
598.83875
605.26067
604.67161
496.72517
497.54972
497.17535
595.44584
592.35257
602.26631
599.32857
495.09677
496.2431
495.60641
585.64773
578.69642
593.89979
585.12519
492.75346
494.1031
493.23897
563.02434
554.73162
568.05903
558.38142
489.96507
491.40939
490.43091
538.49825
530.09605
541.23311
531.8691
486.99766
488.52974
487.51568
513.40223
505.09878
514.68473
505.61353
483.90032
485.58557
484.55494
488.74215
480.58859
488.91806
480.05189
480.65815
482.58746
481.53012
464.31486
456.4006
463.4351
454.77125
477.19363
479.48146
478.37731
440.86138
433.50576
438.67645
430.51571
473.41454
476.22235
475.03331
418.54501
412.7745
414.69184
408.42718
469.057
472.66715
471.29094
404.44078
400.73517
400.6187
396.99239
463.64486
468.57273
466.68607
395.21319
392.69407
392.30999
390.0086
455.68513
462.7476
459.56036
388.53849
386.57935
386.48525
384.70244
443.01662
452.55228
446.87032
383.01048
381.33679
381.61115
380.0686
422.69036
432.36993
424.9502
378.20432
376.70475
377.33143
375.94142
401.50387
410.36551
402.57142
373.82291
372.42535
373.42161
372.12702
379.67057
387.69249
379.8497
369.68465
368.33057
369.73582
368.48836
357.97321
365.15138
357.33313
365.60825
364.24316
366.13
364.88763
336.37316
342.54657
334.82194
361.45637
360.01097
362.50729
361.21833
315.80539
320.40061
313.07693
356.97998
355.3278
358.689
357.24319
297.09902
298.83579
293.18711
351.86311
349.69945
354.41771
352.48809
286.14718
286.11509
282.81244
344.90209
341.61532
348.4845
345.28558
278.71316
278.49804
276.35341
334.14454
328.9379
338.29114
332.63533
272.90039
272.97662
271.27469
315.34349
308.69885
318.23141
310.85416
267.84705
268.28433
266.78601
294.69208
287.59843
296.34833
288.59135
263.31094
264.09936
262.72931
273.05603
265.84091
273.77424
265.95825
259.06202
260.22783
258.9363
251.40421
244.19986
251.29982
243.4967
254.94001
256.5371
255.27815
229.70125
222.63712
228.72795
221.00692
250.76429
252.88552
251.61481
208.69978
202.09375
206.58137
199.25293
246.36428
249.16728
247.82455
188.61376
183.41894
184.98675
179.34253
241.39077
245.17995
243.63233
175.91014
172.57983
172.29495
169.03041
235.2472
240.58618
238.45579
167.64018
165.38266
164.8332
162.75974
226.20809
233.99369
230.38634
161.64219
159.89739
159.5476
157.94068
211.85565
222.46142
216.02576
156.73462
155.26833
155.15458
153.77493
188.80407
199.6124
191.17228
152.55354
151.27975
151.34133
150.12247
164.62066
174.54532
165.59671
148.8824
147.75654
147.94919
146.85764
139.45684
148.45883
139.31787
145.62059
144.61773
144.89801
143.9132
114.08333
122.12964
112.78744
142.69669
141.81027
142.12956
141.249
88.266331
95.099938
85.455842
140.12479
139.36669
139.66751
138.91049
62.994997
67.717076
57.771447
137.94252
137.33732
137.57498
136.97686
39.658234
39.891677
31.001219
136.28906
135.8449
136.01601
135.59207
29.491949
25.123686
22.250891
135.12004
134.80441
134.9666
134.67745
24.761995
19.549114
18.937601
134.31106
134.064
134.27039
134.03419
23.826021
17.946999
19.496359
133.55452
133.3661
133.53699
133.34346
25.579873
21.559249
22.796606
133.0667
132.96934
133.0473
132.94556
26.736066
24.105098
24.697115
132.8832
132.85939
132.6745
132.76603
132.64622
132.09695
132.30971
132.05584
131.11871
131.44015
131.04661
129.75682
130.15005
129.63331
128.10685
128.5277
127.92186
126.27595
126.69327
126.03079
124.32836
124.72691
124.02935
122.30601
122.68
121.95963
120.22865
120.57723
119.84026
118.10804
118.43173
117.68144
115.95076
116.25031
115.48861
113.76167
114.03763
113.26585
111.54434
111.79708
111.01622
109.3015
109.5313
108.74209
107.03516
107.24225
106.44525
104.74673
104.93128
104.12692
102.4371
102.5993
101.7878
100.10687
100.24691
99.428394
97.756349
97.874402
97.048894
95.385654
95.481857
94.649374
92.99469
93.069143
92.229631
90.583348
90.63615
89.789547
88.15134
88.18254
87.328745
85.698387
85.708048
84.846918
83.224172
83.212309
82.343712
80.72839
80.694961
79.818782
78.210725
78.155605
77.271752
75.670955
75.593987
74.702363
73.108919
73.009844
72.110392
70.52463
70.403064
69.495792
67.918243
67.77363
66.858612
65.290212
65.121832
64.199209
62.641355
62.448204
61.518267
59.972981
59.753692
58.816914
57.287089
57.03981
56.096922
54.586614
54.308849
53.36093
51.875787
51.564177
50.612788
49.160615
48.810645
47.858017
46.449574
46.055165
45.104468
43.754565
43.307601
42.363313
41.092391
40.581962
39.650485
38.486532
37.898062
36.988571
35.970584
35.284682
34.410341
33.59117
32.782502
31.962351
31.416288
30.452486
29.713669
29.535508
28.378079
27.758876
28.080114
26.689445
26.238613
27.184437
25.53174
25.303362
25.138298
601.72643
603.24693
601.70793
601.47098
603.10923
602.82623
600.78334
600.30384
602.16673
601.593
599.27968
598.62876
600.62163
599.85364
597.36704
596.59823
598.66158
597.76263
595.18461
594.33726
596.42988
595.44572
592.8216
591.92235
594.02053
592.98111
590.34113
589.40842
591.49723
590.42296
587.78578
586.8323
588.90285
587.80756
585.18532
584.21984
586.2667
585.15982
582.56001
581.58851
583.6086
582.49645
579.92366
578.95027
580.94177
579.82867
577.28583
576.31338
578.27534
577.16419
574.65302
573.68346
575.61539
574.50818
572.02975
571.06442
572.96611
571.86419
569.41912
568.45895
570.33038
569.23468
566.82328
565.86889
567.71012
566.62127
564.24365
563.29546
565.10665
564.02505
561.68116
560.73938
562.52078
561.44661
559.13625
558.20105
559.95284
558.88625
556.60924
555.68068
557.40312
556.34414
554.1002
553.17825
554.87162
553.82021
551.60903
550.69364
552.35819
551.31428
549.13558
548.22668
549.86266
548.82614
546.67962
545.77709
547.38476
546.35548
544.24081
543.34459
544.92411
543.90199
541.81894
540.92893
542.48049
541.46539
539.41376
538.52988
540.05359
539.04541
537.02506
536.14725
537.64317
536.64182
534.6527
533.78095
535.24906
534.2545
532.29667
531.431
532.87118
531.88343
529.95711
529.09763
530.50962
529.52874
527.63436
526.78131
528.16462
527.19084
525.32911
524.48292
525.83678
524.87053
523.04254
522.20376
523.52716
522.56899
520.77637
519.94591
521.23731
520.28815
518.53323
517.71242
518.96968
518.03091
516.31704
515.50788
516.72794
515.80166
514.13363
513.33905
514.51762
513.60698
511.99158
511.21589
512.34704
511.45672
509.9036
509.15312
510.22859
509.36558
507.88822
507.17207
508.18072
507.35532
505.97266
505.30364
506.23072
505.45768
504.19476
503.58993
504.41738
503.71694
502.60627
502.08607
502.79385
502.191
501.26674
500.85122
501.42313
500.94329
500.23536
499.93608
500.36674
500.02477
499.53219
499.34513
499.64774
499.43727
499.12437
499.03571
499.23218
499.13343
498.96082
499.06809
602.35214
603.17095
603.91274
605.01862
498.88442
499.04072
498.9985
604.88071
606.82034
607.13451
609.98113
498.66329
498.90778
498.83233
609.54822
612.99937
613.68591
621.36221
498.30986
498.71289
498.60573
611.39311
611.32935
619.23696
619.55834
497.68941
498.45033
498.10534
610.33849
607.80275
619.91645
618.82266
496.18637
497.39216
496.62555
604.98171
592.95085
620.34267
600.43783
493.76196
495.25532
494.14142
573.9015
562.2633
579.82168
565.16061
490.90392
492.46203
491.24349
544.20155
533.5533
547.14772
534.51188
488.03268
489.59284
488.40831
516.11124
506.00129
517.70743
505.89739
485.21607
486.84173
485.7087
489.20102
479.35615
489.8548
478.37626
482.42122
484.19983
483.10102
462.64123
452.93412
462.42815
450.98888
479.59956
481.62202
480.54917
436.38083
427.03454
434.99688
423.58001
476.72196
479.10256
478.05917
410.0399
402.99291
407.05454
398.49918
473.67251
476.64435
475.59834
396.12808
392.60041
392.47546
389.09653
470.03882
474.1742
472.81111
389.12595
387.06207
386.48954
384.66645
464.10009
470.72682
467.78048
384.31128
382.684
382.57187
381.03089
451.48985
462.3198
454.4958
380.1494
378.70408
379.0097
377.57757
427.31347
439.2433
428.79468
376.42291
375.10913
375.72605
374.41108
403.55483
414.26834
403.9662
373.01063
371.78789
372.70809
371.4855
379.92293
389.72592
379.6105
369.8014
368.63066
369.87908
368.71589
356.55811
365.6311
355.56056
366.69273
365.54494
367.16577
366.04612
333.08921
341.44436
331.27741
363.63023
362.47589
364.54795
363.47096
309.91085
316.99589
306.77686
360.53411
359.2908
362.01971
360.95133
288.30377
291.94821
284.26767
357.24108
355.57438
359.50796
358.13366
278.90325
278.84727
275.78507
352.6954
349.60438
356.0415
353.11081
273.77055
273.37778
271.66364
343.45667
337.08697
347.7139
339.96786
269.52594
269.58171
268.09467
321.57339
313.11271
324.87245
314.51466
265.64209
266.09795
264.69315
298.18928
289.50248
300.09699
289.85909
262.08898
262.85009
261.5439
274.62686
265.97226
275.69087
265.61431
258.77819
259.84189
258.62004
251.2999
242.66093
251.67198
241.61527
255.60914
257.01199
255.84526
227.83833
219.19647
227.50075
217.32106
252.48809
254.29172
253.16317
204.36694
195.97187
203.0011
192.7399
249.34919
251.65953
250.56186
180.63604
174.28129
177.82095
170.09834
246.03203
249.10303
247.98059
168.06988
164.88986
164.63727
161.58989
242.01093
246.46831
244.9581
161.77112
159.90057
159.23752
157.57453
235.30912
242.62689
239.30509
157.33632
155.84898
155.5722
154.14309
221.05895
233.15209
224.30821
153.50762
152.18318
152.22261
150.87429
193.66207
207.06279
195.18807
150.08012
148.88471
149.10508
147.85823
166.48551
178.60938
166.76323
146.98166
145.89524
146.23838
145.08785
139.06909
150.28137
138.43225
144.1516
143.15698
143.58427
142.51346
111.34427
121.89447
109.72504
141.54523
140.64355
141.1056
140.11847
82.406141
92.404777
79.379246
139.19181
138.41122
138.83504
137.97157
51.712998
60.634244
45.584786
137.18869
136.57939
136.8906
136.22573
19.311091
22.868359
3.2423471
135.72419
135.31235
135.48515
135.06468
13.592532
3.6152529
3.1218186
134.81413
134.55132
134.67399
134.43596
12.170067
3.0978312
3.4207294
134.26088
134.03064
134.23594
133.99905
14.600444
3.0609486
9.7600271
133.53806
133.32994
133.55786
133.31273
19.93214
14.722059
17.576738
133.03582
132.92533
133.03922
132.91084
22.69477
19.92896
21.084807
132.84068
132.82575
132.62205
132.73807
132.59401
132.01883
132.28712
131.97092
130.97665
131.39861
130.89381
129.50781
130.04954
129.37879
127.73053
128.33476
127.55206
125.77611
126.39661
125.55027
123.71942
124.33383
123.45196
121.60162
122.20125
121.29772
119.44
120.02327
119.10388
117.24277
117.81005
116.87732
115.01423
115.56618
114.62152
112.75762
113.29462
112.33908
110.47551
110.99777
110.03221
108.16993
108.67756
107.70267
105.84243
106.33555
105.3518
103.49401
103.97269
102.98044
101.12523
101.58958
100.58905
98.736473
99.186693
98.177906
96.327834
96.764103
95.747045
93.899315
94.321796
93.296403
91.450622
91.859421
90.825608
88.981615
89.376894
88.334522
86.49184
86.873676
85.822612
83.980962
84.349508
83.28954
81.448586
81.803936
80.734877
78.894325
79.236538
78.158195
76.317744
76.646765
75.559013
73.718549
74.034348
72.937022
71.096456
71.398899
70.291886
68.451352
68.740212
67.623447
65.783192
66.058062
64.93158
63.092237
63.352621
62.21649
60.379032
60.62417
59.47862
57.644532
57.873352
56.718792
54.890281
55.101283
53.938386
52.118624
52.309744
51.139536
49.333036
49.501434
48.325447
46.538552
46.680359
45.500807
43.742404
43.852273
42.672411
40.95503
41.025727
39.85021
38.191457
38.212979
37.04863
35.473352
35.431916
34.288781
32.832503
32.709023
31.601986
30.315342
30.083548
29.034991
27.991393
27.615169
26.658574
25.960681
25.392427
24.578151
24.371496
23.552051
22.947495
23.40109
22.258581
21.956219
21.792446
603.34784
603.20031
602.91235
602.25808
601.67417
600.7106
599.9305
598.74774
597.83553
596.51295
595.51497
594.10067
593.04714
591.57464
590.48613
588.97774
587.86819
586.33928
585.21818
583.67903
582.55274
581.01023
579.88307
578.34193
577.21682
575.68021
574.55913
573.02923
571.91355
570.39185
569.2825
567.77
566.6676
565.16496
564.06992
562.57755
561.49004
560.00811
558.92828
557.4569
556.38478
554.92392
553.85947
552.40904
551.35217
549.91206
548.86268
547.43272
546.39067
544.97065
543.93583
542.5256
541.49788
540.09728
539.07656
537.68544
536.67163
535.28991
534.28297
532.91059
531.91054
530.54759
529.55448
528.20114
527.2152
525.87183
524.89348
523.56071
522.5905
521.26932
520.30819
519.00008
518.04943
516.75667
515.8186
514.54461
513.62226
512.37216
511.47028
510.25172
509.37735
508.20173
507.36526
506.24945
505.46584
504.43374
503.72353
502.8078
502.19645
501.43479
500.94838
500.37634
500.03014
499.6558
499.44315
499.23945
499.13978
499.0752
604.01562
605.14146
603.66094
604.74614
604.47432
602.33434
603.5551
603.05061
600.54676
601.82895
601.19
598.40688
599.72218
598.99319
596.05292
597.38096
596.59575
593.55762
594.88749
594.06618
590.97431
592.29867
591.45528
588.33767
589.65207
588.796
585.67179
586.97357
586.11115
582.99256
584.28024
583.41565
580.31062
581.58338
580.71938
577.63318
578.89056
578.02901
574.96509
576.20685
575.34903
572.3097
573.53573
572.68248
569.66928
570.87956
570.03147
567.04536
568.23993
567.39738
564.43891
565.61788
564.78111
561.8505
563.01401
562.18313
559.28039
560.4286
559.60367
556.72868
557.86175
557.04276
554.19527
555.31339
554.50028
551.67996
552.78331
551.97601
549.18253
550.27127
549.46968
546.70266
547.77697
546.98098
544.23998
545.30001
544.50951
541.79423
542.84009
542.05498
539.3651
540.39689
539.61707
536.95234
537.97012
537.1955
534.55579
535.55955
534.79009
532.17537
533.16504
532.40071
529.81121
530.7866
530.02744
527.4636
528.4244
527.67053
525.13324
526.07892
525.33055
522.82118
523.75098
523.00848
520.52917
521.44193
520.70588
518.25984
519.15387
518.42516
516.01722
516.89003
516.17004
513.80736
514.65535
513.94615
511.63939
512.45725
511.76202
509.52708
510.30713
509.63067
507.49102
508.22209
507.57176
505.56204
506.22857
505.61546
503.78418
504.36541
503.80594
502.21825
502.69059
502.20703
500.93467
501.27754
500.89627
499.9972
500.21122
499.94951
499.40994
499.52408
499.37187
499.11045
499.15226
499.08015
499.00569
607.28729
610.18806
606.88498
609.5193
609.01656
605.19623
607.66198
606.96903
603.09184
605.42609
604.65345
600.71129
602.95229
602.12951
598.17361
600.34061
599.48586
595.53512
597.63861
596.76369
592.83751
594.88401
593.99829
590.10778
592.10293
591.21281
587.36443
589.31313
588.42278
584.61911
586.52551
585.63743
581.87928
583.74661
582.86232
579.14985
580.9805
580.10096
576.43405
578.2298
577.35563
573.7341
575.49628
574.62789
571.05149
572.78115
571.91882
568.38717
570.08517
569.22907
565.7417
567.40877
566.55897
563.11536
564.7521
563.90861
560.50818
562.11514
561.2779
557.92004
559.49768
558.66661
555.35071
556.89945
556.07444
552.7999
554.32008
553.50102
550.26726
551.75922
550.94596
547.75241
549.21642
548.40882
545.25489
546.69119
545.88911
542.77436
544.18314
543.38644
540.31044
541.69183
540.90037
537.86276
539.21683
538.43049
535.43105
536.75779
535.97645
533.01508
534.31436
533.53794
530.61478
531.88634
531.11478
528.23022
529.47361
528.70691
525.86171
527.07623
526.31444
523.50987
524.69446
523.93773
521.17578
522.32893
521.57755
518.86123
519.98074
519.23517
516.569
517.65167
516.91272
514.30348
515.34469
514.61362
512.07145
513.06442
512.34331
509.88373
510.81851
510.11075
507.75735
508.61912
507.93059
505.72053
506.48777
505.82868
503.81775
504.45993
503.84869
502.12195
502.60247
502.06994
500.73238
501.01852
500.61076
499.76681
499.8795
499.62635
499.23126
499.26534
499.14351
498.98194
498.99609
498.93595
498.84345
498.86212
498.94
498.87673
498.93207
498.62803
498.98718
498.80771
498.8191
499.11897
498.80552
498.13266
498.05921
497.40114
497.4418
498.18352
497.43629
496.65207
620.50993
600.93673
633.49403
621.27466
618.66862
607.70634
608.43083
620.89049
618.56202
614.81703
605.95969
605.14767
616.15332
614.81839
611.48238
603.12772
602.26247
612.70318
611.48999
608.26027
600.17073
599.29886
609.42645
608.26923
605.12134
597.26001
596.40033
606.26564
605.13153
602.03625
594.38643
593.53644
603.16319
602.04754
598.99317
591.54725
590.70617
600.10578
599.0056
595.98422
588.73747
587.90437
597.08454
595.99782
593.00505
585.95459
585.12896
594.09492
593.01991
590.05325
583.19678
582.37831
591.13393
590.06943
587.12779
580.46329
579.65179
588.19995
587.14526
584.22808
577.75354
576.94891
585.29205
584.24682
581.35375
575.06727
574.26941
582.40971
581.37374
578.50427
572.40408
571.61285
579.55241
578.5255
575.67903
569.76348
568.97873
576.71956
575.70149
572.87737
567.14493
566.3665
573.91051
572.90105
570.09863
564.54787
563.7756
571.12463
570.12352
567.34214
561.97173
561.20548
568.36125
567.36826
564.60731
559.41606
558.65565
565.61975
564.63464
561.89346
556.88021
556.12549
562.89947
561.92201
559.19997
554.3637
553.61452
560.1998
559.22975
556.52622
551.86599
551.12218
557.52009
556.55722
553.87155
549.38654
548.64795
554.85972
553.90378
551.23534
546.92478
546.19127
552.21805
551.26882
548.61699
544.48025
543.75165
549.59446
548.6517
546.01581
542.05235
541.32849
546.98829
546.05178
543.43118
539.64055
538.92129
544.39894
543.46842
540.86249
537.24434
536.52952
541.82575
540.90101
538.30907
534.86319
534.15266
539.2681
538.34888
535.7703
532.49658
531.79021
536.72534
535.81142
533.24551
530.14402
529.44166
534.19683
533.28796
530.73409
527.80504
527.10655
531.68194
530.77788
528.23533
525.47917
524.78442
529.18
528.28049
525.74854
523.16592
522.47478
526.69032
525.79509
523.27297
520.86489
520.17726
524.21221
523.32094
520.80776
518.57565
517.8914
521.74489
520.8572
518.35184
516.29771
515.61668
519.28748
518.40279
515.90361
514.03039
513.35228
516.83882
515.95612
513.46022
511.77231
511.09647
514.39712
513.51438
511.01596
509.5207
508.84545
511.95926
511.07189
508.55699
507.2675
506.58881
509.51834
508.61491
506.04765
504.99583
504.30007
507.0589
506.10772
503.37115
502.62812
501.87951
504.53486
503.43649
500.18388
500.06002
498.91668
501.84118
500.23874
495.25754
494.80704
490.70928
498.54337
495.06912
490.67062
495.67576
494.61456
494.70947
495.82204
494.67791
494.16322
580.24849
565.33309
578.14096
566.29183
566.43748
576.33355
565.53013
565.06549
574.31296
563.92941
563.36112
572.12825
562.06865
561.45689
569.91225
560.12295
559.49948
567.69293
558.15326
557.52849
565.48631
556.18645
555.56495
563.29634
554.23169
553.61491
561.12476
552.2926
551.681
558.97149
550.36981
549.76339
556.83642
548.46336
547.86205
554.71933
546.57297
545.97669
552.6201
544.69848
544.10717
550.53852
542.83972
542.25331
548.47433
540.99649
540.41491
546.42726
539.16858
538.59178
544.39703
537.35581
536.78371
542.38334
535.55796
534.99051
540.38594
533.77491
533.21205
538.40449
532.00636
531.44804
536.43883
530.25227
529.69845
534.48868
528.51246
527.96309
532.55377
526.78679
526.24182
530.63384
525.07508
524.53445
528.7286
523.37716
522.84083
526.83783
521.69291
521.16083
524.96127
520.02217
519.49431
523.09873
518.36486
517.84118
521.25003
516.72089
516.2014
519.41503
515.09027
514.57497
517.59372
513.4731
512.96204
515.78606
511.86951
511.36275
513.99216
510.27977
509.77744
512.21233
508.70436
508.20666
510.44704
507.144
506.65121
508.69689
505.59965
505.11213
506.96269
504.07256
503.59075
505.24516
502.56422
502.08855
503.54422
501.07582
500.60647
501.85735
499.60757
499.14358
500.17345
498.15375
497.69151
498.46161
496.70017
496.22533
496.61609
495.17453
494.66024
494.38043
493.52234
492.80816
491.15475
490.87404
489.88569
491.25758
489.96065
492.56689
491.48739
491.57111
492.73233
491.56766
491.26308
547.36827
534.54962
545.60726
535.7234
535.89775
544.56049
535.34762
535.06305
543.29249
534.33881
533.96845
541.83033
533.10387
532.69409
540.31189
531.7912
531.37029
538.77666
530.45594
530.03418
537.24799
529.1253
528.70714
535.73185
527.80734
527.39381
534.23051
526.50432
526.09544
532.74352
525.21546
524.81089
531.27052
523.93997
523.53937
529.81065
522.67665
522.27973
528.36359
521.42488
521.03149
526.92902
520.18423
519.79426
525.50676
518.95443
518.56783
524.09665
517.73534
517.35208
522.69861
516.52689
516.14696
521.31257
515.32904
514.95248
519.9387
514.14205
513.76885
518.5767
512.96569
512.59585
517.22671
511.80015
511.43372
515.88874
510.6455
510.28251
514.56281
509.50187
509.14236
513.24894
508.36935
508.01337
511.94727
507.24815
506.89573
510.6577
506.13829
505.78945
509.38034
505.03991
504.69471
508.11527
503.95318
503.6117
506.86266
502.87834
502.54066
505.62277
501.81572
501.48197
504.39598
500.76576
500.43613
503.18285
499.72909
499.40378
501.984
498.70643
498.38573
500.80036
497.69875
497.38307
499.63331
496.70753
496.39742
498.48461
495.73465
495.43086
497.35664
494.78269
494.48622
496.25243
493.8551
493.56724
495.17551
492.95632
492.67877
494.12952
492.09204
491.82677
493.11597
491.26854
491.0178
492.13113
490.49335
490.2586
491.1521
489.76813
489.55249
490.14715
489.11523
488.90998
489.23153
488.54621
488.21066
489.19347
488.27757
489.61161
488.64533
488.70427
489.79682
488.72686
488.43023
517.83963
505.86543
516.13645
506.86148
507.01461
515.44644
506.64165
506.446
514.60489
505.95071
505.70997
513.67091
505.16912
504.91964
512.72268
504.38295
504.13922
511.78656
503.62015
503.38574
510.87197
502.88726
502.66185
509.97778
502.18053
501.96234
509.10103
501.49451
501.28181
508.23826
500.82399
500.61539
507.38699
500.16527
499.95986
506.5455
499.51587
499.31305
505.71279
498.8743
498.67375
504.88821
498.23969
498.04121
504.07147
497.61159
497.41511
503.26249
496.98986
496.79538
502.46129
496.37453
496.18208
501.66801
495.76574
495.57539
500.88285
495.16377
494.97559
500.1059
494.56876
494.38283
499.33749
493.98107
493.79749
498.57784
493.40099
493.21988
497.82725
492.82889
492.65036
497.08601
492.26515
492.08931
496.35432
491.71004
491.53699
495.63251
491.16395
490.99382
494.92093
490.62727
490.46019
494.21988
490.10041
489.93651
493.52983
489.58383
489.42331
492.85135
489.07817
488.92123
492.18514
488.58416
488.43107
491.53197
488.10261
487.95367
490.89292
487.63458
487.49023
490.26953
487.18159
487.04238
489.66378
486.74558
486.61226
489.07834
486.32915
486.20276
488.51692
485.93592
485.81793
487.98474
485.57103
485.46355
487.4894
485.2421
485.14831
487.04197
484.96036
484.88536
486.66007
484.74478
484.69685
486.37152
484.62478
484.6197
486.2282
484.66389
484.72587
486.3212
484.93197
485.1286
487.00776
485.86328
485.9492
486.9338
486.01858
486.91755
486.06009
486.0721
487.11175
486.13543
485.73887
489.92355
478.28517
488.29038
479.25354
479.37517
487.72504
479.0183
478.85323
487.15324
478.4936
478.34308
486.63104
478.05519
477.94209
486.1861
477.73609
477.65757
485.80752
477.51425
477.46131
485.48039
477.36314
477.32752
485.1881
477.25805
477.23335
484.91902
477.18198
477.16395
484.66471
477.12326
477.10923
484.42032
477.07518
477.06352
484.18245
477.0333
477.02307
483.9495
476.9954
476.98614
483.72051
476.96025
476.95171
483.49512
476.92732
476.91943
483.27326
476.8965
476.88928
483.0551
476.86792
476.86145
482.84088
476.84185
476.83628
482.63118
476.81893
476.81437
482.42608
476.79932
476.79591
482.22615
476.78359
476.7815
482.03184
476.77227
476.77168
481.84366
476.76593
476.76703
481.66212
476.76515
476.76812
481.48778
476.77056
476.77557
481.32099
476.78258
476.78981
481.16238
476.80188
476.81153
481.01249
476.82905
476.84134
480.87199
476.8648
476.87996
480.74166
476.90993
476.92825
480.62239
476.96534
476.98713
480.51531
477.03214
477.0578
480.42172
477.1116
477.14159
480.34335
477.20531
477.24028
480.28259
477.31553
477.35632
480.24264
477.44518
477.49298
480.22807
477.59846
477.65496
480.24559
477.78137
477.84917
480.30564
478.00339
478.08651
480.42479
478.27889
478.38434
480.63321
478.63501
478.77498
480.98335
479.1153
479.31603
481.58493
479.83049
480.13243
482.61062
480.88754
481.41798
484.59201
483.07609
483.46769
484.50392
483.53811
484.38063
483.61954
483.56756
484.60216
483.68879
483.1444
462.44083
450.83069
460.48133
451.47175
451.42312
459.76528
450.85615
450.64634
459.32887
450.33033
450.24607
459.17459
450.1939
450.21792
459.23669
450.36034
450.45864
459.4403
450.72138
450.86455
459.73114
451.19859
451.36723
460.07134
451.73961
451.92175
460.4387
452.31423
452.5031
460.81974
452.90488
453.09667
461.20713
453.50209
453.69478
461.59676
454.1007
454.29325
461.98664
454.69826
454.89018
462.37579
455.29356
455.48465
462.76393
455.88622
456.07647
463.15116
456.47635
456.66585
463.53785
457.06432
457.25323
463.92446
457.65066
457.83917
464.31157
458.23598
458.42428
464.69972
458.8209
459.00923
465.08962
459.40618
459.59477
465.48195
459.99256
460.18166
465.87743
460.58083
460.77069
466.27679
461.1718
461.36266
466.68063
461.76614
461.95823
467.08971
462.36464
462.55821
467.50479
462.96813
463.16346
467.92662
463.57742
463.77477
468.35606
464.19338
464.39304
468.79405
464.81697
465.01928
469.24164
465.44926
465.65455
469.69997
466.09134
466.30002
470.17046
466.74454
466.9571
470.655
467.41059
467.62768
471.156
468.09166
468.31409
471.67671
468.79059
469.01951
472.22182
469.51145
469.74851
472.79824
470.26008
470.5078
473.41687
471.04569
471.30783
474.0949
471.88154
472.16468
474.86549
472.79376
473.10952
475.79077
473.82366
474.20203
477.02226
475.10707
475.60032
478.82916
476.78184
477.59837
482.05009
480.15111
480.81985
481.95257
480.89309
481.92456
481.28535
481.13869
482.19212
481.34953
480.61178
434.93164
423.28725
432.3011
422.70466
421.95636
431.10665
420.81657
420.48562
430.76293
420.22617
420.22746
431.0201
420.48652
420.68098
431.66669
421.27385
421.58783
432.52377
422.34445
422.72005
433.49386
423.55901
423.96378
434.517
424.83753
425.25443
435.56382
426.14195
426.56284
436.61804
427.45282
427.87379
437.67213
428.76145
429.18069
438.72199
430.06347
430.48022
439.76611
431.35732
431.77132
440.80394
432.64252
433.05378
441.83556
433.91928
434.32794
442.86141
435.18813
435.59442
443.88216
436.44984
436.85402
444.89853
437.70524
438.10762
445.91144
438.95534
439.35618
446.92158
440.20094
440.60055
447.92991
441.44305
441.84177
448.93732
442.68268
443.0808
449.94474
443.92079
444.31865
450.95312
445.15844
445.55636
451.96335
446.3966
446.79488
452.97627
447.63619
448.03514
453.99287
448.87825
449.2782
455.01409
450.12378
450.52506
456.04093
451.37381
451.77675
457.07444
452.62943
453.03439
458.11576
453.89175
454.29913
459.16614
455.16203
455.57221
460.22694
456.44152
456.85494
461.29982
457.73171
458.14891
462.38695
459.03441
459.45608
463.49114
460.35196
460.77905
464.61648
461.68776
462.12163
465.76879
463.04664
463.48924
466.95671
464.43591
464.88955
468.19189
465.86326
466.33093
469.49702
467.34162
467.82682
470.91688
468.87801
469.39942
472.61186
470.57426
471.1769
474.94648
472.50652
473.50435
479.3599
476.75147
477.78111
479.2336
477.84339
479.56696
479.15329
478.82717
479.89861
479.21164
478.15015
406.88898
398.12419
396.14901
391.51445
384.66516
384.71996
477.3707
477.35885
476.73955
477.82151
477.39595
475.73447
392.18728
388.85017
384.60421
385.71852
383.89078
384.63568
383.98488
475.62389
476.18385
475.0662
476.44549
476.18556
473.01563
386.29645
384.49758
383.32621
383.42678
382.44136
383.2982
382.52299
474.17065
475.45707
472.80659
475.8099
475.43311
468.07145
382.45318
380.91332
381.00759
380.37987
379.71105
380.93407
379.80439
383.90152
376.0001
380.26203
380.32876
383.79505
375.97603
387.11428
384.56024
385.76028
385.43742
387.00382
389.66114
387.58417
388.33295
388.52755
389.57912
392.03568
389.95646
390.62703
391.0642
391.95866
394.32105
392.12913
392.7648
393.40882
394.2453
396.56058
394.22091
394.83955
395.67444
396.48447
398.76844
396.26669
396.87436
397.89647
398.6914
400.95145
398.28195
398.88159
400.08876
400.87321
403.11305
400.27348
400.86656
402.25735
403.03351
405.25557
402.24517
402.83256
404.4056
405.17464
407.38075
404.19941
404.78174
406.53567
407.29839
409.49015
406.13804
406.71581
408.64928
409.40632
411.58523
408.06259
408.63623
410.74798
411.49989
413.66737
409.97444
410.54436
412.83319
413.58049
415.7379
411.87489
412.44149
414.90627
415.64944
417.79817
413.76523
414.32888
416.96856
417.7081
419.84947
415.64667
416.20773
419.02137
419.75776
421.89311
417.52042
418.07927
421.06601
421.79971
423.93037
419.38769
419.94468
423.10375
423.83524
425.96251
421.24967
421.80515
425.13588
425.86562
427.99077
423.1075
423.66183
427.16365
427.89209
430.01645
424.9624
425.51592
429.18832
429.91593
432.04075
426.81548
427.36855
431.21112
431.93836
434.06491
428.66791
429.22086
433.2333
433.9606
436.09015
430.52083
431.07402
435.25607
435.98388
438.11769
432.37539
432.92914
437.28065
438.00942
440.14873
434.2327
434.78736
439.30826
440.03842
442.18446
436.09389
436.64981
441.34007
442.07207
444.22611
437.96014
438.51767
443.37732
444.1116
446.2749
439.8326
440.39208
445.4212
446.15821
448.33198
441.7124
442.27418
447.47293
448.21307
450.3985
443.60073
444.16515
449.53368
450.27734
452.47548
445.49868
446.06605
451.60451
452.35203
454.56374
447.40717
447.97773
453.68617
454.43801
456.66428
449.32689
449.901
455.77908
456.53633
458.78
451.25929
451.83781
457.88441
458.64984
460.91849
453.20844
453.79405
460.00681
460.7858
463.1005
455.18781
455.78632
462.16202
462.96379
465.36071
457.22332
457.8496
464.38455
465.21608
467.777
459.38508
460.0525
466.75581
467.61681
470.33946
461.70229
462.43854
469.32786
470.15834
473.06599
464.27335
464.99451
472.19541
472.88446
475.2958
466.55229
466.95111
474.71198
475.15588
475.7565
467.37733
466.9451
475.70728
475.66687
468.94752
464.68268
461.84505
475.15345
454.67266
378.93559
377.49685
377.96622
377.10477
376.63212
377.88306
376.73266
377.42941
375.0971
376.56413
376.48924
375.18519
382.18118
379.69018
380.74059
384.54075
382.2528
382.89837
386.47946
384.12818
384.65263
388.16135
385.68063
386.14228
389.74028
387.09073
387.52335
391.26047
388.42636
388.84276
392.74661
389.72061
390.1272
394.20889
390.98807
391.38783
395.65314
392.23647
392.63104
397.08253
393.4699
393.86023
398.49919
394.69088
395.07758
399.90464
395.90112
396.28464
401.30015
397.10192
397.48263
402.68683
398.29435
398.67257
404.06574
399.4794
399.85542
405.43779
400.65793
401.03201
406.80399
401.83081
402.20324
408.16524
402.99889
403.36992
409.52246
404.16297
404.53286
410.87654
405.32383
405.69284
412.2284
406.4823
406.85068
413.57895
407.63919
408.0072
414.9291
408.79531
409.16321
416.27976
409.95148
410.31952
417.63181
411.10848
411.47692
418.98617
412.26712
412.63622
420.34377
413.42826
413.7983
421.70562
414.59282
414.96411
423.07269
415.76172
416.13454
424.44603
416.93589
417.31058
425.82682
418.11648
418.49342
427.21625
419.3047
419.6843
428.61566
420.50192
420.88467
430.02679
421.70986
422.0965
431.45271
422.9312
423.32291
432.89912
424.17023
424.56904
434.37691
425.43461
425.84334
435.90103
426.73309
427.15493
437.48764
428.07521
428.50755
439.10854
429.43789
429.86435
440.64935
430.74841
431.1088
441.69882
431.74851
431.91766
441.62808
431.9855
431.82886
440.05232
431.17479
430.47605
428.86922
375.68191
374.35963
375.04505
374.14349
373.80712
374.96741
373.90347
375.02035
373.3859
374.2188
374.38517
373.46376
377.85979
375.8991
376.50888
379.48725
377.45566
377.86003
380.80421
378.6339
378.96084
381.90931
379.5979
379.879
382.91716
380.45264
380.70996
383.86827
381.2454
381.4888
384.78671
382.0023
382.23719
385.6833
382.73608
382.96519
386.56437
383.45391
383.67882
387.43333
384.15973
384.38132
388.29235
384.85592
385.07478
389.14287
385.54405
385.76056
389.98598
386.22519
386.43966
390.82256
386.90023
387.11288
391.65334
387.56985
387.78089
392.47904
388.23467
388.44429
393.30033
388.89529
389.10368
394.11784
389.55227
389.75959
394.93219
390.20614
390.41256
395.74396
390.85739
391.06309
396.55385
391.50663
391.71176
397.36242
392.15433
392.35907
398.17031
392.80104
393.00556
398.97815
393.44731
393.65177
399.78655
394.09366
394.29825
400.59617
394.74066
394.94555
401.40769
395.38888
395.59429
402.22202
396.03913
396.24531
403.03992
396.69214
396.89932
403.86223
397.34862
397.55709
404.69011
398.00964
398.21977
405.52485
398.67642
398.88866
406.36803
399.35045
399.56535
407.22174
400.03366
400.25201
408.08905
400.72881
400.9517
408.97429
401.43963
401.6685
409.8832
402.17108
402.40738
410.81985
402.92701
403.17109
411.78004
403.70658
403.95411
412.72789
404.4874
404.72404
413.57067
405.2108
405.40289
414.10776
405.74333
405.83656
414.1074
405.89767
405.84658
413.79695
405.60598
405.23208
403.96998
372.69047
371.46136
372.35805
371.43688
371.22154
372.28355
371.30806
372.34839
371.11274
371.47802
372.10842
371.19088
373.546
371.97596
372.17239
374.29887
372.49762
372.63765
374.91674
372.91432
373.02968
375.42889
373.25523
373.35194
375.8835
373.54718
373.63187
376.301
373.80584
373.88239
376.69526
374.04247
374.11354
377.07362
374.26393
374.33113
377.44064
374.47461
374.53898
377.799
374.6772
374.73937
378.15039
374.87339
374.93377
378.49591
375.0643
375.12316
378.83636
375.25068
375.30821
379.17235
375.43308
375.48944
379.50442
375.61198
375.66729
379.8329
375.78765
375.84199
380.1582
375.96042
376.01389
380.48071
376.13057
376.18326
380.80076
376.29838
376.35037
381.11867
376.46408
376.51544
381.43478
376.6279
376.67871
381.74945
376.79012
376.84047
382.06305
376.95101
377.00098
382.37591
377.11083
377.1605
382.6884
377.26985
377.31932
383.00094
377.42839
377.47776
383.31398
377.58679
377.6362
383.62809
377.74553
377.79514
383.94389
377.90511
377.9551
384.26214
378.06617
378.11679
384.58384
378.22959
378.28116
384.91025
378.39648
378.44944
385.243
378.56831
378.62324
385.58436
378.74715
378.80485
385.93743
378.93584
378.99744
386.30625
379.13824
379.20516
386.69542
379.35907
379.43283
387.108
379.60288
379.68448
387.5412
379.87157
379.95998
387.97635
380.15831
380.24839
388.36931
380.44101
380.52122
388.6422
380.67551
380.72867
388.72638
380.80465
380.8125
388.87488
380.7962
380.55832
379.56758
369.88741
368.71867
369.84373
368.87567
368.77605
369.76815
368.85377
369.51106
368.62326
368.60401
369.6687
368.70067
369.18912
367.97762
367.78305
369.06154
367.5
367.3811
368.97284
367.16778
367.07425
368.89354
366.89359
366.80819
368.80481
366.63095
366.54565
368.70444
366.36552
366.27846
368.59383
366.09386
366.00486
368.47531
365.81645
365.72588
368.35078
365.53445
365.44266
368.22162
365.2489
365.15615
368.08873
364.96052
364.86698
367.95273
364.66981
364.5756
367.81404
364.37707
364.28229
367.67293
364.08254
363.9872
367.52955
363.78627
363.69039
367.38406
363.48832
363.39192
367.23656
363.18872
363.0918
367.08714
362.88747
362.79003
366.93588
362.58455
362.48658
366.78281
362.27993
362.18142
366.62806
361.97361
361.87454
366.47161
361.66552
361.56588
366.31358
361.35564
361.25543
366.15403
361.04396
360.94318
365.99307
360.73049
360.62915
365.83086
360.41529
360.31339
365.66754
360.09836
359.99596
365.50352
359.77999
359.67717
365.33916
359.46041
359.35726
365.1749
359.13994
359.03663
365.01161
358.81924
358.71601
364.85036
358.49919
358.39641
364.69272
358.18109
358.07932
364.54102
357.86696
357.76703
364.39856
357.55975
357.46287
364.27007
357.26387
357.17181
364.16166
356.9854
356.90064
364.08108
356.73317
356.659
364.03619
356.51805
356.45895
364.0345
356.35584
356.31724
364.07848
356.26307
356.25217
364.16811
356.26501
356.28831
364.29907
356.37573
356.42445
364.66519
356.55118
356.3885
355.47118
367.20116
366.07809
367.42772
366.40433
366.43651
367.35121
366.50707
366.53049
365.96404
365.5736
367.10694
366.04287
364.67969
363.78996
363.22599
363.73928
362.4072
362.05712
362.98248
361.39551
361.10647
362.32355
360.53324
360.26831
361.68809
359.71566
359.45734
361.06004
358.91297
358.657
360.43274
358.11501
357.85995
359.80531
357.31943
357.06495
359.17748
356.52532
356.27126
358.54938
355.73239
355.47867
357.92104
354.9404
354.68698
357.29252
354.14923
353.89606
356.66378
353.35871
353.10573
356.03472
352.56864
352.31577
355.40523
351.77878
351.52592
354.77507
350.98882
350.73589
354.14409
350.19849
349.94541
353.51207
349.40751
349.15416
352.8788
348.61554
348.36182
352.24404
347.82228
347.56808
351.60752
347.02733
346.77254
350.96903
346.23039
345.97491
350.32836
345.43114
345.17487
349.68527
344.62924
344.37208
349.03961
343.82443
343.56629
348.39124
343.01645
342.75725
347.73999
342.20503
341.94469
347.08582
341.38997
341.12844
346.42878
340.57113
340.30842
345.76914
339.74863
339.4848
345.10738
338.92273
338.6579
344.4442
338.09386
337.82825
343.78086
337.26292
336.99696
343.11948
336.43156
336.16597
342.46335
335.60242
335.33842
341.81789
334.78019
334.51977
341.1913
333.97193
333.71854
340.59756
333.19106
332.95035
340.05775
332.45746
332.2397
339.60906
331.81142
331.63336
339.30468
331.3102
331.20126
339.23053
331.06648
331.06491
339.46381
331.19753
331.3255
340.1821
331.72426
331.7371
331.1312
364.61332
363.53855
365.1241
364.06204
364.30002
365.05221
364.3631
363.39015
362.90385
362.04157
364.37603
362.97023
360.07162
359.24126
358.39002
358.50586
357.27763
356.76318
357.17426
355.75027
355.29062
355.969
354.34652
353.90234
354.78626
352.96118
352.51932
353.61667
351.58602
351.14675
352.45394
350.21933
349.78266
351.29734
348.86127
348.42706
350.14553
347.51041
347.07828
348.99775
346.16553
345.73512
347.85333
344.82557
344.39662
346.71176
343.48979
343.06207
345.57259
342.15755
341.73088
344.43536
340.82828
340.40242
343.2994
339.50116
339.07592
342.16438
338.17574
337.75094
341.02976
336.85136
336.42678
339.89501
335.52738
335.10281
338.75958
334.20312
333.77836
337.62293
332.87794
332.45277
336.4845
331.55116
331.12535
335.34373
330.22209
329.79542
334.20007
328.89005
328.46232
333.05298
327.55439
327.12538
331.90197
326.21446
325.78397
330.74657
324.86966
324.43749
329.58623
323.51931
323.08526
328.42059
322.16285
321.72674
327.24926
320.79972
320.36137
326.07203
319.42946
318.98878
324.88891
318.0518
317.60871
323.70004
316.66656
316.22105
322.50604
315.27382
314.82606
321.30839
313.87444
313.42482
320.10961
312.46978
312.0192
318.91493
311.06377
310.6139
317.73271
309.66169
309.21611
316.58128
308.27895
307.84439
315.48982
306.93596
306.52716
314.52476
305.69531
305.33993
313.78896
304.63939
304.39563
313.49965
304.02637
303.97455
313.89284
304.12318
304.38747
315.33201
305.35443
306.00863
306.51193
362.12345
361.06931
363.03642
361.95253
362.49843
362.97178
362.53878
284.98937
271.89034
278.01246
271.94314
283.93128
359.66571
358.32331
361.66051
360.27154
361.32363
361.60488
361.32809
274.24716
271.1804
272.81736
271.85485
271.26809
275.56568
356.27672
353.38935
361.03803
358.00213
360.56246
360.96092
360.54327
271.53987
269.83349
270.66045
270.56928
269.92521
271.51453
348.06966
340.1365
360.43383
347.20094
349.98663
360.32541
268.59009
267.04998
267.54875
268.01136
267.14975
267.99394
325.15009
314.58423
326.30475
316.17467
316.86315
327.40146
317.50838
317.66439
327.07906
317.60579
317.43246
325.74148
316.76063
316.39338
324.12509
315.50704
315.08747
322.55207
314.18192
313.76559
321.04679
312.88204
312.47973
319.60868
311.63093
311.24213
318.20617
310.41534
310.03514
316.82474
309.22326
308.84854
315.45538
308.04572
307.67454
314.09497
306.87822
306.50966
312.74206
305.71841
305.35194
311.39571
304.56485
304.20011
310.05504
303.41644
303.05311
308.71916
302.27225
301.91003
307.38715
301.13137
300.76999
306.05813
299.99296
299.63218
304.73131
298.85628
298.49588
303.4059
297.72064
297.3604
302.08114
296.58536
296.22504
300.7562
295.44968
295.08908
299.43044
294.31302
293.95197
298.10318
293.17486
292.81319
296.77375
292.03462
291.67213
295.4414
290.8917
290.52819
294.10537
289.74541
289.38068
292.76503
288.59524
288.22912
291.41964
287.44056
287.07286
290.0685
286.28081
285.91134
288.71089
285.11538
284.74394
287.34606
283.94364
283.57002
285.97323
282.76494
282.38893
284.59154
281.57856
281.19989
283.2
280.38363
280.00199
281.79736
279.17908
278.79401
280.38167
277.96319
277.57397
278.95003
276.73343
276.33871
277.49612
275.48428
275.0815
276.00831
274.20634
273.78957
274.45613
272.87395
272.43112
272.77652
271.44373
270.94106
270.77599
269.75571
269.13553
268.03789
267.68147
266.65222
263.27816
263.53427
262.17495
263.4043
262.26948
265.34698
263.92818
264.31836
265.06943
264.02735
264.62503
300.25013
289.85945
299.61381
291.1141
291.48421
299.99139
291.72293
291.77427
299.81699
291.71772
291.62387
299.1377
291.27606
291.08337
298.24825
290.60053
290.36922
297.32056
289.85423
289.61736
296.40963
289.10873
288.8783
295.53192
288.38979
288.16819
294.68027
287.69702
287.48254
293.84737
287.02445
286.815
293.02669
286.36553
286.15946
292.21458
285.71591
285.51214
291.40874
285.07273
284.87056
290.60754
284.43402
284.23293
289.80975
283.79835
283.59797
289.01435
283.16462
282.96466
288.22054
282.53201
282.33224
287.42771
281.89988
281.70013
286.63527
281.26771
281.06782
285.84265
280.635
280.43482
285.04929
280.00127
279.80065
284.25465
279.36604
279.16485
283.45842
278.72903
278.52722
282.66027
278.09003
277.88749
281.8597
277.44865
277.24529
281.05643
276.80468
276.60039
280.24991
276.15768
275.95237
279.4399
275.50749
275.30107
278.62588
274.85369
274.64606
277.80759
274.1961
273.98718
276.98455
273.53437
273.32405
276.15639
272.86821
272.6564
275.32262
272.19726
271.98382
274.48268
271.52109
271.30585
273.63581
270.8391
270.62183
272.78096
270.15049
269.93083
271.91634
269.45389
269.2312
271.03883
268.74696
268.52009
270.1423
268.02517
267.79197
269.21509
267.28059
267.0365
268.23059
266.49444
266.23091
267.13764
265.63633
265.33327
265.81231
264.61831
264.24748
264.05634
263.3832
262.82818
261.50601
261.31894
260.56671
261.48014
260.6421
262.29543
261.0698
261.3567
262.20143
261.16449
261.50298
275.78518
265.5685
274.65345
266.55785
266.79454
274.68545
266.81254
266.80602
274.54975
266.73464
266.68337
274.23133
266.53246
266.45512
273.83017
266.27145
266.18726
273.41781
266.00527
265.92585
273.02474
265.76089
265.69042
272.65918
265.54576
265.48409
272.31709
265.35637
265.30156
271.99232
265.18617
265.13611
271.67911
265.02885
264.9818
271.37324
264.8795
264.83424
271.07183
264.73473
264.69039
270.77286
264.59219
264.54821
270.47499
264.45033
264.40632
270.17729
264.30811
264.26383
269.87906
264.16483
264.12008
269.57977
264.01995
263.9746
269.27905
263.87314
263.82712
268.97659
263.72415
263.6774
268.67216
263.57283
263.52528
268.36547
263.41896
263.37059
268.05647
263.26255
263.21336
267.74505
263.10356
263.05354
267.43113
262.94202
262.89117
267.11456
262.77785
262.72616
266.7952
262.61102
262.55848
266.47299
262.44156
262.38816
266.1478
262.2694
262.21515
265.81959
262.09459
262.0395
265.48825
261.91715
261.86121
265.15365
261.73703
261.68022
264.8156
261.55416
261.49644
264.47383
261.3684
261.30971
264.12795
261.17952
261.11975
263.77731
260.98712
260.92609
263.42078
260.79048
260.72788
263.05652
260.5885
260.52377
262.68097
260.37902
260.31127
262.28804
260.15886
260.08653
261.86581
259.92194
259.84289
261.39508
259.66154
259.57215
260.83704
259.36214
259.26095
260.15263
259.03264
258.90483
259.37134
258.62214
258.33769
259.30581
258.4129
259.51512
258.46692
258.64443
259.52452
258.55152
258.60573
251.71916
241.52276
250.4454
242.44126
242.60387
250.29765
242.48108
242.43522
250.19323
242.3566
242.33728
250.12762
242.33239
242.34762
250.11455
242.41221
242.45699
250.15479
242.57603
242.64363
250.24287
242.80479
242.88917
250.36801
243.0798
243.17568
250.51951
243.38616
243.48946
250.68798
243.71211
243.81979
250.86642
244.04926
244.15923
251.05002
244.39189
244.5028
251.23565
244.73639
244.84734
251.42118
245.08032
245.19075
251.60526
245.42219
245.53174
251.787
245.76105
245.86954
251.96593
246.09642
246.20373
252.1418
246.42806
246.53417
252.3145
246.75591
246.86083
252.48397
247.08002
247.18375
252.65019
247.40043
247.50301
252.81322
247.71727
247.81877
252.97326
248.0308
248.13131
253.13047
248.34129
248.44087
253.28496
248.64892
248.74766
253.43697
248.95401
249.05199
253.58658
249.25676
249.35407
253.73408
249.55752
249.65424
253.87953
249.85645
249.95267
254.02322
250.15391
250.24973
254.16528
250.45015
250.54564
254.3059
250.74545
250.8407
254.44518
251.04003
251.13509
254.5832
251.33406
251.42899
254.71994
251.62769
251.72252
254.85533
251.92103
252.01579
254.98919
252.21416
252.30889
255.12123
252.50719
252.602
255.25146
252.80072
252.89605
255.38085
253.09658
253.19383
255.51386
253.40099
253.50397
255.66408
253.72904
253.84876
255.869
254.12926
254.28707
256.20736
254.66676
254.92816
256.98501
255.76202
255.85131
256.90183
255.92571
256.9131
256.01576
256.0814
257.014
256.09059
255.8583
227.50216
217.17056
225.84156
217.77717
217.76384
225.4129
217.3705
217.24783
225.30416
217.13376
217.14228
225.47454
217.28745
217.40125
225.85003
217.73344
217.91771
226.357
218.36208
218.5887
226.94791
219.10176
219.35314
227.58836
219.90418
220.16919
228.2576
220.74128
221.01343
228.94181
221.59562
221.87097
229.63273
222.45714
222.73339
230.32504
223.31972
223.5955
231.01565
224.17986
224.45439
231.70263
225.03547
225.30832
232.38499
225.88549
226.15646
233.06224
226.72946
226.99847
233.73419
227.56724
227.8343
234.40084
228.39889
228.66406
235.0624
229.2247
229.48809
235.71913
230.04502
230.30677
236.3714
230.8603
231.12055
237.01955
231.67099
231.92991
237.66404
232.47762
232.73537
238.30525
233.28068
233.53742
238.94369
234.08074
234.33664
239.57975
234.8783
235.13355
240.21395
235.67397
235.92875
240.84671
236.46827
236.72274
241.47849
237.26175
237.5161
242.10977
238.05498
238.30939
242.74107
238.84855
239.1032
243.37279
239.64299
239.89805
244.00535
240.43883
240.69446
244.63917
241.23656
241.49293
245.27463
242.03672
242.29399
245.91217
242.83983
243.09821
246.5524
243.6466
243.90638
247.19637
244.45809
244.7198
247.84639
245.27639
245.54108
248.50785
246.10559
246.376
249.19557
246.95767
247.24024
249.94511
247.85725
248.17166
250.85503
248.89557
249.28096
252.12699
250.18606
250.80026
254.44226
252.73399
253.15951
254.34695
253.23347
254.41132
253.67502
253.61154
254.61282
253.74008
253.20698
202.93419
192.46789
200.61057
191.95173
191.28942
199.66536
190.32853
190.07359
199.56185
189.97014
190.03563
200.03235
190.41217
190.66344
200.87784
191.36027
191.7253
201.91929
192.57078
192.99404
203.06995
193.91995
194.37158
204.27241
195.33178
195.7955
205.49933
196.77062
197.23859
206.73425
198.21689
198.68505
207.96897
199.66126
200.12768
209.19907
201.09905
201.56283
210.42234
202.52812
202.98884
211.6376
203.94747
204.40499
212.84445
205.35685
205.81118
214.04285
206.75638
207.20765
215.23314
208.14654
208.59494
216.4158
209.52794
209.97369
217.59139
210.90131
211.34465
218.76056
212.26739
212.70856
219.92393
213.62694
214.06621
221.08225
214.98081
215.41846
222.23624
216.32985
216.76615
223.38664
217.67492
218.11013
224.53405
219.01672
219.45112
225.67939
220.35625
220.79014
226.82341
221.69439
222.12804
227.96684
223.032
223.46569
229.1104
224.36989
224.80389
230.25489
225.70895
226.14356
231.40104
227.05005
227.48553
232.54963
228.39405
228.83069
233.70137
229.74181
230.17987
234.857
231.09415
231.53391
236.01727
232.45193
232.89369
237.18303
233.81608
234.26016
238.35533
235.18769
235.63447
239.53555
236.56799
237.01801
240.72637
237.9591
238.4131
241.93259
239.36356
239.82303
243.1676
240.78838
241.25617
244.46542
242.24293
242.73273
245.94961
243.80173
244.34945
247.94409
245.55087
246.40882
251.74577
249.22485
249.99535
251.61768
250.05356
252.02431
251.52583
251.27534
252.35283
251.57812
250.64424
177.6628
169.75077
167.91023
163.74387
157.53903
157.59422
165.29978
157.14201
157.06528
157.20561
157.13695
165.63781
157.2986
157.55061
157.39416
157.5872
166.785
158.39066
158.85233
158.50674
158.86179
168.51645
160.12373
160.82772
160.25136
160.81891
170.42136
162.12641
162.9809
162.25283
162.96222
172.41276
164.28343
165.19698
164.40696
165.17419
174.42213
166.48105
167.41369
166.60202
167.38903
176.4308
168.6844
169.61825
168.80319
169.5926
178.42738
170.87507
171.80389
170.99188
171.77753
180.40937
173.04887
173.97048
173.16381
173.9435
182.37554
175.20421
176.11822
175.31732
176.09061
184.32625
177.34165
178.24824
177.45298
178.21997
186.26207
179.46207
180.36167
179.57166
180.33269
188.18393
181.56667
182.45978
181.67454
182.43005
190.09284
183.65668
184.54385
183.76286
184.51331
191.98989
185.7334
186.61517
185.8379
186.58376
193.87618
187.79806
188.67498
187.90092
188.64266
195.75283
189.85196
190.72457
189.9532
190.69127
197.621
191.89634
192.76519
191.99599
192.73086
199.48181
193.93248
194.79811
194.03055
194.76268
201.33642
195.96162
196.82457
196.05815
196.788
203.18598
197.98503
198.84583
198.08002
198.80805
205.03162
200.00393
200.86311
200.0974
200.82407
206.87447
202.01958
202.87768
202.11156
202.83732
208.71569
204.0332
204.89076
204.12372
204.84901
210.55644
206.04605
206.9036
206.13511
206.8604
212.39784
208.05935
208.9174
208.14696
208.8727
214.24103
210.07434
210.93343
210.16052
210.88716
216.08715
212.09224
212.9529
212.17701
212.905
217.93735
214.11429
214.97705
214.19766
214.92745
219.79275
216.14171
217.0071
216.2237
216.95573
221.65448
218.17574
219.04427
218.25635
218.99107
223.52367
220.21757
221.08976
220.29682
221.03467
225.40144
222.26842
223.14483
222.34632
223.08777
227.28901
224.32958
225.21074
224.40613
225.15164
229.18769
226.40239
227.28881
226.4776
227.22758
231.09889
228.48833
229.38024
228.56219
229.31678
233.02388
230.58861
231.48534
230.66102
231.41955
234.96177
232.70206
233.60041
232.77268
233.53255
236.90493
234.81826
235.71042
234.8862
235.64203
238.82254
236.89444
237.76525
236.95801
237.70389
240.66071
238.81162
239.69487
238.86999
239.66222
242.38849
240.22528
241.40704
240.28855
241.50312
248.44518
240.87809
245.25505
248.31822
240.83025
245.07352
249.83756
249.75142
249.18757
250.36246
249.7819
248.11816
164.36742
161.35872
157.37833
158.46793
156.81848
157.40667
156.9105
248.05972
248.63338
247.45612
248.98358
248.63122
245.17571
159.05127
157.41062
156.2685
156.44013
155.57248
156.24056
155.66432
246.44923
247.83874
244.91154
248.28289
247.81331
239.62276
155.45096
154.02348
153.89676
153.45661
152.89295
153.81527
152.99362
240.58154
235.73559
232.57101
247.55291
224.49853
152.13811
150.78132
151.04867
150.31566
149.83545
150.9573
149.93744
150.46886
148.09337
149.64502
149.31902
148.19113
155.79271
153.2831
154.47893
158.32838
156.16334
156.87323
160.36506
158.20595
158.76115
162.07562
159.82638
160.29583
163.64743
161.24659
161.67282
165.13373
162.55236
162.9524
166.56774
163.78933
164.17242
167.96368
164.97903
165.34987
169.3307
166.13411
166.49554
170.67389
167.26175
167.61548
171.99688
168.36669
168.71389
173.30224
169.45217
169.79367
174.59199
170.52058
170.85702
175.86772
171.57372
171.90561
177.13082
172.61312
172.94089
178.38257
173.64007
173.96412
179.62417
174.6558
174.97646
180.85658
175.66124
175.97883
182.08097
176.65748
176.97233
183.29838
177.64553
177.95795
184.50979
178.62633
178.93661
185.71617
179.60079
179.90919
186.91836
180.56961
180.87642
188.11757
181.53396
181.83949
189.31463
182.49459
182.7991
190.5106
183.45248
183.75628
191.70647
184.40855
184.71195
192.90331
185.36381
185.66713
194.10215
186.31924
186.62279
195.30408
187.27587
187.57999
196.51019
188.23476
188.53978
197.72153
189.19698
189.50324
198.93904
190.16359
190.47143
200.16354
191.13564
191.44545
201.39644
192.1146
192.42706
202.64128
193.10312
193.41974
203.90753
194.10727
194.43073
205.21245
195.13627
195.47052
206.57906
196.20347
196.54815
207.99386
197.29396
197.63778
209.35773
198.35752
198.63462
210.1929
199.08819
199.16889
209.87056
199.04468
198.79473
207.98032
197.9387
197.11854
195.26223
149.0419
147.78401
148.21278
147.41833
147.00916
148.13541
147.10915
148.28154
146.49725
147.53805
147.412
146.57742
151.87233
149.83513
150.64585
153.83225
151.86246
152.36843
155.33551
153.29846
153.67572
156.5084
154.37276
154.66821
157.51186
155.24356
155.49186
158.40735
155.98765
156.20571
159.23442
156.65092
156.84878
160.01283
157.25801
157.44136
160.75533
157.82426
157.99662
161.46928
158.35874
158.5223
162.15969
158.86743
159.02363
162.82987
159.35426
159.5041
163.48231
159.82204
159.96627
164.1189
160.27288
160.41204
164.7411
160.70836
160.8429
165.35016
161.12978
161.26005
165.94708
161.53817
161.66448
166.53275
161.9344
162.05701
167.10812
162.31936
162.43856
167.67415
162.69395
162.80999
168.23159
163.05889
163.17199
168.78119
163.41491
163.52524
169.32345
163.76239
163.87021
169.85952
164.10242
164.20794
170.38984
164.43537
164.53882
170.9155
164.76225
164.86387
171.43711
165.08363
165.18368
171.95573
165.40046
165.49921
172.47222
165.71356
165.81129
172.98755
166.02383
166.12084
173.50274
166.33226
166.42889
174.0189
166.63993
166.73653
174.53723
166.94803
167.04501
175.05907
167.25792
167.35578
175.58622
167.57124
167.67069
176.12189
167.89062
167.99272
176.67085
168.21977
168.32574
177.23812
168.56238
168.6728
177.82269
168.9189
169.03028
178.39492
169.27054
169.37002
178.86663
169.56369
169.61784
179.02824
169.66277
169.62112
178.6721
169.40198
169.23003
178.10668
168.75766
168.27146
166.75472
146.1907
145.02856
145.55091
144.76398
144.41985
145.48147
144.51262
145.77178
144.28169
144.9386
145.25396
144.3633
147.95088
146.23355
146.68546
149.14383
147.35026
147.61562
149.99991
148.07974
148.25323
150.59057
148.5419
148.65047
151.02493
148.83376
148.90039
151.35279
149.00967
149.04741
151.60899
149.10636
149.12381
151.81319
149.14594
149.14843
151.97846
149.14299
149.13398
152.11279
149.10664
149.08836
152.22164
149.04301
149.01698
152.30873
148.95629
148.92354
152.37666
148.84934
148.8106
152.42723
148.72415
148.67993
152.46189
148.58222
148.53295
152.48179
148.42475
148.37074
152.48791
148.2527
148.19421
152.48095
148.06679
148.00404
152.46171
147.86775
147.80094
152.43074
147.65608
147.58537
152.38863
147.43231
147.35786
152.33595
147.19697
147.11893
152.27318
146.95045
146.86897
152.20099
146.69335
146.60859
152.11981
146.42603
146.33814
152.03039
146.14913
146.05831
151.93335
145.86323
145.76966
151.82937
145.56889
145.47278
151.71921
145.26682
145.1684
151.60372
144.95777
144.85731
151.48387
144.64265
144.54045
151.36076
144.32247
144.21891
151.23568
143.99845
143.89396
151.11023
143.67211
143.56726
150.9865
143.3454
143.24087
150.86692
143.02057
142.91717
150.75435
142.70032
142.5988
150.65018
142.38655
142.28703
150.5507
142.07867
141.97919
150.43723
141.76667
141.6618
150.27009
141.42997
141.30927
149.98207
141.0291
140.88382
149.55557
140.54941
140.38143
149.36883
140.03109
139.65105
138.36454
143.54857
142.46542
143.05002
142.26905
141.97502
142.98353
142.06138
143.03762
141.80271
142.14982
142.86286
141.88575
143.91855
142.4788
142.57909
144.28703
142.66209
142.6735
144.44356
142.64265
142.60017
144.41929
142.45902
142.3725
144.27147
142.15198
142.03282
144.0328
141.75194
141.60847
143.72868
141.28339
141.12181
143.37522
140.76305
140.58761
142.98379
140.2028
140.01643
142.56167
139.61048
139.4151
142.11389
138.99143
138.78836
141.6438
138.34925
138.13939
141.1538
137.68644
137.47043
140.64562
137.00482
136.78312
140.1205
136.30564
136.07859
139.57938
135.58986
135.35768
139.02291
134.8581
134.62096
138.45169
134.11091
133.86897
137.86619
133.34869
133.10207
137.26687
132.57183
132.32063
136.65407
131.78062
131.52493
136.02813
130.97537
130.71523
135.3892
130.1561
129.89161
134.73787
129.32332
129.05457
134.07426
128.47709
128.20417
133.39895
127.61788
127.34087
132.7122
126.74585
126.46488
132.01466
125.86154
125.57676
131.30686
124.9654
124.67698
130.5895
124.058
123.76616
129.86339
123.14006
122.84504
129.12956
122.21245
121.91458
128.38928
121.27631
120.97601
127.64416
120.33309
120.03088
126.89613
119.38453
119.08111
126.14779
118.43307
118.12927
125.40192
117.48151
117.17825
124.66093
116.5328
116.23103
123.92598
115.59001
115.29055
123.19507
114.65538
114.35942
122.46602
113.73412
113.44515
121.74683
112.8407
112.57114
121.09891
112.03175
111.79797
120.90404
111.35774
110.96559
109.59157
141.07872
140.07871
140.65457
139.89249
139.63847
140.59205
139.71944
140.10219
139.10455
139.13802
140.31342
139.1901
139.57091
138.37137
138.10137
139.08846
137.59539
137.34865
138.51439
136.80957
136.54317
137.84153
135.9512
135.65901
137.08029
135.01146
134.69577
136.24887
134.0031
133.66871
135.36336
132.94073
132.59175
134.43564
131.836
131.47542
133.47411
130.69725
130.32715
132.48444
129.53018
129.15196
131.47053
128.33865
127.95328
130.43505
127.12532
126.73345
129.37982
125.89198
125.49403
128.30606
124.63981
124.23609
127.21465
123.36964
122.96034
126.10621
122.08201
121.66727
124.98116
120.77728
120.35718
123.83983
119.4557
119.0303
122.68236
118.11736
117.68665
121.50886
116.76228
116.32627
120.31946
115.39048
114.94919
119.11424
114.00198
113.5554
117.89325
112.59676
112.14486
116.65657
111.17474
110.71755
115.40432
109.73603
109.27353
114.13657
108.28052
107.81272
112.85354
106.80834
106.33527
111.55543
105.31956
104.84127
110.24258
103.8144
103.33097
108.91541
102.29313
101.80467
107.57451
100.75617
100.26284
106.22062
99.204079
98.706105
104.85478
97.637672
97.135367
103.47838
96.058064
95.551872
102.09334
94.466887
93.957385
100.702
92.866112
92.354095
99.307574
91.258644
90.745193
97.914194
89.648243
89.134998
96.528325
88.041248
87.530815
95.160154
86.447075
85.944925
93.834282
84.889176
84.406209
92.599803
83.407092
82.970608
91.591088
82.125348
81.764572
91.218126
81.080031
80.63892
79.153438
138.81369
137.93816
138.39358
137.69858
137.49407
138.3422
137.56846
136.9125
135.89963
135.50418
137.57583
135.97235
134.83739
133.55056
132.91828
133.54168
131.92192
131.43347
132.25012
130.41353
129.91696
130.91499
128.86175
128.3454
129.51596
127.24551
126.71124
128.06597
125.57937
125.03183
126.57552
123.87525
123.31742
125.05263
122.14105
121.57478
123.50261
120.38157
119.80796
121.92894
118.59977
118.0195
120.3339
116.79749
116.21098
118.71891
114.97584
114.38334
117.08497
113.13553
112.53722
115.43278
111.27706
110.67302
113.76268
109.40062
108.79086
112.07481
107.50623
106.89071
110.36912
105.59366
104.97233
108.64562
103.66284
103.03561
106.90407
101.71337
101.08015
105.14443
99.7451
99.105819
103.36649
97.75773
97.112271
101.57001
95.750907
95.099133
99.754668
93.724189
93.066007
97.92037
91.677339
91.012639
96.066854
89.609992
88.938664
94.193908
87.521813
86.843727
92.301302
85.4124
84.727481
90.389065
83.281609
82.589792
88.457144
81.129231
80.430448
86.505575
78.955095
78.249305
84.534515
76.759123
76.046317
82.544292
74.54136
73.821575
80.535446
72.302015
71.575342
78.508782
70.041492
69.308078
76.465434
67.760383
67.020527
74.40731
65.459916
64.714087
72.337077
63.141895
62.390806
70.258791
60.809036
60.053941
68.179766
58.466443
57.709639
66.113565
56.123135
55.369551
64.090508
53.800007
53.060317
62.177172
51.538995
50.841159
60.539257
49.46777
48.859382
59.727507
47.692741
47.066396
45.152262
136.87273
136.19965
136.39867
135.86786
135.73423
136.36871
135.79644
130.78845
130.99844
126.42892
134.22259
130.82277
126.39393
127.73213
126.89145
125.61959
127.00611
125.7068
126.04074
124.97853
124.00037
124.95937
124.08483
123.98799
122.81384
121.83264
122.76391
121.92383
121.81641
120.48694
119.46796
120.42852
119.56472
119.57952
118.06994
117.03048
118.01088
117.13081
117.31321
115.61682
114.56642
115.55871
114.66927
115.02755
113.14532
112.08802
113.08841
112.19293
112.72572
110.66053
109.59735
110.60472
109.70416
110.40811
108.16276
107.09366
108.10795
107.20233
108.07461
105.65125
104.57589
105.59735
104.68639
105.72489
103.12508
102.04309
103.07204
102.15543
103.35865
100.58347
99.494518
100.53122
99.608674
100.9755
98.025658
96.929432
97.974148
97.045401
98.574986
95.450928
94.347116
95.400118
94.464896
96.15662
92.858572
91.746859
92.808418
91.866452
93.719851
90.247867
89.127941
90.198332
89.249352
91.264099
87.618096
86.489649
87.56913
86.612879
88.788771
84.968536
83.831233
84.920099
83.956279
86.293242
82.298441
81.151969
82.250484
81.278835
83.776882
79.607054
78.451092
79.559545
78.579788
81.239065
76.893644
75.72786
76.846544
75.858395
78.679126
74.157442
72.981517
74.110722
73.11391
76.096452
71.397749
70.211333
71.351348
70.345569
73.490317
68.613703
67.416482
68.567598
67.552586
70.860123
65.804614
64.596225
65.758756
64.734193
68.205149
62.969639
61.74975
62.924004
61.889604
65.524777
60.10804
58.876298
60.062572
59.018039
62.818313
57.218964
55.975019
57.173636
56.118666
60.085126
54.30162
53.045106
54.256394
53.190672
57.324557
51.35517
50.085718
51.310011
50.233218
54.535966
48.378764
47.095989
48.333635
47.245441
51.71873
45.371523
44.075031
45.326389
44.226456
48.872251
42.332545
41.021924
42.287374
41.175345
45.995967
39.260887
37.935714
39.215657
38.091164
43.089413
36.155616
34.81543
36.110279
34.972933
40.152138
33.015642
31.659962
32.970184
31.819564
37.18396
29.839919
28.468215
29.794322
28.629969
34.184866
26.627228
25.238918
26.581486
25.402894
31.155828
23.376436
21.970866
23.330556
22.137156
28.098824
20.08598
18.662479
20.040022
18.831227
25.022712
16.755655
15.313355
16.709671
15.484677
21.949105
13.382822
11.921532
13.337702
12.097279
19.058301
9.9836966
8.5034257
9.9389059
8.6838634
17.438996
6.4210609
5.2584901
6.4650445
5.1996417
3.566838
0.86169235
2.7997492
0.84194202
135.47005
135.04721
135.03845
134.72601
134.66786
135.03302
134.71351
134.66493
134.42855
134.45153
134.2796
134.26716
134.46166
134.29323
134.23495
133.99573
134.42593
134.10837
134.17511
134.42226
133.56145
133.31131
133.42178
133.2522
133.17602
132.97795
132.8847
132.6588
131.85047
131.97198
131.5395
129.92841
130.38068
129.77001
127.62712
128.33478
127.6451
125.30837
126.14808
125.44001
123.00123
123.91732
123.20277
120.70845
121.67287
120.95426
118.40813
119.41239
118.68771
116.08942
117.13095
116.39899
113.74815
114.8257
114.0862
111.38477
112.49688
111.75017
109.00072
110.14582
109.39236
106.59722
107.77392
107.01408
104.17497
105.38221
104.61622
101.73428
102.97128
102.19925
99.275112
100.54138
99.763331
96.797327
98.092525
97.308434
94.300636
95.624589
94.834385
91.784679
93.137332
92.340903
89.24897
90.630353
89.82757
86.693051
88.103264
87.293987
84.116385
85.555594
84.739665
81.518421
82.986845
82.164098
78.898593
80.396493
79.566765
76.256346
77.784034
76.94715
73.591079
75.148899
74.304696
70.902277
72.490625
71.638947
68.189391
69.808702
68.949414
65.452007
67.102772
66.235766
62.689725
64.372504
63.497696
59.902266
61.617697
60.73506
57.089511
58.838335
57.947905
54.251541
56.034628
55.136534
51.388723
53.207115
52.301615
48.501835
50.356794
49.444327
45.592218
47.485303
46.566561
42.662011
44.595179
43.671214
39.714491
41.690232
40.762603
36.754548
38.776071
37.847087
33.789542
35.861038
34.934105
30.830381
32.957328
32.037563
27.893907
30.083557
29.178663
25.005711
27.26735
26.389526
22.208863
24.554229
23.722814
19.57468
22.0136
21.264246
17.251674
19.789451
19.178187
15.430837
18.036141
17.76107
17.421658
133.04034
132.91
132.83161
132.82769
132.71892
132.26071
132.38343
132.12909
131.18051
131.47781
131.05703
129.57952
130.07098
129.50452
127.64566
128.28507
127.62829
125.56593
126.29207
125.58935
123.41396
124.19207
123.46512
121.22333
122.03494
121.29334
119.00167
119.83914
119.08613
116.75144
117.61139
116.84826
114.47393
115.35453
114.58209
112.17105
113.0709
112.28988
109.8447
110.76264
109.97369
107.4965
108.43157
107.63521
105.12761
106.07909
105.2757
102.73874
103.70615
102.89594
100.33027
101.31326
100.49637
97.902355
98.900734
98.077191
95.454943
96.468622
95.638414
92.987868
94.016845
93.179902
90.500805
91.545119
90.701346
87.993428
89.053186
88.202465
85.465305
86.54063
85.682823
82.915995
84.007056
83.142013
80.345035
81.452019
80.579586
77.751959
78.875079
77.995094
75.136264
76.275727
75.388053
72.497575
73.653608
72.758112
69.835487
71.008318
70.104899
67.149771
68.339626
67.428216
64.440254
65.647343
64.727929
61.706969
62.931502
62.004139
58.950197
60.192359
59.257202
56.170543
57.430486
56.487826
53.369085
54.646906
53.697228
50.547553
51.843267
50.887323
47.708592
49.022095
48.061014
44.856138
46.187151
45.222587
41.995953
43.343919
42.378288
39.136444
40.500404
39.537222
36.289923
37.668274
36.712674
33.474436
34.864511
33.924088
30.71704
32.114458
31.200499
28.05824
29.455508
28.585242
25.561556
26.945982
26.145378
23.324029
24.670885
23.981895
21.507702
22.779825
22.257333
20.273527
21.405154
21.174975
20.979291
132.82479
132.59178
131.96676
130.8866
129.3682
127.53829
125.53346
123.43249
121.27591
119.07997
116.8515
114.59391
112.30979
110.00131
107.6702
105.3178
102.94494
100.55207
98.13946
95.707151
93.255049
90.78282
88.290272
85.776914
83.242388
80.686264
78.108105
75.507442
72.883951
70.237302
67.567321
64.873899
62.157225
59.417735
56.656245
53.874122
51.073489
48.257532
45.430917
42.600423
39.775962
36.971921
34.209382
31.519647
28.949501
26.569839
24.48655
22.853642
21.862337
632.7346
622.2409
631.7833
622.56402
620.74598
618.33579
620.80023
618.30801
616.03629
614.67102
616.07203
614.65252
612.54573
611.46306
612.5584
611.44669
609.3521
608.37689
609.36092
608.36538
606.24197
605.30108
606.24951
605.29211
603.15738
602.22728
603.16512
602.21962
600.09639
599.17167
600.10467
599.16456
597.06456
596.14576
597.07329
596.13884
594.06517
593.15383
594.07412
593.14695
591.09785
590.19505
591.10685
590.18818
588.16057
587.26663
588.1695
587.2598
585.25109
584.36584
585.25992
584.35907
582.36782
581.49087
582.37652
581.48418
579.50965
578.64068
579.51824
578.63406
576.67588
575.8146
576.68436
575.80804
573.86588
573.01207
573.87426
573.00557
571.07906
570.23251
571.08733
570.22607
568.31478
567.47531
568.32295
567.46891
565.5724
564.73978
565.58046
564.73343
562.85126
562.0253
562.85922
562.019
560.15075
559.33124
560.15862
559.32498
557.47023
556.65695
557.47799
556.65073
554.80906
554.00181
554.81673
553.99564
552.1666
551.36519
552.17418
551.35905
549.54224
548.74645
549.54973
548.74034
546.93532
546.14494
546.94272
546.13888
544.34524
543.56007
544.35255
543.55403
541.77131
540.99117
541.77855
540.98516
539.21295
538.43761
539.2201
538.43162
536.66948
535.89874
536.67656
535.89278
534.1403
533.37395
534.1473
533.36801
531.62472
530.86258
531.63164
530.85665
529.12212
528.36396
529.12897
528.35805
526.63181
525.87745
526.6386
525.87157
524.15316
523.4024
524.15988
523.39655
521.68546
520.93819
521.69211
520.93236
519.22796
518.48419
519.23456
518.47841
516.78
516.04005
516.78652
516.03437
514.34076
513.60578
514.34721
513.6003
511.90976
511.18306
511.91613
511.17806
509.48727
508.7769
509.49351
508.77298
507.07771
506.4039
507.08367
506.40247
504.69782
504.10204
504.70344
504.10597
502.41319
501.97272
502.41903
501.98629
500.40448
500.17436
500.41377
500.19968
499.16838
498.99198
499.18872
499.0121
498.90962
498.86107
498.89358
498.85391
498.93705
498.94246
499.05633
498.73417
498.85935
499.45615
499.08022
498.60512
498.85951
498.84016
499.1718
498.87051
621.00734
627.2902
620.17614
627.13814
621.35305
626.27927
620.58109
618.63034
620.4602
618.20702
620.61963
618.80679
620.28122
618.21744
614.93498
616.08432
614.6602
616.34742
615.11951
615.94389
614.7632
611.51887
612.80432
611.37944
612.89844
611.67004
612.64436
611.47685
608.23426
609.54051
608.16963
609.58786
608.37193
609.39898
608.26913
605.06835
606.38651
605.03758
606.40316
605.19746
606.25074
605.1369
601.96987
603.28439
601.95527
603.2818
602.09427
603.15217
602.0546
598.92027
600.22611
598.9131
600.20915
599.04182
600.09582
599.01232
595.90845
597.20319
595.90448
597.17636
596.02818
597.07436
596.00353
592.92856
594.21168
592.92589
594.17912
593.04688
594.08413
593.02465
589.9771
591.24878
589.97509
591.21345
590.09411
591.12248
590.07345
587.05233
588.31288
587.05083
588.27645
587.168
588.18782
587.14871
584.15348
585.4031
584.15245
585.36624
584.26774
585.27927
584.2498
581.28008
582.51892
581.27946
582.48182
581.39293
582.39633
581.37629
578.43161
579.65985
578.43132
579.62251
578.54306
579.53845
578.52764
575.60745
576.8253
575.60742
576.7877
575.71752
576.70507
575.70325
572.8069
574.01463
572.80712
573.97677
572.91563
573.89554
572.90248
570.0293
571.22719
570.02975
571.18906
570.13669
571.10922
570.12465
567.27397
568.46232
567.27466
568.42391
567.38006
568.34544
567.36914
564.54029
565.71938
564.54122
565.68068
564.64508
565.60357
564.63527
561.82761
562.99772
561.82878
562.95872
561.93113
562.88296
561.92244
559.13531
560.29674
559.13672
560.2574
559.23758
560.183
559.23001
556.46277
557.61578
556.46441
557.57609
556.5638
557.50304
556.55734
553.80932
554.95421
553.81122
554.91416
553.90914
554.84244
553.9038
551.17436
552.3114
551.1765
552.27097
551.27298
552.20059
551.26876
548.55724
549.68673
548.55962
549.64589
548.65468
549.57684
548.65158
545.95733
547.07953
545.95995
547.03827
546.05361
546.97055
546.05163
543.37399
544.4892
543.37686
544.44749
543.46912
544.38109
543.46828
540.80659
541.91509
540.80971
541.87292
540.9006
541.80785
540.90089
538.25448
539.35657
538.25786
539.31391
538.34739
539.25016
538.34883
535.71703
536.813
535.72067
536.76982
535.80885
536.70739
535.81144
533.1936
534.28373
533.19751
534.24001
533.28434
534.17892
533.28811
530.68352
531.76812
530.68771
531.72383
530.77321
531.66407
530.77815
528.18614
529.26552
528.1906
529.22063
528.27478
529.16221
528.28092
525.70074
526.77522
525.70549
526.72972
525.78834
526.67263
525.79571
523.22658
524.29654
523.23165
524.25041
523.31315
524.19465
523.3218
520.7628
521.82871
520.76824
521.78191
520.84833
521.72752
520.85837
518.30834
519.37086
518.31423
519.32338
518.39275
519.27036
518.40438
515.86168
516.92183
515.86816
516.87373
515.94478
516.82208
515.9584
513.4202
514.47991
513.42748
514.43145
513.50157
514.38104
513.51794
510.97945
512.04218
510.98739
511.99425
511.05796
511.94452
511.07832
508.5304
509.60266
508.53703
509.55837
508.60345
509.50695
508.62887
506.05932
507.1497
506.0524
507.11878
506.12006
507.05732
506.14564
503.54341
504.65583
503.4648
504.67103
503.57708
504.57038
503.56151
501.02264
502.08247
500.59551
502.23811
500.99314
502.00619
500.68979
498.70567
499.35152
496.63979
499.91379
498.74279
499.30245
496.85317
498.2627
497.33211
497.35152
498.23409
498.19914
497.25545
497.41471
497.45133
498.30115
497.4876
621.47331
631.08811
621.6386
618.45819
620.86389
618.39306
614.78946
616.1611
614.76389
611.46296
612.69832
611.43821
608.24224
609.43092
608.21871
605.10361
606.26989
605.07995
602.01943
603.16717
601.99605
598.97762
600.10947
598.95464
595.97013
597.08813
595.94758
592.99254
594.09844
592.97036
590.04237
591.13736
590.02048
587.11849
588.20325
587.09686
584.22035
585.29524
584.19898
581.34757
582.41282
581.32645
578.49965
579.55547
578.47879
575.67596
576.72259
575.65536
572.87585
573.91356
572.85552
570.09867
571.12771
570.0786
567.34375
568.36438
567.32394
564.61048
565.62296
564.59093
561.8982
562.90278
561.87892
559.2063
560.20322
559.18728
556.53414
557.52366
556.51537
553.88108
554.86345
553.86258
551.24649
552.22196
551.22825
548.62976
549.59857
548.61177
546.03022
546.99263
546.0125
543.44727
544.40351
543.42979
540.88025
541.83059
540.86303
538.32854
539.27322
538.31158
535.79148
536.73077
535.77478
533.26845
534.20259
533.252
530.75879
531.68804
530.7426
528.26183
529.18646
528.24589
525.77687
526.69717
525.76118
523.30317
524.21946
523.28773
520.83989
521.75258
520.82468
518.38595
519.29562
518.37096
515.93977
516.84745
515.92497
513.49856
514.40631
513.48387
511.05672
511.96909
511.04193
508.60087
509.52922
508.58557
506.09666
507.07175
506.0798
503.43641
504.55505
503.41653
500.28246
501.87673
500.2482
494.8937
490.36243
498.77135
494.78635
489.93364
495.35604
492.21277
493.14432
495.66161
495.06025
492.37885
493.08226
495.96252
493.89458
494.31616
495.74197
495.84941
494.08694
494.39776
494.63802
495.99225
494.63911
491.26061
489.96139
491.31461
489.91769
491.98755
490.33115
490.66249
491.66819
491.88467
490.40235
490.68178
492.78514
491.06682
491.29791
492.48157
492.67546
491.20597
491.38343
491.53775
492.82233
491.52151
489.22702
488.27237
489.25395
488.25885
489.5366
488.27781
488.3607
489.34962
489.4374
488.35049
488.42189
489.88058
488.49737
488.5758
489.6864
489.78207
488.60063
488.65449
488.70821
489.82914
488.68862
486.96195
486.00814
486.98496
485.99627
487.09849
485.92521
485.94411
487.00219
487.01091
486.00824
486.0294
487.21698
486.00311
486.02445
487.0992
487.12932
486.09436
486.10118
486.12107
487.13273
486.104
484.52149
483.52914
484.54092
483.51509
484.64848
483.448
483.48052
484.55503
484.55924
483.53247
483.56859
484.71753
483.55351
483.58014
484.61671
484.63294
483.64411
483.65522
483.67322
484.62615
483.65845
481.96489
480.89568
481.98567
480.88172
482.15692
480.86923
480.98339
482.03456
482.06385
480.95723
481.06846
482.30937
481.15758
481.22965
482.18756
482.22462
481.25822
481.30339
481.33041
482.2195
481.31812
479.24114
477.9127
479.26897
477.90545
479.64087
477.96044
478.38851
479.48061
479.52743
478.24575
478.65523
480.03056
478.91998
479.08887
479.83416
479.9328
479.07373
479.16163
479.18419
479.92378
479.17597
384.7047
384.62799
384.27104
384.21431
384.24613
384.21195
384.263
384.40573
384.30911
384.45106
385.40483
385.61479
385.45591
385.64922
387.155
387.5709
387.19303
387.60066
389.20133
389.76262
389.22906
389.79108
391.38301
392.01132
391.40489
392.03917
393.60087
394.25513
393.61978
394.28243
395.81888
396.47947
395.83623
396.50615
398.02217
398.68143
398.03853
398.70746
400.20683
400.8618
400.22249
400.8872
402.37217
403.02202
402.38723
403.04678
404.51898
405.1636
404.53348
405.18773
406.64837
407.28799
406.66234
407.31151
408.76167
409.39663
408.77512
409.41955
410.86022
411.49091
410.87316
411.51324
412.94536
413.57219
412.95779
413.59394
415.01845
415.64183
415.03037
415.663
417.08076
417.7011
417.09219
417.72173
419.13364
419.75134
419.14458
419.77143
421.17839
421.79386
421.18883
421.81341
423.21627
423.82991
423.22623
423.84894
425.24859
425.86077
425.25806
425.87929
427.2766
427.88772
427.28557
427.90573
429.30152
429.91197
429.31001
429.92949
431.32461
431.93479
431.33263
431.95182
433.34711
433.9574
433.35465
433.97396
435.37025
435.98101
435.37731
435.99711
437.39523
438.00685
437.40181
438.0225
439.42327
440.03614
439.42938
440.05133
441.45561
442.07007
441.46123
442.08481
443.4934
444.10983
443.49855
444.12415
445.53781
446.15659
445.5425
446.17049
447.58995
448.21149
447.59417
448.22499
449.65093
450.27577
449.65467
450.28888
451.72219
452.35098
451.72547
452.36372
453.80638
454.43952
453.80924
454.45186
455.90845
456.54512
455.91102
456.55689
458.03568
458.67217
458.03809
458.68295
460.19069
460.81875
460.1929
460.82813
462.35436
462.96811
462.3555
462.97648
464.43077
465.05113
464.4283
465.06372
466.24721
467.06177
466.23334
467.09358
467.3495
468.9551
467.30551
469.06346
475.98674
467.72578
472.92058
476.04608
467.37686
472.90823
477.90465
477.29786
477.3175
477.45672
477.80888
477.52027
477.38866
477.39445
477.83044
477.39415
384.55918
384.02264
384.54689
384.04071
384.74927
384.04285
383.92696
384.35854
384.7016
383.99541
383.75568
476.51874
476.04927
476.21524
476.14207
476.48629
476.23896
476.25758
476.20348
476.44127
476.19788
383.34654
382.54051
383.40313
382.56855
383.44571
382.4288
382.41122
383.27171
383.3454
382.48955
382.3332
385.15201
381.89494
384.56779
383.8834
385.09148
382.10662
384.52048
387.43262
385.77417
387.21763
386.13033
387.35199
385.86523
387.14562
389.73704
388.54096
389.67695
388.62831
389.67801
388.63386
389.59658
392.03738
390.99734
392.02721
391.04402
391.98547
391.08604
391.94102
394.30182
393.32162
394.30723
393.36774
394.25416
393.40807
394.21887
396.53455
395.58229
396.54436
395.63232
396.48918
395.66689
396.45519
398.73977
397.80335
398.75036
397.85643
398.69598
397.88651
398.66111
400.92136
399.99589
400.93157
400.05101
400.87877
400.07784
400.84252
403.08195
402.16515
403.09141
402.22167
403.04037
402.24602
403.00266
405.2236
404.3142
405.23219
404.37181
405.18293
404.39409
405.14376
407.34797
406.44512
407.35566
406.50369
407.30814
406.5241
407.26754
409.45661
408.55958
409.46339
408.61907
409.41757
408.63771
409.37554
411.55097
410.65913
411.55685
410.7195
411.51267
410.73646
411.46923
413.63242
412.74518
413.63741
412.80645
413.59482
412.82175
413.54998
415.70231
414.81908
415.70641
414.88127
415.66536
414.89495
415.61912
417.76194
416.88217
417.76519
416.9453
417.72561
416.95739
417.67797
419.81264
418.93577
419.81503
418.99985
419.7769
419.01038
419.72786
421.8557
420.98116
421.85725
421.04623
421.8205
421.05522
421.77007
423.8924
423.01965
423.89312
423.08573
423.8577
423.09319
423.80589
425.92401
425.0525
425.92391
425.11961
425.88978
425.12558
425.83657
427.95178
427.08097
427.95087
427.14915
427.91798
427.15364
427.86339
429.97696
429.10632
429.97525
429.17559
429.94357
429.17862
429.88758
432.0008
431.1298
431.9983
431.20017
431.96777
431.20176
431.91039
434.02451
433.15262
434.02124
433.22413
433.99182
433.22431
433.93305
436.04933
435.17602
436.04529
435.2487
436.01694
435.24747
435.95677
438.07646
437.20122
438.07166
437.27508
438.04435
437.27247
437.98277
440.10712
439.22942
440.10158
439.3045
440.07525
439.30052
440.01226
442.14251
441.26183
442.13622
441.33815
442.11084
441.33282
442.04644
444.18383
443.29964
444.17679
443.37723
444.15234
443.37057
444.0865
446.23229
445.34407
446.22451
445.42297
446.20095
445.41497
446.13367
448.28908
447.39631
448.28055
447.47661
448.25785
447.46724
448.18911
450.35538
449.45755
450.34607
449.5394
450.32421
449.52854
450.25398
452.43232
451.52887
452.42207
451.61245
452.40121
451.59995
452.3293
454.52129
453.61117
454.50943
453.69656
454.49039
453.6823
454.41599
456.62443
455.70527
456.60922
455.79208
456.59422
455.77631
456.51513
458.74645
457.81291
458.72447
457.89998
458.7178
457.88356
458.62965
460.89278
459.93844
460.86206
460.02432
460.86688
460.00851
460.76597
463.0773
462.09573
463.04172
462.18021
463.05275
462.16532
462.94216
465.27824
464.30527
465.28946
464.39509
465.24849
464.37717
465.17988
467.58638
466.63951
467.67614
466.76031
467.52092
466.71814
467.54893
469.76039
469.09774
470.21632
469.36758
469.65144
469.19008
470.036
472.28027
471.92475
472.96199
472.26687
472.10778
472.05349
472.78267
475.38114
474.65257
475.29814
474.77773
475.23548
474.73256
475.20683
475.86917
475.78574
475.81666
475.82445
475.93899
475.80185
475.81745
475.5644
475.80398
475.61229
381.02773
379.76875
381.09577
379.76687
380.93619
379.45193
379.05544
380.95924
380.88343
379.53205
379.24108
381.01881
378.34295
377.45696
380.24883
380.90022
378.28745
377.62207
383.89869
375.67121
380.06305
384.02944
375.24777
387.01185
385.44716
387.03722
389.58385
388.50743
389.59635
391.9612
391.0365
391.96824
394.24724
393.38012
394.25271
396.48587
395.64551
396.4906
398.69232
397.86735
398.69663
400.87367
400.05934
400.87766
403.0335
402.2276
403.03722
405.17418
404.37548
405.17766
407.29749
406.50518
407.30075
409.40501
408.61842
409.40805
411.49818
410.71674
411.50102
413.57838
412.80157
413.58104
415.64697
414.87427
415.64946
417.70527
416.93618
417.70759
419.75459
418.98862
419.75675
421.79622
421.03288
421.79824
423.83145
423.07025
423.83333
425.86153
425.102
425.86329
427.88773
427.1294
427.88937
429.91131
429.1537
429.91284
431.93349
431.17614
431.93492
433.9555
433.19795
433.95685
435.97856
435.22035
435.97984
438.0039
437.24456
438.00511
440.03271
439.27179
440.03386
442.0662
441.30325
442.0673
444.10556
443.34012
444.10662
446.15203
445.38363
446.15305
448.20677
447.43499
448.20777
450.27094
449.49539
450.27194
452.34556
451.56589
452.34657
454.43145
453.64719
454.4325
456.52956
455.73965
456.53064
458.64252
457.84421
458.64354
460.77745
459.96534
460.77824
462.9535
462.11886
462.95353
465.20498
464.34088
465.20435
467.60707
466.71673
467.60664
470.17211
469.31362
470.18161
472.91925
472.21831
472.94618
475.18857
474.78161
475.23723
475.70839
475.78609
475.76226
475.36587
377.93284
376.70527
377.97194
376.68791
377.67663
376.46261
376.24001
377.82564
377.64415
376.54895
376.37844
376.80732
375.8497
375.53256
377.07307
376.87761
375.87247
375.60677
375.18542
376.54387
375.13988
374.98155
373.8859
375.00064
373.86538
374.92421
373.74732
373.66842
374.95069
374.85636
373.82715
373.7726
374.5683
373.53648
373.45745
374.61486
374.53372
373.59792
373.53149
373.45982
374.44405
373.44529
372.2909
371.29429
372.30513
371.27634
372.34722
371.19226
371.16871
372.29844
372.26629
371.26995
371.26104
372.23836
371.11232
371.09464
372.17949
372.17399
371.197
371.17869
371.1819
372.15976
371.16966
369.7782
368.83862
369.79226
368.8231
369.8651
368.74168
368.71259
369.79657
369.77813
368.81738
368.80404
369.79464
368.64164
368.60906
369.72106
369.71927
368.72905
368.69445
368.69293
369.70686
368.67873
367.36474
366.48827
367.3786
366.47537
367.42586
366.38485
366.30913
367.38176
367.34209
366.45907
366.41043
367.26392
366.13754
366.02006
367.21846
367.19025
366.22222
366.10894
366.04656
367.14149
366.03247
365.06742
364.33573
365.07735
364.32689
365.06454
364.24024
364.06433
365.0849
364.98145
364.31319
364.21767
364.6911
363.5437
363.09993
364.67593
364.62825
363.81273
363.38811
363.04083
364.41279
363.03311
362.98073
362.53724
362.98131
362.5359
362.5623
362.46091
362.42484
362.95827
362.59405
362.53213
362.64502
357.97478
352.7769
361.1723
357.9609
352.4289
353.99717
352.39485
354.10662
352.35316
352.17785
351.36627
352.21203
351.35315
350.26373
349.65705
350.27793
349.65502
348.28311
347.68883
348.29246
347.69029
346.22366
345.61753
346.23349
345.6201
344.15448
343.53974
344.16548
343.54262
342.09487
341.47871
342.1068
341.48183
340.0506
339.43654
340.06314
339.43997
338.01999
337.40912
338.03295
337.41293
336.00075
335.39301
336.01407
335.39721
333.99097
333.38597
334.00464
333.39058
331.98926
331.3866
332.00328
331.39161
329.99449
329.39381
330.00887
329.39922
328.0056
327.40656
328.02035
327.41235
326.02152
325.42379
326.03664
325.42998
324.0412
323.44446
324.05669
323.45104
322.06358
321.46749
322.07945
321.47445
320.08757
319.4918
320.10382
319.49916
318.11211
317.51633
318.12875
317.52406
316.13612
315.53998
316.15314
315.5481
314.15849
313.56166
314.17591
313.57017
312.17815
311.5803
312.19598
311.58919
310.19402
309.5948
310.21226
309.60407
308.20498
307.60405
308.22364
307.6137
306.20994
305.60694
306.22901
305.61698
304.20777
303.60237
304.22727
303.61279
302.19736
301.5892
302.21729
301.6
300.17756
299.5663
300.19794
299.57748
298.14722
297.53251
298.16806
297.54409
296.10523
295.48673
296.12653
295.49871
294.05039
293.42777
294.07215
293.44014
291.98159
291.35462
292.00383
291.3674
289.89752
289.26598
289.92026
289.27919
287.79736
287.16157
287.8206
287.17527
285.67946
285.03982
285.70321
285.05408
283.54443
282.9042
283.56868
282.91927
281.38953
280.75335
281.41432
280.76963
279.22354
278.61091
279.24869
278.62966
277.04431
276.4849
277.06996
276.50829
274.91601
274.50316
274.94165
274.53721
272.89989
272.6869
272.92979
272.73431
271.65708
271.51572
271.69772
271.55778
271.48398
271.52593
271.47895
271.50149
271.92351
271.8536
361.60721
361.3436
361.60147
361.3358
361.23743
361.37632
361.18832
361.64969
361.30906
361.41885
361.36622
271.55209
271.17621
271.32472
271.96067
271.59776
271.0178
271.28653
271.30896
271.7753
271.32957
360.96043
360.65887
360.9645
360.69677
360.88315
360.94739
360.57455
361.11076
361.0446
360.94767
360.66002
270.63635
269.86072
269.84976
270.65953
270.57727
269.86933
269.93927
269.94944
270.6644
269.99366
360.43448
360.53269
360.91555
360.97118
360.95366
360.21042
360.5283
360.18486
357.53788
357.87602
357.52853
354.52849
355.04982
354.52105
351.96064
352.61132
351.94614
349.65971
350.32704
349.64163
347.53606
348.18886
347.51657
345.47241
346.10434
345.45294
343.42938
344.04737
343.41028
341.3923
342.00208
341.37357
339.36109
339.96613
339.34267
337.33752
337.93925
337.31935
335.32262
335.92163
335.30466
333.31622
333.91281
333.29848
331.31754
331.91199
331.30001
329.32552
329.91815
329.30821
327.33908
327.93023
327.32199
325.35714
325.94715
325.34026
323.37861
323.96783
323.36195
321.40243
321.99121
321.38599
319.42753
320.0162
319.4113
317.45283
318.04174
317.43682
315.47726
316.06675
315.46147
313.49974
314.09015
313.48416
311.51917
312.11086
311.50381
309.53445
310.12776
309.51931
307.5445
308.13978
307.52957
305.54819
306.1458
305.53348
303.54441
304.14471
303.52992
301.53203
302.13537
301.51775
299.5099
300.11667
299.49585
297.47687
298.08744
297.46303
295.43178
296.04654
295.41815
293.37335
293.99276
293.35993
291.30042
291.92494
291.2872
289.21126
289.84169
289.19822
287.10469
287.74193
287.09178
284.9767
285.62352
284.96377
282.82447
283.48561
282.81121
280.62842
281.32143
280.61379
278.36107
279.12625
278.3425
275.87356
276.85105
275.84391
272.8612
274.39872
272.79697
267.77525
262.59519
271.29039
267.72953
262.22537
268.07453
266.92488
266.87773
267.21296
267.92186
267.05572
267.01489
267.15467
268.09808
267.17757
263.3332
262.279
263.33957
262.23476
264.30921
262.78077
263.16639
263.69663
263.98378
262.89567
263.21658
265.14141
263.54209
263.76582
264.66115
264.99898
263.69685
263.86781
264.00857
265.13854
263.99957
261.50866
260.64472
261.52685
260.63385
261.9322
260.67227
260.77732
261.6763
261.80728
260.74924
260.83856
262.29244
260.91118
261.00719
262.06033
262.18717
261.01884
261.09027
261.14828
262.23055
261.12963
259.33674
258.40588
259.35928
258.39522
259.49365
258.3224
258.34812
259.3827
259.40284
258.40585
258.43133
259.62937
258.40538
258.43696
259.49629
259.54121
258.4975
258.5147
258.53766
259.54519
258.5198
256.92213
255.91822
256.94272
255.90393
257.05299
255.83563
255.8785
256.95357
256.96397
255.91961
255.96324
257.12851
255.94567
255.98262
257.02027
257.04553
256.03422
256.05595
256.07441
257.0384
256.05805
254.36218
253.23742
254.38566
253.2208
254.57564
253.22426
253.37604
254.42617
254.4849
253.31022
253.44927
254.73188
253.53029
253.62799
254.60022
254.65067
253.61986
253.69368
253.71786
254.64313
253.70181
251.63188
250.10123
251.6654
250.07268
252.13001
250.36046
250.9005
251.82417
252.02315
250.4422
250.93049
252.48348
251.23478
251.46761
252.28783
252.40396
251.32505
251.51835
251.54486
252.38883
251.52693
157.57376
157.50234
157.21641
157.1706
157.19135
157.16864
157.44539
157.6327
157.44995
157.6336
158.54492
158.90578
158.55857
158.91116
160.27505
160.8598
160.28721
160.87264
162.28059
163.00508
162.28898
163.02493
164.43528
165.21618
164.4411
165.23813
166.63017
167.43029
166.63479
167.45303
168.83044
169.63262
168.8344
169.65524
171.01812
171.8164
171.02168
171.83873
173.18897
173.98116
173.19222
174.0031
175.34142
176.12712
175.34441
176.14864
177.47603
178.25535
177.47878
178.27646
179.59367
180.36698
179.59618
180.38769
181.69554
182.46327
181.69781
182.48359
183.78287
184.54549
183.7849
184.56543
185.85693
186.61492
185.85872
186.63449
187.91898
188.67282
187.92053
188.69203
189.97031
190.72046
189.97161
190.73933
192.01216
192.7591
192.01322
192.77763
194.0458
194.78999
194.0466
194.8082
196.07247
196.8144
196.07303
196.83229
198.09344
198.83356
198.09374
198.85115
200.10993
200.84872
200.10998
200.86602
202.1232
202.86111
202.12298
202.87813
204.13448
204.87197
204.134
204.88872
206.145
206.88255
206.14425
206.89903
208.156
208.89406
208.15498
208.91029
210.16871
210.90775
210.16741
210.92372
212.18436
212.92483
212.18277
212.94057
214.20417
214.94654
214.2023
214.96206
216.22939
216.97411
216.22723
216.9894
218.26121
219.00875
218.25876
219.02383
220.30087
221.05166
220.29811
221.06654
222.34956
223.1041
222.3465
223.11878
224.40856
225.16731
224.40519
225.1818
226.47924
227.24263
226.47555
227.25693
228.56304
229.33129
228.55906
229.34542
230.66114
231.43382
230.65697
231.44785
232.77213
233.54741
232.76801
233.56169
234.88506
235.65958
234.88136
235.67496
236.95725
237.72851
236.95416
237.7476
238.87227
239.69275
238.86532
239.71811
240.29367
241.51034
240.25672
241.56572
248.41437
240.53371
244.9057
248.53783
240.12399
244.81602
249.76278
246.47761
248.56909
249.10045
249.68028
246.67741
248.66121
250.49937
249.32062
249.70409
250.21961
250.44266
249.41637
249.75064
249.75279
250.40719
249.73324
157.31545
156.96145
157.29119
156.98482
157.18792
156.95327
156.95582
157.16001
157.20821
156.92802
156.91607
157.68595
157.1358
157.1555
157.45926
157.663
157.29843
157.18369
158.99679
158.36914
158.38498
158.56918
158.91053
158.54683
158.32783
160.97532
160.10935
160.70844
160.32331
160.88495
160.22443
160.59714
163.10114
162.1379
163.00287
162.32285
163.01994
162.20467
162.89647
165.30612
164.33586
165.27311
164.48053
165.22769
164.37892
165.16717
167.51609
166.54558
167.50646
166.67467
167.43954
166.58129
167.40312
169.71648
168.75429
169.71538
168.87494
169.64097
168.78673
169.6132
171.89879
170.94494
171.90111
171.06188
171.824
170.97638
171.80025
174.06243
173.11783
174.06648
173.23205
173.98818
173.14879
173.96667
176.20738
175.27154
176.21257
175.38371
176.13358
175.30234
176.11381
178.3347
177.40732
178.34084
177.51756
178.26128
177.43804
178.24305
180.4455
179.52601
180.45252
179.63446
180.37241
179.55672
180.35566
182.54103
181.62892
182.54889
181.73562
182.46823
181.65964
182.45292
184.62256
183.71725
184.63125
183.82227
184.54999
183.74802
184.53611
186.69136
185.79229
186.70087
185.89569
186.61898
185.82315
186.60653
188.7487
187.85531
188.75902
187.95715
188.67646
187.88628
188.66544
190.79585
189.90759
190.80698
190.0079
190.72371
189.93869
190.7141
192.83407
191.95037
192.84599
192.04922
192.76198
191.98163
192.75379
194.8646
193.98492
194.87732
194.08236
194.79252
194.01638
194.78575
196.88871
196.01249
196.90222
196.10857
196.81659
196.04417
196.81124
198.90764
198.03433
198.92193
198.12909
198.83544
198.06627
198.83151
200.92263
200.05168
200.9377
200.14518
200.8503
200.08391
200.84779
202.93492
202.06579
202.95076
202.15808
202.86242
202.09833
202.86133
204.94574
204.07789
204.96236
204.16902
204.87303
204.11078
204.87337
206.95633
206.08921
206.97372
206.17922
206.88336
206.12248
206.88513
208.96793
208.101
208.98608
208.18994
208.89465
208.13468
208.89786
210.98176
210.11447
211.00067
210.2024
210.90813
210.1486
210.91279
212.99905
212.13088
213.01873
212.21782
212.92503
212.16548
212.93113
215.02104
214.15143
215.04148
214.23745
214.94658
214.18654
214.95413
217.04895
216.17736
217.07015
216.2625
216.974
216.21301
216.98301
219.08399
218.2099
219.10594
218.2942
219.00852
218.24612
219.01898
221.12736
220.25024
221.15006
220.33376
221.05133
220.28706
221.06325
223.18032
222.29954
223.20371
222.38239
223.10369
222.337
223.11703
225.24415
224.35906
225.26809
224.44136
225.16686
224.39718
225.18148
227.32013
226.43004
227.34424
226.51201
227.24213
226.46887
227.25757
229.40937
228.51392
229.4329
228.59563
229.33062
228.55358
229.34585
231.51217
230.61236
231.53416
230.6932
231.43273
230.65297
231.44609
233.62523
232.72575
233.64581
232.80338
233.54573
232.76711
233.5563
235.73692
234.8489
235.76496
234.91734
235.65954
234.88887
235.67513
237.8052
236.95718
237.87673
237.00319
237.73814
236.99022
237.79402
239.80142
239.02194
240.05512
238.99487
239.76135
239.03022
239.98663
241.75129
240.97835
242.32281
240.74828
241.80203
240.96008
242.3018
245.61381
243.19077
245.57857
242.52063
245.48094
243.09649
245.38157
249.07537
248.50101
248.70017
248.8532
249.0615
248.65528
248.73197
248.6405
248.99393
248.62951
156.27438
155.69138
156.32189
155.73593
156.49311
155.60136
155.64091
156.2497
156.3358
155.68722
155.64837
248.35114
247.94717
248.26258
248.43119
248.4388
248.04038
248.2538
247.94401
248.29653
247.99088
153.86314
153.00058
153.8994
153.02408
153.25235
152.73084
152.78236
153.73367
153.05058
152.86686
152.90586
157.09809
148.49969
153.6087
157.16269
148.13187
160.25581
158.6596
160.26258
162.73697
161.73005
162.74076
165.05196
164.26286
165.05205
167.29537
166.57769
167.29428
169.50739
168.81968
169.50554
171.69397
171.01921
171.69164
173.85962
173.19339
173.85685
176.0056
175.34562
176.00242
178.13356
177.47906
178.12999
180.24475
179.59508
180.24079
182.3405
181.69523
182.33616
184.4221
183.78079
184.41739
186.49084
185.85309
186.48577
188.548
187.91341
188.54257
190.59486
189.96302
190.58908
192.63266
192.00319
192.62654
194.66268
194.03517
194.65622
196.68615
196.06022
196.67936
198.70432
198.07958
198.69722
200.71844
200.09451
200.71103
202.72975
202.10623
202.72204
204.7395
204.116
204.73149
206.74888
206.12504
206.74059
208.75917
208.13458
208.75059
210.77157
210.14587
210.76272
212.78733
212.16011
212.77822
214.80766
214.17855
214.79829
216.8338
216.20241
216.82418
218.86698
218.23292
218.85712
220.90842
220.27134
220.89833
222.95933
222.31889
222.949
225.02073
224.37666
225.01018
227.09324
226.4452
227.0825
229.17675
228.52382
229.1659
231.27081
230.61039
231.26007
233.37767
232.70421
233.36732
235.5114
234.81787
235.50129
237.70835
236.99967
237.69668
240.04884
239.36363
240.02928
242.56928
242.01639
242.53413
245.42819
245.02648
245.38509
247.83103
247.44469
247.80357
248.21119
248.29804
248.27125
247.79576
151.00027
149.92002
151.02749
149.91162
150.68828
149.67607
149.45366
150.89072
150.55376
149.77851
149.60713
149.83719
149.08847
148.70406
149.91198
149.60194
149.13902
148.82034
148.20171
149.25217
148.15744
148.15
147.09339
148.16577
147.07475
148.07212
146.94735
146.84758
148.11913
147.98901
147.03116
146.95574
147.65245
146.71636
146.60929
147.74155
147.60737
146.77653
146.68673
146.58127
147.45808
146.57028
145.48953
144.49887
145.50226
144.4804
145.52665
144.39274
144.35676
145.49432
145.44484
144.47146
144.45
145.3929
144.29928
144.2723
145.3497
145.32932
144.38155
144.35671
144.3574
145.30697
144.34649
142.9942
142.04531
143.00711
142.02787
143.06727
141.94739
141.90596
143.01031
142.98096
142.0219
141.99589
142.98685
141.83689
141.79338
142.92162
142.91244
141.9212
141.87897
141.8793
142.90354
141.86444
140.60768
139.69722
140.62113
139.6796
140.65189
139.59924
139.49534
140.62392
140.56889
139.66642
139.58663
140.46323
139.33425
139.17981
140.44786
140.39037
139.4075
139.26814
139.19525
140.3517
139.17735
138.3645
137.53486
138.377
137.51481
138.33564
137.44548
137.20154
138.38573
138.26264
137.49839
137.2946
137.85147
136.84708
136.29548
137.98446
137.78403
136.87743
136.3804
136.02323
137.62274
135.99215
136.40177
135.76677
136.41254
135.74434
136.23667
135.69915
135.29632
136.43873
136.20297
135.74913
135.39743
135.07977
134.48859
132.35149
135.63182
135.04346
134.57946
132.55733
130.66021
126.08148
134.45279
130.5633
125.65102
127.01596
125.71036
127.07043
125.66802
124.99216
124.08758
125.01633
124.07736
122.79135
121.92396
122.81006
121.918
120.44927
119.56461
120.46476
119.55805
118.02922
117.13132
118.04397
117.12422
115.57664
114.6705
115.59139
114.66324
113.10682
112.19494
113.1219
112.1878
110.62391
109.707
110.63941
109.70009
108.12802
107.20602
108.14396
107.19937
105.61833
104.69093
105.6347
104.68454
103.09393
102.16082
103.11075
102.15469
100.55404
99.614917
100.5713
99.609047
97.997922
97.052507
98.015622
97.046886
95.424852
94.472878
95.443005
94.467507
92.83413
91.875322
92.852744
91.870201
90.225039
89.259123
90.244124
89.254253
87.596858
86.623559
87.616419
86.618939
84.948858
83.96789
84.968905
83.963518
82.280303
81.291388
82.300839
81.287261
79.590443
78.5933
79.611482
78.589422
76.878543
75.872884
76.900094
75.869256
74.143847
73.129388
74.165925
73.126015
71.38562
70.362061
71.408225
70.358933
68.603047
67.570105
68.626197
67.567232
65.795401
64.752767
65.819101
64.750142
62.961872
61.909249
62.98614
61.90688
60.101695
59.038775
60.126534
59.036657
57.21404
56.140517
57.239465
56.138656
54.298111
53.213664
54.324134
53.21206
51.353071
50.257377
51.379705
50.256032
48.378073
47.270794
48.405328
47.269709
45.37224
44.253033
45.400131
44.25221
42.334676
41.20318
42.363215
41.202621
39.264448
38.12029
39.293652
38.12
36.160608
35.003385
36.19048
35.003358
33.022099
31.851391
33.052656
31.851629
29.847873
28.663218
29.879125
28.663718
26.63674
25.437625
26.668701
25.438386
23.387569
22.173435
23.420225
22.174438
20.098912
18.869152
20.132285
18.87037
16.770416
15.524374
16.8043
15.525614
13.40063
12.138821
13.435033
12.139549
10.003048
8.723298
10.033553
8.716203
6.5301662
5.2200484
6.5564246
5.193466
2.8433915
0.862589
2.907732
0.89332455
135.04454
134.72001
135.04008
134.70352
134.69575
134.72023
134.48614
135.08083
134.84513
134.76364
134.65786
127.9709
131.34333
128.84008
131.27618
128.14488
131.14769
128.75874
126.09234
127.82826
126.39064
127.30242
126.16708
127.814
126.392
124.11787
125.33618
124.19878
125.0469
124.19908
125.273
124.22652
121.85957
122.9096
121.87835
122.78406
121.95634
122.83311
121.93243
119.48354
120.52542
119.48205
120.43243
119.5837
120.44046
119.54386
117.0494
118.10087
117.0377
118.01118
117.15028
118.01497
117.1011
114.5902
115.6517
114.57449
115.55996
114.6913
115.56593
114.63735
112.11562
113.18472
112.09875
113.09129
112.21717
113.09868
112.16086
109.62797
110.70365
109.61098
110.60919
109.73019
110.61683
109.67249
107.12694
108.20871
107.1099
108.11388
107.22994
108.12082
107.17097
104.6117
105.69958
104.59447
105.60471
104.71554
105.6105
104.65517
102.08142
103.17562
102.0639
103.08084
102.18614
103.08532
102.12423
99.535356
100.63616
99.517494
100.5415
99.640974
100.54464
99.577481
96.972785
98.080518
96.954568
97.985955
97.079331
97.987743
97.01422
94.393004
95.507975
94.374429
95.413487
94.500503
95.413929
94.433765
91.795303
92.917822
91.776368
92.823392
91.903781
92.822487
91.8354
89.178962
90.309348
89.159668
90.214952
89.288444
90.212698
89.218415
86.543251
87.68182
86.523598
87.587441
86.653765
87.583833
86.582073
83.887437
85.034515
83.867426
84.940129
83.999011
84.935167
83.925643
81.210783
82.366691
81.190416
82.27228
81.323444
82.265957
81.248393
78.512555
79.677616
78.491828
79.583158
78.62633
79.575472
78.549576
75.792004
76.966539
75.770915
76.872021
75.906921
76.86296
75.828449
73.048382
74.232722
73.026926
74.138123
73.16447
74.127684
73.084258
70.28091
71.475397
70.259093
71.380699
70.3982
71.368869
70.316239
67.488829
68.693787
67.466641
68.598971
67.607347
68.585745
67.523612
64.67136
65.88713
64.648797
65.792183
64.791136
65.777547
64.705605
61.827723
63.054644
61.80478
62.959551
61.948788
62.943489
61.86144
58.957119
60.195537
58.933796
60.100286
59.079506
60.082786
58.990316
56.058748
57.309011
56.03504
57.213584
56.182485
57.194629
56.091435
53.131785
54.394255
53.107688
54.298636
53.256907
54.278215
53.16397
50.175394
51.450438
50.150904
51.354611
50.301934
51.332706
50.207086
47.188712
48.476708
47.163822
48.380658
47.316705
48.357254
47.219913
44.170857
45.472194
44.145557
45.375905
44.30034
45.350981
44.201574
41.120918
42.435993
41.095195
42.339453
41.251927
42.312987
41.151148
38.037947
39.367178
38.011783
39.270375
38.170524
39.242342
38.067687
34.920949
36.264781
34.894332
36.167703
35.055142
36.138076
34.950198
31.76887
33.127773
31.741765
33.030404
31.904725
32.999157
31.797615
28.580617
29.955092
28.553007
29.857419
28.718191
29.824509
28.608853
25.354946
26.745543
25.326745
26.647557
25.494293
26.612952
25.382617
22.090734
23.498034
22.061977
23.399695
22.231945
23.363321
22.117848
18.786574
20.211149
18.756997
20.112424
18.92968
20.074262
18.812915
15.442468
16.884795
15.412668
16.78538
15.587631
16.745245
15.468296
12.059778
13.519516
12.030161
13.41814
12.20685
13.376364
12.084931
8.6396904
10.130278
8.6179074
10.020476
8.7882785
9.9788967
8.6689556
5.128174
6.7661846
5.1909593
6.6019681
5.2849322
6.5663794
5.1998338
0.86007897
3.2224769
0.89726802
3.2776686
0.90661718
3.1657467
0.91162257
134.46577
134.31492
134.45977
134.3003
134.34312
134.39461
134.00546
134.53011
134.48495
134.40141
134.10468
134.4263
134.43215
134.37907
134.528
134.41608
133.40604
133.82742
133.3876
130.8091
131.24464
130.80904
127.58143
128.18249
127.58521
124.69586
125.44175
124.69496
122.06908
122.8494
122.06383
119.59376
120.36723
119.58665
117.15801
117.91918
117.15068
114.71434
115.47086
114.70721
112.2501
113.00788
112.24311
109.7665
110.52817
109.75954
107.26635
108.03266
107.25934
104.75099
105.52212
104.74392
102.22049
102.99654
102.21334
99.67431
100.45542
99.667078
97.111715
97.8981
97.104405
94.53197
95.323856
94.524578
91.934339
92.731962
91.926865
89.318106
90.121697
89.310541
86.68253
87.492331
86.674877
84.026896
84.843139
84.019147
81.350457
82.173384
81.342612
78.652478
79.482328
78.644531
75.932201
76.769225
75.924155
73.188896
74.033334
73.180741
70.421786
71.273883
70.413518
67.630097
68.490106
67.621716
64.813057
65.681234
64.80456
61.969882
62.846487
61.961267
59.099781
59.985074
59.091043
56.201947
57.096195
56.193084
53.275566
54.17904
53.266574
50.319804
51.232782
50.310681
47.333808
48.256572
47.32455
44.316702
45.249546
44.307308
41.267586
42.210808
41.258053
38.185519
39.13944
38.175849
35.06955
36.034491
35.05974
31.91863
32.89495
31.908682
28.731754
29.719788
28.721674
25.507637
26.507843
25.497427
22.245477
23.25807
22.235147
18.943326
19.969012
18.932846
15.602573
16.64042
15.591898
12.220985
13.27037
12.209561
8.8205868
9.8664725
8.8042557
5.425204
6.4027482
5.3739089
1.2670632
2.8696523
1.2940692
631.06878
622.75704
630.56222
622.92179
620.7981
618.26101
620.81847
618.25282
616.07889
614.6202
616.10539
614.61176
612.56274
611.43037
612.57501
611.42302
609.37043
608.36181
609.37963
608.3586
606.26024
605.29322
606.2682
605.29224
603.17508
602.22101
603.18273
602.22091
600.11333
599.16472
600.12097
599.16474
597.08094
596.13773
597.08866
596.13759
594.08119
593.14503
594.08892
593.14469
591.11363
590.1859
591.12129
590.18541
588.17614
587.25742
588.18367
587.25684
585.26646
584.35671
585.27384
584.35607
582.38296
581.48185
582.39019
581.48117
579.52457
578.63174
579.53165
578.63102
576.69057
575.80572
576.69751
575.80497
573.88036
573.00324
573.88716
573.00245
571.09332
570.22374
571.09998
570.22291
568.32883
567.46657
568.33536
567.4657
565.58623
564.73109
565.59263
564.73018
562.8649
562.01665
562.87117
562.0157
560.16419
559.32262
560.17034
559.32163
557.48347
556.64837
557.48949
556.64734
554.82211
553.99326
554.82801
553.99218
552.17947
551.35667
552.18525
551.35555
549.55492
548.73794
549.56058
548.73678
546.94782
546.13647
546.95337
546.13525
544.35756
543.5516
544.36299
543.55034
541.78347
540.98271
541.78879
540.9814
539.22493
538.42916
539.23014
538.4278
536.68131
535.8903
536.6864
535.88889
534.15196
533.36551
534.15694
533.36404
531.63622
530.85412
531.64109
530.85259
529.13346
528.3555
529.13822
528.35391
526.64301
525.86898
526.64765
525.86733
524.1642
523.39393
524.16872
523.39221
521.69632
520.9297
521.70073
520.92791
519.23865
518.4757
519.24292
518.47385
516.79044
516.0316
516.79455
516.0297
514.35085
513.59748
514.35476
513.59556
511.91925
511.17517
511.92288
511.17337
509.49558
508.77006
509.49874
508.7687
507.08345
506.39957
507.08575
506.39941
504.6985
504.1031
504.69938
504.10577
502.40482
501.98188
502.40396
501.98957
500.38824
500.19105
500.38787
500.20548
499.15709
498.98544
499.16286
498.99455
498.89309
498.85698
498.8868
498.85868
498.94882
498.9553
499.08553
498.68502
498.88424
499.55013
499.09292
498.58703
498.89987
498.89568
499.23168
498.92196
621.66433
625.54671
620.92827
625.88661
621.90072
625.02842
621.20077
618.80818
620.23719
618.22014
620.64128
618.77959
620.21012
618.19531
615.12291
615.9887
614.77986
616.41281
615.10472
616.02477
614.77093
611.66136
612.65827
611.49431
612.90117
611.6413
612.67267
611.48766
608.35853
609.41966
608.29067
609.60738
608.34131
609.44096
608.28919
605.18161
606.27228
605.15927
606.42893
605.16441
606.29525
605.15944
602.0784
603.17418
602.0771
603.31026
602.06068
603.19791
602.07801
599.02693
600.11756
599.03464
600.23762
599.00874
600.14124
599.03584
596.01443
597.09566
596.02556
597.20404
595.99621
597.11909
596.02689
593.03397
594.10489
593.04632
594.20589
593.01592
594.12796
593.04765
590.08172
591.14267
590.09471
591.23953
590.0639
591.16532
590.09596
587.15591
588.20742
587.16953
588.30203
587.1383
588.22965
587.17065
584.25586
585.29829
584.27019
585.39147
584.23844
585.3201
584.27116
581.38124
582.41477
581.39624
582.50676
581.36398
582.43615
581.39706
578.53157
579.55633
578.54715
579.64718
578.51447
579.5773
578.54782
575.70623
576.72239
575.72233
576.8121
575.68928
576.74295
575.72284
572.90453
573.91231
572.92113
574.0009
572.88774
573.93247
572.92148
570.12579
571.12544
570.14287
571.21293
570.10915
571.14519
570.14306
567.36935
568.36112
567.38692
568.44754
567.35284
568.38048
567.38694
564.63456
565.61871
564.65263
565.70406
564.61819
565.63768
564.65248
561.92078
562.89757
561.93936
562.98187
561.90454
562.91615
561.93905
559.22741
560.19708
559.2465
560.28033
559.2113
560.21528
559.24602
556.5538
557.51659
556.5734
557.59881
556.53781
557.53442
556.57274
553.89931
554.85548
553.91943
554.93667
553.88343
554.87293
553.9186
551.26331
552.21311
551.28397
552.29328
551.24755
552.23019
551.28295
548.64516
549.58884
548.66636
549.66801
548.62951
549.60556
548.66516
546.04424
546.98204
546.06598
547.06021
546.02869
546.9984
546.06459
543.45991
544.39208
543.4822
544.46926
543.44446
544.40808
543.48062
540.89153
541.81833
540.91438
541.89452
540.87618
541.83397
540.9126
538.33847
539.26013
538.36188
539.33535
538.3232
539.27543
538.35991
535.80007
536.71687
535.82406
536.79111
535.78488
536.73182
535.82189
533.27569
534.18789
533.30029
534.26116
533.26058
534.20249
533.29791
530.76469
531.67254
530.7899
531.74485
530.74966
531.6868
530.78731
528.26639
529.17017
528.29222
529.24153
528.25142
529.1841
528.28941
525.78008
526.68009
525.80657
526.7505
525.76517
526.69368
525.80354
523.305
524.20162
523.33221
524.27108
523.29014
524.21487
523.32895
520.84028
521.73398
520.86832
521.8025
520.82546
521.74691
520.86482
518.3848
519.27633
518.41386
519.34391
518.36998
519.28893
518.41012
515.93689
516.82756
515.9674
516.89427
515.92201
516.83988
515.96339
513.49367
514.38608
513.52643
514.45215
513.47858
514.39816
513.52211
511.04988
511.94919
511.08617
512.01545
511.03425
511.96115
511.08142
508.59487
509.51144
508.63578
509.58087
508.57797
509.52355
508.63019
506.11007
507.06195
506.15029
507.14437
506.09015
507.07458
506.14242
503.56507
504.57587
503.56018
504.70412
503.53942
504.58967
503.54574
500.97679
502.01224
500.66704
502.28541
500.94106
502.02555
500.62968
498.61079
499.29757
496.66034
499.99777
498.68633
499.29821
496.67305
498.22641
497.37257
497.43832
498.35242
498.2576
497.25113
497.44926
497.51738
498.40647
497.54854
621.82205
629.86794
621.97997
618.36569
620.90957
618.34459
614.76468
616.23959
614.76426
611.43981
612.74767
611.44129
608.22122
609.48468
608.22419
605.08195
606.32321
605.08481
601.99777
603.21979
602.00051
598.95618
600.16103
598.95881
595.94901
597.13866
595.95155
592.97162
594.14794
592.97403
590.02153
591.18581
590.02374
587.09765
588.25065
587.09961
584.1995
585.34159
584.20122
581.32672
582.45814
581.32819
578.47881
579.5998
578.48003
575.65514
576.76596
575.65613
572.85506
573.95597
572.85581
570.0779
571.16919
570.07842
567.32301
568.40495
567.3233
564.58976
565.66263
564.58982
561.87751
562.94157
561.87735
559.18564
560.24115
559.18525
556.51351
557.56074
556.51289
553.86049
554.8997
553.85964
551.22594
552.25739
551.22487
548.60923
549.6332
548.60793
546.00973
547.02647
546.00821
543.4268
544.43658
543.42505
540.85982
541.86289
540.85784
538.30813
539.30477
538.30593
535.77111
536.76157
535.76868
533.24811
534.23266
533.24545
530.73847
531.7174
530.73558
528.24153
529.21511
528.23841
525.75658
526.72511
525.75322
523.28289
524.2467
523.27928
520.81959
521.77913
520.81573
518.3656
519.32149
518.36146
515.91928
516.87264
515.91483
513.47776
514.43085
513.47291
511.03517
511.99307
511.02973
508.57768
509.55295
508.57121
506.06955
507.09605
506.061
503.40151
504.58391
503.38862
500.21652
501.91519
500.18879
494.64133
489.53304
498.87502
494.50889
489.17489
495.14865
492.27094
493.03621
495.70559
495.13112
492.14078
492.97061
495.88225
494.06537
494.39747
495.85338
495.92981
494.03595
494.38892
494.64286
496.12304
494.65097
491.34186
489.8668
491.35466
489.81486
491.91513
490.37558
490.66349
491.71904
491.95297
490.33431
490.63527
492.69839
491.19118
491.37884
492.53491
492.73556
491.16738
491.36553
491.51145
492.90349
491.50438
489.27332
488.24415
489.28932
488.23049
489.4468
488.34317
488.41352
489.37616
489.46503
488.32482
488.39561
489.7902
488.59142
488.64824
489.71413
489.8102
488.57244
488.63172
488.67417
489.86785
488.66154
487.00456
485.98611
487.02236
485.97756
487.02212
486.00576
486.02357
487.03142
487.0417
485.99305
486.00904
487.13484
486.08698
486.09602
487.125
487.15036
486.0702
486.08027
486.09056
487.15824
486.07844
484.5583
483.50423
484.57417
483.49516
484.56805
483.52972
483.56254
484.58133
484.58606
483.5163
483.54807
484.63774
483.63728
483.65151
484.63919
484.65191
483.62137
483.63747
483.64692
484.65042
483.63655
482.00358
480.87075
482.01968
480.86172
482.07228
480.95193
481.06334
482.06268
482.09047
480.93609
481.05103
482.22932
481.25449
481.30327
482.20758
482.24298
481.24162
481.29315
481.30972
482.24478
481.30221
479.28967
477.89203
479.30794
477.88802
479.5316
478.06374
478.49865
479.51706
479.54813
478.14575
478.61532
479.93451
479.08205
479.16705
479.84464
479.94405
479.08409
479.1649
479.17378
479.94649
479.17196
384.54042
384.46419
384.21228
384.19893
384.18031
384.1777
384.27841
384.41569
384.27814
384.41314
385.44448
385.62054
385.4516
385.61279
387.18525
387.58261
387.18543
387.57399
389.22271
389.78182
389.2178
389.77455
391.39853
392.0343
391.39082
392.02819
393.61341
394.27964
393.60459
394.27427
395.82991
396.50426
395.82075
396.49932
398.03228
398.70598
398.02312
398.70133
400.21633
400.88591
400.2073
400.88148
402.38116
403.04559
402.37232
403.04135
404.5275
405.18661
404.51886
405.18255
406.65645
407.31044
406.64803
407.30656
408.76932
409.41853
408.76111
409.41484
410.86744
411.51228
410.85945
411.50877
412.95216
413.59304
412.9444
413.58972
415.02483
415.66216
415.01728
415.65903
417.08674
417.72096
417.07941
417.71802
419.13923
419.77074
419.13211
419.76801
421.18357
421.8128
421.17668
421.81027
423.22107
423.84842
423.21439
423.8461
425.25299
425.87887
425.24654
425.87675
427.28061
427.90541
427.27437
427.90351
429.30515
429.92928
429.29913
429.9276
431.32787
431.95172
431.32206
431.95027
433.34999
433.97398
433.34441
433.97275
435.37276
435.99725
435.36739
435.99626
437.39737
438.02277
437.39222
438.02202
439.42505
440.05174
439.42012
440.05123
441.45701
442.08537
441.4523
442.0851
443.49444
444.12485
443.48996
444.12484
445.5385
446.17135
445.53424
446.17159
447.59028
448.22601
447.58624
448.22652
449.65087
450.29006
449.64703
450.29084
451.72172
452.36502
451.71811
452.36608
453.80562
454.45327
453.80228
454.45456
455.90793
456.55856
455.90498
456.55994
458.0366
458.68546
458.03426
458.68672
460.19474
460.83299
460.19315
460.83411
462.36139
462.98561
462.36002
462.98745
464.43252
465.07871
464.42887
465.08591
466.21003
467.10813
466.19589
467.13068
467.18805
469.0732
467.13831
469.13914
476.1317
466.87491
472.774
476.15796
466.58045
472.75853
477.81468
477.53447
477.40382
477.44682
477.82854
477.58881
477.41624
477.4036
477.84867
477.41237
384.52694
384.05385
384.51352
384.06817
384.79929
384.01834
383.83571
384.31241
384.7539
384.02792
383.74333
476.49612
476.22429
476.27401
476.10622
476.51451
476.30686
476.29264
476.20849
476.45416
476.22
383.44834
382.5911
383.49319
382.61629
383.51717
382.51051
382.44243
383.32764
383.47451
382.52009
382.32704
385.13916
381.92837
384.5184
383.83918
385.18353
381.94218
384.52283
387.37759
385.84453
387.15109
386.08652
387.40383
385.81018
387.16498
389.69263
388.63216
389.60042
388.59754
389.71384
388.61886
389.61356
391.99467
391.08953
391.94356
391.02034
392.01289
391.08223
391.95497
394.26102
393.41352
394.22107
393.34831
394.2779
393.40836
394.23167
396.49497
395.67317
396.45746
395.61471
396.51116
395.66884
396.46771
398.70126
397.89336
398.66368
397.8397
398.71706
397.88954
398.67386
400.88376
400.08519
400.84548
400.03471
400.89929
400.08177
400.85575
403.04518
402.25386
403.00607
402.20561
403.06051
402.25082
403.01648
405.1876
404.40241
405.14764
404.3559
405.20275
404.39972
405.15823
407.3127
406.53289
407.2719
406.48789
407.3277
406.53056
407.28269
409.42202
408.64698
409.38038
408.60334
409.43689
408.64499
409.39138
411.51702
410.7462
411.47454
410.70384
411.53176
410.74454
411.48576
413.59908
412.83196
413.55576
412.79082
413.6137
412.83063
413.56719
415.66953
414.90562
415.62537
414.86566
415.68404
414.90461
415.63702
417.7297
416.96851
417.6847
416.9297
417.74411
416.96781
417.69658
419.7809
419.02195
419.73505
418.98424
419.79521
419.02155
419.74716
421.82443
421.06724
421.77773
421.0306
421.83866
421.06714
421.79007
423.86156
423.10566
423.81401
423.07005
423.87571
423.10584
423.82659
425.89357
425.1385
425.84516
425.10388
425.90766
425.13896
425.85798
427.92172
427.167
427.87244
427.13335
427.93575
427.16773
427.88551
429.94725
429.19242
429.89709
429.1597
429.96123
429.19342
429.91042
431.9714
431.216
431.92036
431.18419
431.98534
431.21727
431.93395
433.9954
433.23898
433.94348
433.20804
434.00932
433.2405
433.95732
436.02048
435.26258
435.96766
435.23249
436.03437
435.26435
435.98177
438.04784
437.28802
437.99413
437.25873
438.06172
437.29003
438.00851
440.07871
439.31651
440.02409
439.288
440.09258
439.31875
440.03874
442.11427
441.34924
442.05873
441.32148
442.12815
441.35172
442.07366
444.15574
443.38742
444.09926
443.36038
444.16963
443.39012
444.11448
446.20432
445.43225
446.14689
445.40593
446.21823
445.43518
446.1624
448.2612
447.48495
448.2028
447.45939
448.27513
447.48809
448.21861
450.32755
449.54669
450.26815
449.52199
450.3415
449.55004
450.28425
452.40459
451.61852
452.34395
451.59486
452.41859
451.62208
452.36036
454.49388
453.70129
454.43111
453.67865
454.50804
453.70503
454.44782
456.59789
455.79567
456.53071
455.77341
456.61259
455.79951
456.54771
458.72145
457.90317
458.64556
457.8796
458.73735
457.90691
458.66273
460.86983
460.02817
460.78204
460.0013
460.88778
460.03159
460.79928
463.05244
462.18482
462.95767
462.15544
463.07103
462.18769
462.97447
465.24202
464.39724
465.19545
464.37633
465.25421
464.40062
465.21256
467.50319
466.74051
467.56375
466.76696
467.48902
466.74645
467.58051
469.6383
469.22103
470.05746
469.44661
469.57507
469.23687
470.0811
472.16368
472.09927
472.83098
472.39739
472.06461
472.13092
472.87563
475.38357
474.78844
475.25155
474.84971
475.30618
474.82667
475.28826
475.95206
475.84658
475.86019
475.85382
475.97442
475.88345
475.89326
475.66738
475.83165
475.7146
381.15747
379.76756
381.21762
379.77313
380.93865
379.52959
379.21989
381.03238
380.9947
379.51982
379.19097
380.96474
378.24188
377.5145
380.31406
380.94625
378.17694
377.38563
384.10005
374.8518
379.79276
384.14125
374.49725
387.0554
385.38742
387.07194
389.60815
388.47651
389.6192
391.97712
391.01399
391.98558
394.26106
393.36194
394.26897
396.4989
395.6296
396.50675
398.70508
397.85289
398.71307
400.88632
400.04599
400.8945
403.04612
402.21518
403.05453
405.18681
404.36391
405.19546
407.31016
406.49442
407.31906
409.41773
408.60846
409.4269
411.51097
410.70755
411.52041
413.59128
412.79315
413.60098
415.65998
414.8666
415.66996
417.71841
416.92925
417.72867
419.76787
418.98242
419.77843
421.80967
421.0274
421.82052
423.84507
423.06548
423.85622
425.87536
425.09794
425.88681
427.90178
427.12603
427.91354
429.92559
429.15102
429.93767
431.94801
431.17413
431.96042
433.97029
433.19661
433.98303
435.99365
435.21968
436.00672
438.01928
437.24455
438.03271
440.04842
439.27243
440.0622
442.08224
441.30453
442.09638
444.12197
443.34205
444.13647
446.1688
445.38619
446.18367
448.22394
447.43819
448.23919
450.28853
449.49923
450.30418
452.36361
451.57037
452.37966
454.44998
453.65228
454.46645
456.54856
455.7452
456.5654
458.6618
457.8498
458.67891
460.79672
459.97045
460.81395
462.97194
462.12325
462.98903
465.22344
464.34698
465.24122
467.62809
466.73205
467.64864
470.21585
469.36244
470.24908
472.99704
472.31296
473.04763
475.29844
474.91153
475.35812
475.82378
475.89444
475.88079
378.01116
376.67648
378.04966
376.66842
377.66521
376.54328
376.36397
377.88399
377.69934
376.52973
376.34078
376.89773
375.85441
375.57868
377.14253
376.92798
375.82654
375.53708
375.08695
376.58007
375.03334
375.0198
373.8499
375.03793
373.83653
374.86523
373.8201
373.76344
374.97783
374.88477
373.80343
373.74471
374.54081
373.58956
373.5226
374.64271
374.55799
373.5716
373.50342
373.42883
374.47587
373.41364
372.31813
371.262
372.32964
371.24918
372.27498
371.26416
371.25368
372.31891
372.29264
371.24824
371.23704
372.18247
371.19123
371.17491
372.21053
372.20124
371.17667
371.16151
371.15829
372.19486
371.1487
369.80477
368.81082
369.81564
368.79985
369.78536
368.81316
368.79718
369.81509
369.80108
368.79893
368.78131
369.72656
368.72308
368.69065
369.7483
369.74414
368.70858
368.67668
368.66699
369.73886
368.65718
367.39179
366.46638
367.40322
366.45839
367.34838
366.45861
366.40664
367.39988
367.36254
366.4484
366.39374
367.19906
366.21727
366.1028
367.24555
367.21741
366.20507
366.08648
366.02081
367.17495
366.01119
365.08939
364.3241
365.09957
364.32178
364.98367
364.31828
364.22557
365.09611
364.99226
364.31608
364.22726
364.64169
363.65453
363.20268
364.69668
364.66393
363.77386
363.28562
363.01874
364.45168
363.01403
362.99112
362.54443
362.99972
362.55241
362.56717
362.54743
362.65864
362.97917
362.58462
362.56015
362.71203
357.81816
351.91981
361.28621
357.80092
351.62464
354.10705
352.22732
354.1716
352.17695
352.2216
351.32323
352.24427
351.30768
350.29039
349.65553
350.29751
349.65066
348.30076
347.69462
348.30237
347.69232
346.23823
345.62163
346.23888
345.61933
344.16808
343.54134
344.16872
343.53847
342.10853
341.47907
342.10926
341.4757
340.06452
339.43659
340.06519
339.43288
338.03417
337.40932
338.03466
337.40536
336.01514
335.39348
336.0154
335.38931
334.00555
333.38674
334.00559
333.38237
332.00405
331.38766
332.00385
331.38309
330.00949
329.39514
330.00907
329.39038
328.02081
327.40816
328.02017
327.40321
326.03697
325.42567
326.03611
325.42052
324.05689
323.44662
324.05583
323.44128
322.07952
321.46993
322.07825
321.46439
320.10377
319.49452
320.1023
319.48879
318.12858
317.51932
318.12691
317.5134
316.15286
315.54325
316.151
315.53714
314.17553
313.56521
314.17347
313.55891
312.1955
311.58413
312.19326
311.57764
310.21167
309.59891
310.20925
309.59223
308.22296
307.60844
308.22036
307.60157
306.22825
305.61162
306.22547
305.60455
304.22642
303.60732
304.22347
303.60007
302.21636
301.59443
302.21324
301.58699
300.19693
299.57182
300.19364
299.56418
298.16698
297.53832
298.16353
297.53049
296.12538
295.49284
296.12176
295.48482
294.07093
293.43417
294.06716
293.42596
292.00254
291.36134
291.9986
291.35294
289.91887
289.27303
289.91477
289.26444
287.8191
287.16901
287.81482
287.16028
285.70153
285.04772
285.69708
285.03886
283.56666
282.91287
283.56197
282.90404
281.41164
280.76316
281.40664
280.75456
279.24457
278.62358
279.23898
278.616
277.0627
276.50257
277.05622
276.49726
274.92725
274.53322
274.91898
274.53385
272.90077
272.72323
272.8918
272.72989
271.66011
271.52561
271.65632
271.52496
271.46565
271.46984
271.44491
271.4402
271.7739
271.70469
361.60823
361.34417
361.61478
361.35364
361.24096
361.43554
361.34499
361.67834
361.27626
361.45492
361.42264
271.56842
271.09762
271.31375
272.01452
271.55445
271.0093
271.32769
271.34545
271.74687
271.3623
360.97989
360.74428
360.99651
360.78569
360.99963
360.99374
360.62967
361.1519
361.07523
361.03131
360.69988
270.59964
270.00662
269.96802
270.77706
270.62642
269.90302
269.98635
270.03042
270.74823
270.06883
360.64287
360.73871
361.00575
361.09439
361.06082
360.32081
360.68059
360.34333
357.63824
357.95312
357.66581
354.57432
355.07652
354.5962
351.95994
352.62682
351.97292
349.64253
350.3446
349.65113
347.51621
348.20906
347.52321
345.4548
346.12622
345.4616
343.41397
344.06946
343.42081
341.37808
342.02374
341.38485
339.3473
339.98709
339.35387
337.32381
337.95951
337.33009
335.30886
335.9412
335.31483
333.30241
333.93174
333.30806
331.30368
331.9303
331.30902
329.31164
329.93585
329.31665
327.32517
327.94733
327.32988
325.34319
325.96365
325.34759
323.36463
323.98375
323.36872
321.38842
322.00654
321.3922
319.41348
320.03097
319.41696
317.43876
318.05595
317.44192
315.46316
316.08041
315.46602
313.4856
314.10327
313.48815
311.505
312.12344
311.50724
309.52026
310.13982
309.52219
307.53027
308.15132
307.5319
305.53393
306.15682
305.53525
303.53012
304.15522
303.53113
301.51771
302.14539
301.51841
299.49556
300.12619
299.49594
297.46249
298.09647
297.46256
295.41737
296.05509
295.41712
293.35889
294.00084
293.35832
291.28591
291.93257
291.28501
289.19667
289.84889
289.19542
287.08997
287.74876
287.08836
284.96165
285.63013
284.95956
282.80872
283.4923
282.80599
280.61046
281.32914
280.60641
278.33748
279.1371
278.33058
275.83416
276.87204
275.81979
272.77274
274.44002
272.73725
267.57119
261.70762
271.41519
267.53058
261.39643
267.94963
267.1884
267.03581
267.18483
267.98669
267.1537
267.04901
267.20005
268.17516
267.22455
263.32347
262.18176
263.29425
262.1266
264.10301
262.88695
263.22741
263.66242
264.02807
262.85951
263.22268
265.00477
263.6992
263.87256
264.6327
265.02593
263.69188
263.87019
263.99629
265.19447
263.99606
261.53514
260.62003
261.53969
260.60686
261.80549
260.74307
260.83322
261.67707
261.81366
260.7261
260.8182
262.19007
261.01211
261.0855
262.07227
262.20574
260.99571
261.07147
261.11627
262.26249
261.10508
259.37708
258.38522
259.39304
258.37688
259.41321
258.40274
258.42614
259.40729
259.43173
258.38985
258.41217
259.5456
258.49031
258.5093
259.52019
259.56061
258.4738
258.49387
258.50578
259.5689
258.4933
256.9603
255.89207
256.97641
255.88214
256.97354
255.91507
255.95689
256.97866
256.99235
255.90013
255.942
257.05042
256.02646
256.05143
257.04358
257.06518
256.00948
256.0368
256.04512
257.06253
256.03351
254.40509
253.20634
254.42259
253.19389
254.4961
253.301
253.44272
254.4534
254.5172
253.28013
253.4276
254.65723
253.61186
253.6909
254.62367
254.67327
253.59426
253.67832
253.69005
254.67093
253.67939
251.68948
250.04504
251.71057
250.02072
252.03827
250.41286
250.92072
251.85119
252.0638
250.37045
250.90422
252.4128
251.31802
251.51847
252.3128
252.43076
251.3003
251.50992
251.51616
252.42099
251.50628
157.15897
157.15338
157.12939
157.13584
157.44338
157.62397
157.43554
157.61314
158.55767
158.90353
158.55493
158.89448
160.28106
160.8666
160.2736
160.85893
162.27842
163.02323
162.26711
163.01947
164.42793
165.23796
164.4144
165.23574
166.62081
167.45378
166.60659
167.45247
168.82019
169.65629
168.80584
169.65532
171.00755
171.83998
170.99332
171.83923
173.17826
174.00445
173.16423
174.00384
175.33066
176.1501
175.31686
176.14962
177.46525
178.27801
177.45169
178.27766
179.58288
180.38934
179.56956
180.38913
181.68473
182.48535
181.67165
182.48527
183.77204
184.56731
183.7592
184.56737
185.84607
186.6365
185.83347
186.6367
187.9081
188.69417
187.89573
188.69454
189.9594
190.74161
189.94725
190.74214
192.00121
192.78007
191.98929
192.78076
194.03481
194.8108
194.0231
194.81167
196.06143
196.83506
196.04995
196.83612
198.08235
198.85409
198.07107
198.85534
200.09878
200.86914
200.08772
200.87059
202.11199
202.88145
202.10114
202.8831
204.12319
204.89224
204.11255
204.89411
206.13364
206.90277
206.1232
206.90485
208.14455
208.91424
208.13432
208.91656
210.15717
210.92791
210.14714
210.93047
212.17272
212.945
212.1629
212.9478
214.19244
214.96674
214.18281
214.96979
216.21754
216.99434
216.20811
216.99766
218.24926
219.02904
218.24002
219.03262
220.28879
221.07203
220.27974
221.07589
222.33735
223.12455
222.3285
223.1287
224.39621
225.18787
224.38755
225.19232
226.46675
227.2633
226.45827
227.26805
228.55047
229.35212
228.54222
229.35719
230.64866
231.45496
230.64072
231.46045
232.76016
233.56951
232.75269
233.57574
234.87409
235.68418
234.8672
235.69182
236.94713
237.7601
236.94042
237.77071
238.85334
239.7342
238.84132
239.74683
240.2113
241.59473
240.16419
241.6095
248.60168
239.74107
244.68665
248.63714
239.39891
244.56784
249.70969
246.48318
248.52405
249.10617
249.75484
246.49852
248.62359
250.45859
249.41122
249.76021
250.26176
250.48376
249.40263
249.76587
249.72678
250.44696
249.72119
157.26177
157.00133
157.23964
157.01839
157.19762
156.94757
156.92938
157.12341
157.19692
156.95996
156.9341
157.64828
157.28493
157.11524
157.45337
157.65062
157.36443
157.14696
158.88979
158.56302
158.28661
158.56474
158.88566
158.61849
158.28861
160.85892
160.2345
160.58325
160.3026
160.84944
160.24658
160.58258
162.99539
162.2071
162.89579
162.2934
162.98807
162.20177
162.90165
165.2039
164.37703
165.17159
164.44558
165.19734
164.36474
165.18054
167.41664
166.57847
167.40939
166.63845
167.41082
166.5644
167.4197
169.61872
168.78349
169.62006
168.83877
169.61329
168.7688
169.63074
171.80235
170.97304
171.80723
171.02636
171.79725
170.95826
171.81797
173.9671
173.1454
173.97362
173.19737
173.96225
173.13064
173.98427
176.11303
175.29894
176.12066
175.34991
176.10843
175.28426
176.13119
178.24126
177.43463
178.2498
177.48466
178.2369
177.42004
178.2602
180.3529
179.5533
180.3623
179.60245
180.34878
179.53879
180.37257
182.44922
181.65621
182.45946
181.70449
182.44534
181.64177
182.4696
184.53149
183.74458
184.54255
183.792
184.52785
183.7302
184.55257
186.60098
185.81968
186.61287
185.86627
186.59759
185.80536
186.62278
188.65897
187.88278
188.67169
187.92856
188.65582
187.86851
188.6815
190.70671
189.93516
190.72027
189.98014
190.70382
189.92092
190.72998
192.74548
191.97808
192.75987
192.02227
192.74283
191.96386
192.7695
194.77652
194.01278
194.79176
194.05621
194.77413
193.99858
194.8013
196.80108
196.04053
196.81718
196.08322
196.79896
196.02634
196.82665
198.82042
198.06258
198.83738
198.10453
198.81857
198.04839
198.84678
200.83577
200.08016
200.8536
200.1214
200.83419
200.06596
200.86295
202.84838
202.09453
202.86708
202.13506
202.84708
202.08031
202.87638
204.85948
204.10691
204.87907
204.14676
204.85846
204.09266
204.88833
206.87031
206.11855
206.89078
206.15773
206.86957
206.10426
206.90001
208.88209
208.13067
208.90347
208.16919
208.88165
208.11633
208.91267
210.89606
210.14451
210.91835
210.18239
210.89592
210.13012
210.92754
212.91345
212.16131
212.93667
212.19856
212.91362
212.14685
212.94585
214.9355
214.18227
214.95964
214.21891
214.93597
214.16774
214.96882
216.96342
216.20866
216.98849
216.24469
216.9642
216.19404
216.99768
218.99843
218.24167
219.02445
218.27712
218.99954
218.22695
219.03365
221.04175
220.2825
221.06871
220.31739
221.04319
220.26768
221.07794
223.09461
222.33232
223.12248
222.36674
223.09639
222.3174
223.13174
225.1583
224.39237
225.1869
224.42644
225.16042
224.37733
225.1962
227.23408
226.46396
227.26294
226.49782
227.23656
226.44881
227.27221
229.32311
228.54872
229.35113
228.58225
229.32597
228.53348
229.36021
231.42582
230.64857
231.45135
230.68074
231.42912
230.63325
231.4599
233.5397
232.7638
233.5622
232.792
233.54366
232.7483
233.57012
235.65462
234.88657
235.68323
234.90687
235.65947
234.87036
235.69177
237.73592
236.98581
237.80772
236.9923
237.74276
236.9681
237.82252
239.75877
239.01104
240.00302
238.97307
239.76471
238.98885
240.03389
241.80898
240.90657
242.33639
240.6893
241.82531
240.88181
242.41717
245.52592
242.99462
245.45208
242.31192
245.49577
242.95655
245.50846
249.07631
248.61981
248.74573
248.8831
249.10163
248.68586
248.76091
248.6349
249.02191
248.64154
156.35671
155.7723
156.39112
155.80992
156.48567
155.71629
155.78534
156.28766
156.42079
155.73501
155.6902
248.45478
248.01381
248.30284
248.47509
248.48444
248.08535
248.34112
248.04672
248.34043
248.09495
153.9353
153.04653
153.97172
153.07096
153.118
152.88786
153.03725
153.79574
153.0258
152.90151
153.00262
157.26173
147.61688
153.40756
157.28967
147.30699
160.29027
158.59791
160.30197
162.75337
161.70492
162.76001
165.05778
164.25004
165.06115
167.29811
166.56951
167.30067
169.50872
168.8135
169.51108
171.69475
171.01403
171.69725
173.86003
173.18895
173.86274
176.00576
175.34181
176.00874
178.13351
177.47587
178.13677
180.24451
179.59251
180.24806
182.34008
181.69327
182.34393
184.42153
183.77945
184.42568
186.49013
185.85237
186.4946
188.54717
187.91331
188.55196
190.59391
189.96355
190.59902
192.63161
192.00434
192.63706
194.66154
194.03696
194.66732
196.68494
196.06264
196.69106
198.70306
198.08265
198.70953
200.71714
200.09821
200.72397
202.72842
202.11059
202.73561
204.73815
204.12101
204.7457
206.74754
206.1307
206.75547
208.75784
208.14091
208.76615
210.77028
210.15286
210.77898
212.78608
212.16778
212.79518
214.80648
214.1869
214.81597
216.83269
216.21144
216.8426
218.86596
218.24265
218.87629
220.90751
220.28177
220.91826
222.95854
222.33004
222.96972
225.0201
224.38854
225.03172
227.09281
226.45776
227.1049
229.17653
228.5368
229.18916
231.27073
230.62308
231.28399
233.37732
232.71545
233.39125
235.50973
234.82754
235.52389
237.70435
237.01344
237.71718
240.04162
239.39858
240.04869
242.56904
242.09972
242.56811
245.47066
245.16734
245.47336
247.92912
247.59361
247.95223
248.3417
248.41512
248.40708
248.0326
151.05502
149.90851
151.082
149.90849
150.53577
149.78307
149.60976
150.91709
150.5266
149.781
149.60289
149.67757
149.1491
148.81129
149.95655
149.56438
149.14395
148.78389
148.10415
149.2042
148.04869
148.18169
147.06115
148.19665
147.04979
147.98931
147.02591
146.94885
148.13649
148.00013
147.01185
146.93244
147.60123
146.77094
146.67933
147.74718
147.60541
146.7556
146.6615
146.55565
147.46838
146.54164
145.51395
144.46558
145.52429
144.45239
145.45184
144.46524
144.44249
145.51216
145.46763
144.44942
144.42574
145.33508
144.37611
144.35212
145.37751
145.35107
144.36176
144.33824
144.33535
145.33768
144.32588
143.01858
142.01361
143.02853
142.00077
142.98773
142.01613
141.98764
143.02783
143.00298
142.00073
141.97021
142.9181
141.91449
141.87272
142.94885
142.93448
141.89915
141.85666
141.85104
142.93387
141.83967
140.63395
139.66592
140.64512
139.65346
140.57587
139.66178
139.57785
140.64356
140.59067
139.64799
139.55949
140.39733
139.40032
139.25693
140.47897
140.41443
139.38452
139.23469
139.16077
140.38493
139.14643
138.39142
137.50135
138.40401
137.48887
138.271
137.49599
137.28668
138.40855
138.28549
137.48574
137.26794
137.79201
136.86657
136.34911
138.02402
137.80813
136.84902
136.30505
135.96172
137.66428
135.93506
136.4299
135.73382
136.44489
135.72403
136.22165
135.75462
135.39053
136.47433
136.24287
135.75749
135.38019
135.04254
134.44133
132.36258
135.70632
135.04746
134.53676
132.37348
130.42582
125.24712
134.55581
130.29951
124.88551
127.09686
125.61582
127.10881
125.56231
125.02974
124.06094
125.04
124.04502
122.82057
121.90691
122.82959
121.89674
120.47232
119.54667
120.47867
119.53631
118.05037
117.11208
118.05548
117.10096
115.59723
114.65052
115.60172
114.63879
113.12748
112.17469
113.13167
112.16255
110.64483
109.6867
110.64883
109.67425
108.14926
107.18573
108.15312
107.17303
105.6399
104.67068
105.64362
104.65772
103.11585
102.1406
103.11944
102.12739
100.5763
99.594716
100.57977
99.58126
98.020535
97.032321
98.023877
97.018609
95.447836
94.452706
95.451063
94.43874
92.8575
91.855166
92.860617
91.840945
90.248811
89.238982
90.251826
89.224506
87.621044
86.60343
87.623961
86.588697
84.973473
83.947772
84.976297
83.932781
82.305359
81.271277
82.308094
81.256025
79.61596
78.5732
79.618612
78.557687
76.904537
75.852794
76.907113
75.83702
74.170338
73.109311
74.172845
73.093276
71.412615
70.341986
71.415053
70.325683
68.630572
67.550041
68.632951
67.533471
65.823464
64.732707
65.825786
64.715866
62.990499
61.889197
62.992771
61.872086
60.130895
59.018725
60.13312
59.001337
57.243836
56.120472
57.246019
56.102807
54.328519
53.193622
54.330666
53.175677
51.384111
50.237337
51.386226
50.219109
48.409761
47.250755
48.411847
47.232238
45.404595
44.232992
45.406657
44.214183
42.367715
41.183135
42.369756
41.164029
39.298191
38.100238
39.300215
38.080829
36.19506
34.983314
36.197064
34.963588
33.057281
31.831294
33.059266
31.811243
29.88379
28.643076
29.885749
28.622684
26.673401
25.417416
26.675327
25.396659
23.424926
22.153093
23.426784
22.131917
20.136958
18.848563
20.1387
18.826858
16.80869
15.50304
16.810041
15.480437
13.438846
12.115205
13.439309
12.090446
10.03274
8.683796
10.028673
8.6514518
6.551635
5.1383206
6.5420398
5.089241
2.9047916
0.92628449
2.8906924
0.95984842
135.04721
134.69985
135.05399
134.69673
134.80487
134.77157
134.62012
135.1149
134.87157
134.78273
134.68711
128.04359
131.21909
128.65332
131.2895
127.91745
131.27525
128.61262
126.14139
127.85034
126.33709
127.32467
126.10122
127.93665
126.31344
124.1909
125.29002
124.20627
125.04746
124.17289
125.32537
124.185
121.95287
122.84854
121.92785
122.78689
121.94142
122.86818
121.9111
119.58003
120.45021
119.54154
120.43039
119.56869
120.46324
119.5261
117.14588
118.02267
117.09738
118.00708
117.13391
118.03528
117.08208
114.68615
115.57298
114.63231
115.55435
114.67353
115.5863
114.61689
112.21139
113.10578
112.15519
113.0847
112.19826
113.11973
112.13958
109.72384
110.62413
109.66665
110.60177
109.71028
110.63841
109.65087
107.22306
108.1283
107.16512
108.1057
107.20911
108.14274
107.14922
104.70814
105.61813
104.64934
105.59578
104.69381
105.63266
104.63332
102.17822
103.09308
102.11843
103.07118
102.16351
103.1077
102.10228
99.632544
100.55253
99.571686
100.53112
99.617447
100.56723
99.555399
97.070383
97.99576
97.008427
97.974854
97.0549
98.010565
96.991997
94.491037
95.422082
94.427964
95.401672
94.475161
95.436989
94.411388
91.893793
92.830776
91.829592
92.810866
91.877521
92.845793
91.812861
89.277934
90.221129
89.212591
90.201717
89.261259
90.236257
89.195701
86.642728
87.592408
86.576234
87.573499
86.625647
87.607655
86.559178
83.987444
84.943889
83.919785
84.925482
83.96995
84.959259
83.902557
81.311344
82.274832
81.24251
82.256929
81.293433
82.29033
81.225105
78.613692
79.584501
78.543666
79.567105
78.595357
79.600133
78.526077
75.893741
76.872149
75.822508
76.855265
75.874975
76.887919
75.804729
73.150741
74.137034
73.078285
74.120663
73.131538
74.152947
73.060308
70.383918
71.378386
70.310226
71.362534
70.364272
71.394448
70.292046
67.592507
68.595433
67.517558
68.580102
67.57241
68.61165
67.499168
64.775732
65.787409
64.699506
65.772607
64.755176
65.803786
64.680899
61.932812
62.953532
61.85529
62.939267
61.91179
62.970073
61.836459
59.062951
60.09301
58.984114
60.079292
59.041456
60.109722
58.965052
56.165344
57.205043
56.085174
57.191876
56.143366
57.22193
56.065875
53.23917
54.288819
53.157648
54.276209
53.2167
54.305889
53.138102
50.283592
51.343507
50.200695
51.33146
50.26062
51.360763
50.180897
47.297747
48.368254
47.213452
48.356776
47.274263
48.385703
47.193391
44.280755
45.362186
44.195032
45.351284
44.256746
45.379832
44.174703
41.231703
42.3244
41.144522
42.314083
41.207156
42.34225
41.123913
38.149644
39.253967
38.06097
39.244243
38.124546
39.272026
38.04007
35.033589
36.149913
34.943383
36.140793
35.007923
36.168187
34.922181
31.882477
33.01121
31.79069
33.002697
31.856224
33.029704
31.769175
28.695222
29.836781
28.601802
29.828884
28.668355
29.855495
28.579956
25.470565
26.625438
25.375423
26.618157
25.443049
26.644374
25.353221
22.207396
23.376008
22.110468
23.369346
22.179168
23.39515
22.087854
18.904174
20.087112
18.805258
20.081006
18.875086
20.106416
18.782119
15.560863
16.758142
15.460096
16.752449
15.53054
16.7774
15.436061
12.177187
13.388987
12.074757
13.382738
12.143984
13.407559
12.048336
8.7518917
9.9888171
8.6533037
9.977177
8.7119096
10.003616
8.6203698
5.2263513
6.5672832
5.1558283
6.5355297
5.1680308
6.5674636
5.0978672
0.95899974
3.0883076
0.93718152
3.0422014
1.0130004
3.03132
0.97207672
134.46315
134.29775
134.4664
134.29591
134.44192
134.41082
134.05199
134.55832
134.51586
134.42362
134.10695
134.43944
134.44693
134.44528
134.56625
134.47794
133.49486
133.93676
133.49646
130.90725
131.30402
130.91784
127.63393
128.192
127.64234
124.70437
125.43832
124.70601
122.05715
122.84784
122.05388
119.5776
120.36866
119.57258
117.14357
117.92257
117.13852
114.70185
115.47503
114.69709
112.23854
113.01218
112.23393
109.75514
110.53236
109.75052
107.25488
108.03673
107.25017
104.73935
105.52609
104.73453
102.20868
103.00043
102.20375
99.662333
100.45925
99.657288
97.099577
97.901866
97.094422
94.519669
95.327564
94.514402
91.921872
92.735616
91.916492
89.305463
90.125299
89.299968
86.669712
87.495884
86.664101
84.013893
84.846647
84.008164
81.337266
82.176849
81.331418
78.639093
79.485754
78.633124
75.918623
76.772614
75.91253
73.175112
74.036688
73.168893
70.40779
71.277206
70.401442
67.615887
68.4934
67.609408
64.798626
65.6845
64.792014
61.955226
62.849726
61.948477
59.084891
59.988288
59.078002
56.186818
57.099386
56.179785
53.26019
54.182206
53.253008
50.304175
51.235921
50.29684
47.317918
48.259683
47.310423
44.300543
45.252622
44.292881
41.251148
42.213842
41.243311
38.168795
39.14242
38.160771
35.052525
36.037398
35.044301
31.901293
32.897759
31.892848
28.71409
29.722459
28.705401
25.489616
26.51032
25.480641
22.227061
23.26024
22.217738
18.924365
19.970707
18.914542
15.582777
16.641086
15.57214
12.198719
13.268949
12.185976
8.7871626
9.8568922
8.767831
5.3226361
6.3768549
5.2750029
1.3164716
2.758662
1.3333561
630.20221
623.03283
629.97274
623.13362
620.81383
618.2283
620.82923
618.22605
616.10928
614.58694
616.12888
614.58064
612.57666
611.40794
612.58636
611.40233
609.38629
608.3544
609.39423
608.35229
606.27708
605.29318
606.28428
605.293
603.19172
602.22295
603.19871
602.22351
600.12913
599.16607
600.13601
599.16668
597.09597
596.1379
597.1028
596.13833
594.09564
593.14425
594.1024
593.14449
591.12769
590.18459
591.13436
590.18467
588.1899
587.25587
588.19644
587.25586
585.27996
584.35508
585.28636
584.35501
582.3962
581.48017
582.40247
581.48005
579.53755
578.63001
579.54369
578.62984
576.70329
575.80393
576.70931
575.80372
573.89283
573.00138
573.89872
573.00113
571.10554
570.22181
571.11132
570.2215
568.34081
567.46457
568.34647
567.46422
565.59798
564.72902
565.60353
564.72862
562.87641
562.01451
562.88185
562.01407
560.17548
559.32041
560.18081
559.31992
557.49453
556.64609
557.49975
556.64555
554.83295
553.9909
554.83806
553.99032
552.1901
551.35423
552.1951
551.35359
549.56533
548.73543
549.57024
548.73474
546.95803
546.13387
546.96283
546.13313
544.36755
543.54892
544.37225
543.54813
541.79326
540.97995
541.79786
540.9791
539.23452
538.4263
539.23902
538.42541
536.69069
535.88735
536.69509
535.8864
534.16114
533.36246
534.16544
533.36145
531.6452
530.85097
531.6494
530.8499
529.14224
528.35224
529.14633
528.3511
526.65158
525.86561
526.65557
525.86441
524.17255
523.39043
524.17643
523.38916
521.70445
520.92607
521.70822
520.92473
519.24652
518.47195
519.25016
518.47053
516.798
516.02772
516.80149
516.02622
514.35798
513.59351
514.36129
513.59195
511.92572
511.17127
511.92875
511.1697
509.50086
508.76662
509.50344
508.76521
507.08641
506.39754
507.08817
506.39669
504.69719
504.10452
504.69761
504.10517
502.3965
501.98849
502.39514
501.99167
500.37545
500.20476
500.37376
500.21177
499.14617
498.98226
499.14759
498.9863
498.88483
498.85987
498.88117
498.86067
498.96126
498.96607
499.10352
498.63503
498.91824
499.63574
499.11067
498.5788
498.93001
498.94565
499.27906
498.96315
622.08728
624.67291
621.40985
625.2862
622.23383
624.4475
621.57119
618.78418
620.18901
618.17835
620.69771
618.77129
620.1764
618.16497
615.1083
616.0503
614.76335
616.47038
615.0948
616.06989
614.75451
611.63509
612.68112
611.48257
612.91205
611.62106
612.68718
611.47681
608.33108
609.45556
608.28879
609.62947
608.32028
609.46715
608.28761
605.15158
606.31174
605.16063
606.4571
605.14166
606.32542
605.16112
602.04733
603.21523
602.07989
603.34081
602.03748
603.22977
602.08105
598.99576
600.1586
599.03799
600.26828
598.98556
600.17318
599.03937
595.98401
597.13627
596.02917
597.23407
595.97377
597.15067
596.03064
593.00436
594.14486
593.04995
594.23517
592.99421
594.15902
593.05142
590.05272
591.18191
590.09819
591.26816
590.04269
591.19579
590.09961
587.12731
588.2459
587.17278
588.33014
587.11739
588.25951
587.17412
584.22754
585.33601
584.27317
585.41916
584.21771
585.34934
584.27441
581.35314
582.45174
581.39893
582.53408
581.34339
582.46479
581.40007
578.50369
579.59256
578.54956
579.67414
578.49402
579.60534
578.5506
575.67858
576.75788
575.72446
576.83871
575.66898
576.7704
575.72539
572.87711
573.94708
572.92296
574.02717
572.86759
573.95933
572.92379
570.09859
571.15949
570.14441
571.23886
570.08913
571.17149
570.14513
567.34235
568.39447
567.38815
568.47313
567.33296
568.4062
567.38877
564.60776
565.65136
564.65356
565.72933
564.59843
565.66284
564.65406
561.89418
562.92953
561.93998
563.00682
561.88491
562.94076
561.94037
559.20099
560.22836
559.24681
560.30498
559.19177
560.23934
559.24709
556.52755
557.5472
556.57339
557.62315
556.51839
557.55793
556.57355
553.87322
554.88542
553.9191
554.96072
553.86411
554.89591
553.91914
551.23738
552.24239
551.2833
552.31704
551.22832
552.25264
551.28323
548.61939
549.61748
548.66536
549.69148
548.61037
549.62749
548.66516
546.01861
547.01003
546.06464
547.08341
546.00963
547.01981
546.06432
543.43441
544.41943
543.48051
544.4922
543.42547
544.42898
543.48007
540.86616
541.84505
540.91234
541.9172
540.85725
541.85436
540.91177
538.3132
539.28623
538.35948
539.35777
538.30433
539.29531
538.35878
535.77491
536.74234
535.8213
536.81329
535.76607
536.7512
535.82047
533.25063
534.21274
533.29715
534.2831
533.24182
534.22137
533.29618
530.73972
531.69679
530.78638
531.76656
530.73093
531.70519
530.78527
528.2415
529.19381
528.28831
529.263
528.23272
529.20199
528.28707
525.75525
526.70313
525.80226
526.77175
525.74649
526.71109
525.80087
523.28022
524.22405
523.32749
524.29212
523.27147
524.2318
523.32595
520.81553
521.75583
520.86317
521.82334
520.80677
521.76336
520.86147
518.36001
519.29761
518.40827
519.36458
518.35123
519.30493
518.40641
515.91196
516.84833
515.96133
516.91482
515.90312
516.85547
515.95929
513.46836
514.40644
513.51979
514.47269
513.45935
514.41344
513.51754
511.02363
511.96937
511.07874
512.03624
511.01424
511.97633
511.07617
508.56649
509.53195
508.6268
509.60256
508.55623
509.53907
508.62361
506.07673
507.08351
506.13709
507.16835
506.06447
507.09112
506.13217
503.52252
504.59976
503.53471
504.73382
503.5064
504.60837
503.52481
500.91839
502.03536
500.59873
502.32595
500.89595
502.04381
500.57284
498.58653
499.29569
496.50769
500.06643
498.62679
499.29437
496.50555
498.28943
497.32923
497.46614
498.46077
498.31257
497.25885
497.47579
497.57657
498.49055
497.59658
622.11128
629.2814
622.22045
618.33079
620.94693
618.32169
614.76384
616.30026
614.76276
611.44302
612.78671
611.44414
608.22768
609.5281
608.23079
605.08843
606.36774
605.09193
602.0041
603.26431
602.00764
598.96231
600.20488
598.96576
595.95496
597.18169
595.95831
592.97731
594.19011
592.98051
590.02682
591.22712
590.02984
587.10246
588.29107
587.10527
584.20382
585.38114
584.20641
581.33055
582.49684
581.33292
578.48215
579.63765
578.48431
575.65802
576.80299
575.65997
572.85747
573.9922
572.85921
570.07985
571.20463
570.08138
567.3245
568.43961
567.32583
564.59079
565.69651
564.59191
561.87809
562.9747
561.87901
559.18577
560.27354
559.18648
556.51319
557.59239
556.51369
553.85971
554.93063
553.86001
551.22471
552.28761
551.2248
548.60755
549.66271
548.60744
546.0076
547.05529
546.00728
543.42422
544.46472
543.42369
540.85678
541.89036
540.85605
538.30464
539.33157
538.3037
535.76716
536.78771
535.76601
533.2437
534.25815
533.24234
530.7336
531.74224
530.73203
528.23619
529.2393
528.2344
525.75077
526.74867
525.74875
523.27658
524.26963
523.27434
520.81277
521.80143
520.8103
518.35823
519.34316
518.3555
515.91129
516.89371
515.90828
513.46898
514.45134
513.46561
511.02523
512.01308
511.02136
508.56576
509.57277
508.56103
506.05364
507.11647
506.04722
503.37718
504.60787
503.36719
500.16368
501.94651
500.14249
494.39156
488.87535
498.91557
494.30536
488.64562
495.18006
492.03681
492.91574
495.75066
495.17746
491.95252
492.87023
495.97089
494.01498
494.38418
495.94396
496.00451
493.99681
494.37885
494.65914
496.22592
494.66392
491.36162
489.76614
491.36811
489.72486
491.98248
490.29936
490.61089
491.76671
492.00819
490.26995
490.59
492.76646
491.14978
491.35589
492.58828
492.79273
491.13432
491.34697
491.4987
492.97068
491.49297
489.30282
488.21756
489.31489
488.2057
489.47917
488.31039
488.38147
489.40435
489.49204
488.29784
488.36918
489.82604
488.5583
488.61922
489.74315
489.83995
488.54601
488.60837
488.65046
489.9006
488.64064
487.03817
485.96984
487.05195
485.9627
487.05684
485.98374
485.99837
487.06026
487.07007
485.97555
485.9891
487.16219
486.05781
486.06837
487.15001
487.17265
486.04716
486.05817
486.06762
487.17925
486.05812
484.58853
483.4872
484.60126
483.48012
484.59984
483.50655
483.5376
484.60759
484.61189
483.4982
483.52866
484.66254
483.60978
483.62704
484.66105
484.67193
483.59987
483.61811
483.62731
484.66984
483.61918
482.0343
480.8537
482.0474
480.84679
482.10414
480.92343
481.04134
482.0895
482.11605
480.9135
481.03369
482.25317
481.23273
481.28597
482.22718
482.26208
481.22511
481.27974
481.29565
482.26458
481.28988
479.32442
477.87809
479.33954
477.87346
479.55798
478.01809
478.51636
479.54555
479.56769
478.05606
478.57783
479.95088
479.08576
479.16411
479.85669
479.95708
479.08857
479.16403
479.17077
479.9639
479.16992
384.39898
384.3444
384.151
384.15878
384.12516
384.13821
384.25471
384.387
384.24366
384.37525
385.44214
385.59168
385.43699
385.57801
387.17539
387.55747
387.16655
387.54403
389.20762
389.76308
389.19627
389.75125
391.38015
392.01947
391.36743
392.00891
393.59386
394.26699
393.58075
394.25728
395.81015
396.49279
395.79709
396.48364
398.01274
398.69524
397.9999
398.6865
400.19716
400.87569
400.18462
400.86729
402.36242
403.0358
402.3502
403.02772
404.50921
405.17722
404.49732
405.16944
406.63862
407.30145
406.62706
407.29396
408.75195
409.40993
408.74071
409.40273
410.85053
411.50406
410.83962
411.49716
412.93571
413.58522
412.92513
413.57862
415.00883
415.65475
414.99857
415.64844
417.0712
417.71396
417.06126
417.70794
419.12414
419.76415
419.11452
419.75844
421.16894
421.80664
421.15964
421.80123
423.20689
423.84269
423.19791
423.83758
425.23927
425.87357
425.2306
425.86877
427.26733
427.90056
427.25897
427.89606
429.29233
429.92488
429.28428
429.9207
431.3155
431.94779
431.30776
431.94392
433.33808
433.97051
433.33065
433.96695
435.36129
435.99426
435.35418
435.99102
437.38636
438.02026
437.37955
438.01734
439.41449
440.04973
439.408
440.04713
441.4469
442.08385
441.44072
442.08158
443.48479
444.12384
443.47891
444.1219
445.52931
446.17086
445.52374
446.16925
447.58153
448.22606
447.57626
448.22478
449.64253
450.29063
449.63756
450.28969
451.7138
452.3661
451.70913
452.36549
453.79824
454.45483
453.79391
454.45453
455.9016
456.56062
455.8977
456.56055
458.03242
458.68837
458.02911
458.68843
460.19406
460.83781
460.19146
460.83805
462.36359
462.99423
462.36142
462.99539
464.4289
465.09533
464.42528
465.10053
466.17064
467.1354
466.15943
467.15058
467.03729
469.13005
466.99944
469.16803
476.19167
466.2166
472.64714
476.21046
466.02874
472.6395
477.83796
477.61481
477.42895
477.44836
477.84695
477.64808
477.44027
477.42079
477.86394
477.42868
384.50451
384.08096
384.49652
384.08947
384.83506
384.04043
383.78951
384.29775
384.80941
384.04811
383.73399
476.52922
476.31978
476.31073
476.09099
476.54241
476.37009
476.32699
476.23172
476.46751
476.24357
383.53423
382.63986
383.56739
382.65727
383.60793
382.53627
382.40176
383.38468
383.58925
382.54645
382.33509
385.22749
381.78627
384.52343
383.79312
385.25984
381.78586
384.52453
387.42889
385.7816
387.17516
386.04918
387.44893
385.75761
387.18395
389.73088
388.60858
389.62296
388.5707
389.74629
388.59937
389.63103
392.02585
391.07711
391.96274
391.00013
392.03865
391.07244
391.96941
394.28912
393.40503
394.23865
393.33179
394.30077
393.40194
394.24463
396.52159
395.6662
396.47436
395.59991
396.53267
395.66373
396.48004
398.72714
397.8873
398.68045
397.82577
398.73791
397.88519
398.68606
400.9092
400.07986
400.8624
400.02127
400.91979
400.07802
400.86805
403.07033
402.2492
403.02326
402.19249
403.08078
402.2476
403.02901
405.21252
404.39839
405.16516
404.34303
405.22286
404.39703
405.17104
407.33743
406.5295
407.28978
406.47522
407.34768
406.52837
407.2958
409.44659
408.64421
409.39866
408.59085
409.45676
408.6433
409.40482
411.54145
410.74403
411.49322
410.69151
411.55154
410.74334
411.49953
413.62338
412.83037
413.57484
412.77864
413.63339
412.8299
413.5813
415.69372
414.9046
415.64486
414.8536
415.70366
414.90434
415.65148
417.75379
416.96805
417.7046
416.91775
417.76367
416.96799
417.71138
419.8049
419.02203
419.75538
418.9724
419.81473
419.02218
419.76232
421.84836
421.06785
421.79849
421.01885
421.85814
421.06819
421.80559
423.88544
423.10679
423.83521
423.05838
423.89518
423.10732
423.84246
425.91742
425.14013
425.8668
425.09228
425.92712
425.14085
425.87423
427.94554
427.16913
427.89453
427.1218
427.95521
427.17002
427.90212
429.97106
429.19503
429.91965
429.1482
429.9807
429.19611
429.92741
431.99522
431.21909
431.94339
431.17272
432.00484
431.22034
431.95132
434.01924
433.24253
433.96698
433.1966
434.02885
433.24395
433.97509
436.04435
435.26659
435.99165
435.22105
436.05395
435.26817
435.99994
438.07177
437.29246
438.0186
437.24729
438.08136
437.29421
438.02708
440.1027
439.32138
440.04906
439.27655
440.11229
439.32329
440.05772
442.13834
441.35453
442.08421
441.31
442.14793
441.3566
442.09306
444.1799
443.39313
444.12526
443.34887
444.18951
443.39534
444.1343
446.22859
445.43837
446.17341
445.39437
446.23821
445.44073
446.18265
448.28558
447.49146
448.22986
447.44778
448.29522
447.49397
448.23929
450.35206
449.55358
450.29575
449.51035
450.36172
449.55623
450.30538
452.42929
451.62579
452.37211
451.58318
452.43899
451.62858
452.38195
454.51895
453.70889
454.45982
453.6668
454.52878
453.7118
454.46987
456.62374
455.80344
456.55993
455.76099
456.63395
455.80641
456.57017
458.74859
457.91073
458.67506
457.86575
458.75959
457.91362
458.68542
460.89869
460.03507
460.81161
459.98535
460.91095
460.0377
460.82202
463.07991
462.19066
462.98633
462.13847
463.09205
462.19291
462.9964
465.25895
464.40416
465.22452
464.36553
465.26583
464.40694
465.23457
467.48833
466.75298
467.59223
466.78009
467.47769
466.75814
467.60178
469.57865
469.25334
470.09912
469.52265
469.53946
469.26654
470.11318
472.10783
472.16359
472.91399
472.5164
472.05026
472.18877
472.94241
475.42112
474.86745
475.32406
474.92775
475.38505
474.89786
475.35006
475.99723
475.91687
475.92223
475.89123
476.01657
475.94458
475.94661
475.75491
475.86228
475.78904
381.27138
379.77934
381.31554
379.78299
381.04747
379.51445
379.17065
381.10514
381.0868
379.50906
379.1533
380.99512
378.12303
377.28284
380.35914
380.99442
378.07826
377.19928
384.16767
374.19992
379.59374
384.1877
373.97094
387.08708
385.34167
387.10101
389.62949
388.45327
389.63888
391.99356
390.99767
392.00086
394.27641
393.34904
394.28319
396.51412
395.61855
396.52084
398.72058
397.84306
398.7274
400.90221
400.03708
400.90921
403.06246
402.20708
403.06967
405.20364
404.35657
405.21107
407.32749
406.4878
407.33515
409.43558
408.60254
409.44347
411.52935
410.70232
411.53749
413.61019
412.78859
413.61857
415.67944
414.86271
415.68807
417.73843
416.92601
417.7473
419.78847
418.97982
419.79759
421.83084
421.02544
421.84022
423.86683
423.06414
423.87648
425.89772
425.09722
425.90763
427.92475
427.12592
427.93493
429.94918
429.15151
429.95964
431.97225
431.17522
431.98298
433.99517
433.19829
434.00619
436.01919
435.22194
436.03049
438.0455
437.24739
438.0571
440.07532
439.27584
440.08721
442.10984
441.30851
442.12204
444.15027
443.34658
444.16278
446.19783
445.39129
446.21065
448.25371
447.44384
448.26685
450.31907
449.50544
450.33254
452.39493
451.57713
452.40874
454.4821
453.65957
454.49624
456.5814
455.75286
456.59586
458.69515
457.8575
458.70988
460.83032
459.97779
460.84521
463.00532
462.13011
463.0202
465.2582
464.35558
465.27363
467.66838
466.74899
467.68579
470.28004
469.40633
470.30572
473.09413
472.39294
473.13145
475.41185
475.01624
475.45443
475.93103
475.98501
475.97261
378.08493
376.66198
378.11505
376.65576
377.72903
376.52012
376.32383
377.94158
377.75479
376.51138
376.30899
376.95351
375.80259
375.50199
377.19914
376.97598
375.78206
375.47245
374.98314
376.59096
374.94052
375.05486
373.82485
375.07
373.81459
374.90072
373.79093
373.73086
375.00797
374.91485
373.78015
373.71884
374.57238
373.55747
373.48843
374.67019
374.58549
373.54522
373.47547
373.39933
374.49876
373.38633
372.3403
371.23778
372.35013
371.22783
372.30636
371.23628
371.22481
372.34154
372.31842
371.22608
371.21431
372.21634
371.16599
371.15175
372.23926
372.22954
371.15674
371.14324
371.14005
372.22271
371.13214
369.82552
368.79011
369.83454
368.78158
369.81302
368.78841
368.76979
369.83535
369.82355
368.77942
368.75996
369.75799
368.69813
368.66657
369.77457
369.77013
368.68922
368.65797
368.64856
369.76502
368.64093
367.41346
366.45143
367.42264
366.44534
367.37324
366.4412
366.38485
367.41926
367.38267
366.43496
366.37724
367.23168
366.19546
366.07346
367.27161
367.24414
366.1879
366.06327
366.00265
367.20225
365.99531
365.10866
364.32016
365.11674
364.31894
364.99863
364.31526
364.2286
365.1095
365.00469
364.3152
364.23116
364.67875
363.67383
363.15538
364.71644
364.69226
363.73711
363.19396
363.00335
364.4832
362.99815
363.00773
362.56012
363.01527
362.56739
362.57853
362.57307
362.73733
362.99898
362.5867
362.58452
362.7697
357.68394
351.25583
361.33938
357.67461
351.06658
354.15646
352.07049
354.19279
352.03141
352.24536
351.27758
352.2601
351.26493
350.30481
349.64771
350.30955
349.64292
348.30819
347.69443
348.3089
347.69139
346.24222
345.61971
346.24191
345.61645
344.17022
343.53656
344.16966
343.53271
342.10981
341.47239
342.1091
341.46803
340.06527
339.42889
340.06437
339.42414
338.03445
337.40102
338.03329
337.39596
336.01495
335.38474
336.01349
335.37939
334.00488
333.37758
334.00312
333.37196
332.0029
331.37808
332.00085
331.3722
330.00787
329.38515
330.00552
329.37899
328.01873
327.39775
328.0161
327.39132
326.03444
325.41484
326.03152
325.40814
324.05392
323.43537
324.05073
323.42841
322.07611
321.45826
322.07264
321.45103
320.09994
319.48245
320.0962
319.47495
318.12433
317.50684
318.12032
317.49907
316.1482
315.53036
316.14392
315.52232
314.17046
313.55191
314.16591
313.54361
312.19003
311.57043
312.18522
311.56185
310.20581
309.58479
310.20075
309.57595
308.21671
307.59392
308.21139
307.58481
306.22162
305.59668
306.21604
305.5873
304.21942
303.59198
304.21359
303.58233
302.20899
301.57868
302.20291
301.56875
300.18919
299.55565
300.18286
299.54545
298.15888
297.52174
298.1523
297.51126
296.11692
295.47584
296.11009
295.46509
294.06212
293.41675
294.05503
293.40572
291.99336
291.34351
291.98602
291.33219
289.90932
289.25478
289.90173
289.24319
287.80915
287.15039
287.80128
287.13853
285.69113
285.02874
285.68298
285.01663
283.55565
282.89376
283.54717
282.88148
281.39976
280.74415
281.39086
280.73182
279.23105
278.60585
279.22151
278.59394
277.04633
276.48776
277.0358
276.47702
274.90481
274.52628
274.89253
274.51868
272.86969
272.71997
272.85581
272.71515
271.62837
271.50047
271.61631
271.48978
271.42673
271.41315
271.40719
271.38933
271.64561
271.59621
361.62147
361.36348
361.62861
361.37365
361.24703
361.47339
361.43117
361.70726
361.26323
361.49011
361.478
271.5476
271.05515
271.34371
272.06995
271.54007
271.00287
271.3542
271.37735
271.73226
271.38789
361.01349
360.82104
361.03053
360.8515
361.06976
361.0628
360.69057
361.20094
361.11546
361.08957
360.73193
270.65551
270.00039
270.01146
270.88202
270.67669
269.94467
270.02956
270.10427
270.81602
270.13183
360.82018
360.8876
361.11088
361.19137
361.15255
360.45271
360.81475
360.47819
357.75865
358.03458
357.785
354.6482
355.11702
354.6688
351.992
352.65216
352.00584
349.6573
350.3679
349.668
347.52689
348.23302
347.53639
345.46652
346.15118
345.47583
343.42708
344.09459
343.43635
341.39174
342.04849
341.40087
339.36082
340.0112
339.36969
337.33683
337.9829
337.34538
335.32127
335.96388
335.32948
333.3142
333.95372
333.32206
331.31485
331.95159
331.32238
329.32219
329.95648
329.32938
327.33512
327.96729
327.34197
325.35254
325.98296
325.35906
323.37338
324.0024
323.37956
321.39656
322.02455
321.40241
319.42103
320.04834
319.42653
317.4457
318.07269
317.45087
315.46949
316.09653
315.47433
313.49134
314.11876
313.49583
311.51013
312.13831
311.51429
309.52478
310.15408
309.52861
307.53419
308.16497
307.53768
305.53724
306.16987
305.54039
303.53282
304.16766
303.53563
301.5198
302.15723
301.52225
299.49703
300.13743
299.49914
297.46334
298.10712
297.4651
295.41759
296.06515
295.419
293.35848
294.01031
293.35953
291.28485
291.94146
291.28555
289.19494
289.85722
289.19526
287.08755
287.75658
287.08748
284.95838
285.63753
284.95787
282.80436
283.49951
282.80329
280.60394
281.33684
280.60193
278.32647
279.14687
278.32259
275.81134
276.88867
275.80293
272.71598
274.47062
272.6955
267.39824
261.01596
271.46949
267.37458
260.81553
268.02017
267.25592
267.06727
267.17431
268.04544
267.24108
267.08029
267.24788
268.23973
267.26589
263.26476
262.07553
263.2421
262.03261
264.09256
262.84082
263.22315
263.63583
264.06016
262.82243
263.21975
265.04312
263.68869
263.87096
264.62303
265.05737
263.68572
263.87132
263.99685
265.23984
263.99706
261.54229
260.59416
261.54478
260.58256
261.81812
260.71315
260.80669
261.68384
261.8229
260.70206
260.79683
262.21756
260.98406
261.06148
262.08739
262.22773
260.97407
261.05297
261.0955
262.28891
261.08715
259.40691
258.36932
259.41883
258.36229
259.44574
258.38052
258.40201
259.43243
259.45787
258.37237
258.39324
259.57196
258.4617
258.48237
259.54332
259.58193
258.45135
258.4726
258.48226
259.58841
258.47264
256.99096
255.87336
257.0038
255.8655
257.00688
255.88906
255.93116
257.00459
257.01962
255.87951
255.92192
257.07645
255.99689
256.02587
257.06626
257.08644
255.98608
256.01652
256.02317
257.08207
256.01409
254.43845
253.18268
254.45268
253.17281
254.53364
253.26383
253.41622
254.48027
254.5481
253.24984
253.40654
254.6858
253.58105
253.66896
254.6464
254.69691
253.56956
253.66088
253.66996
254.69324
253.66164
251.72953
249.99849
251.74689
249.97976
252.0839
250.33536
250.8904
251.876
252.10176
250.30669
250.87948
252.44539
251.28688
251.50389
252.3366
252.45847
251.27499
251.4986
251.49781
252.44687
251.49045
157.10275
157.11784
157.07969
157.10092
157.42654
157.60139
157.41809
157.59056
158.55079
158.88458
158.54643
158.87527
160.26532
160.85027
160.25721
160.84186
162.25531
163.01424
162.24404
163.00874
164.4006
165.232
164.38756
165.22787
166.59222
167.44961
166.57867
167.44629
168.79138
169.65283
168.77779
169.64989
170.97901
171.837
170.96557
171.83431
173.15015
174.00179
173.13693
173.99928
175.30304
176.14773
175.29007
176.14539
177.43812
178.27593
177.42541
178.27374
179.55625
180.38755
179.54379
180.38552
181.6586
182.48386
181.64639
182.482
183.7464
184.56613
183.73443
184.56443
185.82092
186.63563
185.80919
186.63411
187.88343
188.69364
187.87194
188.6923
189.93519
190.74143
189.92393
190.74026
191.97747
192.78024
191.96645
192.77926
194.01152
194.81135
194.00073
194.81056
196.0386
196.83599
196.02803
196.8354
198.05996
198.85543
198.04961
198.85503
200.07684
200.87089
200.06671
200.8707
202.09048
202.88362
202.08057
202.88365
204.10212
204.89486
204.09242
204.8951
206.11299
206.90583
206.10351
206.9063
208.12433
208.91778
208.11506
208.91847
210.13737
210.93193
210.12831
210.93286
212.15334
212.94952
212.14448
212.95069
214.17346
214.97177
214.16481
214.97319
216.19898
216.99991
216.19053
217.00157
218.2311
219.03515
218.22285
219.03707
220.27103
221.07871
220.26298
221.08089
222.31999
223.13181
222.31214
223.13427
224.37924
225.19571
224.37159
225.19845
226.45018
227.27175
226.44273
227.27476
228.53436
229.36122
228.52713
229.36454
230.63318
231.46489
230.62623
231.46857
232.7456
233.58086
232.73903
233.58512
234.86064
235.69824
234.85448
235.70359
236.93388
237.77965
236.92762
237.78716
238.8295
239.75703
238.81865
239.766
240.1196
241.618
240.08202
241.62568
248.65921
239.11272
244.46191
248.67666
238.8941
244.38516
249.78954
246.33625
248.52973
249.10998
249.81963
246.33569
248.58321
250.50534
249.39477
249.77102
250.29816
250.52439
249.38956
249.77554
249.71705
250.47915
249.71396
157.22239
157.03262
157.20787
157.0426
157.1972
156.97153
156.93988
157.11075
157.19564
156.98084
156.94288
157.651
157.37199
157.11082
157.46035
157.65107
157.41685
157.1213
158.88024
158.64076
158.26413
158.57211
158.87573
158.67267
158.25919
160.84002
160.25092
160.57293
160.29372
160.8322
160.25722
160.56842
162.98066
162.19616
162.90165
162.27501
162.97452
162.19184
162.90235
165.19073
164.35465
165.18446
164.42208
165.18537
164.34593
165.18778
167.4049
166.55318
167.42527
166.61338
167.40015
166.5433
167.42977
169.60773
168.75724
169.63688
168.81347
169.60331
168.74698
169.64176
171.79199
170.94672
171.8243
171.00135
171.78781
170.9364
171.82927
173.95722
173.1192
173.99064
173.17284
173.95323
173.1089
173.99559
176.10362
175.27295
176.13757
175.32591
176.0998
175.2627
176.14245
178.23229
177.40886
178.26656
177.4612
178.22864
177.39866
178.27137
180.34437
179.52775
180.37892
179.57952
180.34089
179.51759
180.38364
182.44114
181.63086
182.47594
181.68207
182.43782
181.62075
182.48059
184.52385
183.71941
184.55891
183.7701
184.5207
183.70934
184.56349
186.59379
185.79468
186.62912
185.84486
186.5908
185.78464
186.63363
188.65223
187.85793
188.68784
187.90764
188.64941
187.84793
188.69229
190.70044
189.91045
190.73633
189.9597
190.69779
189.90046
190.74073
192.73967
191.95348
192.77587
192.0023
192.7372
191.94351
192.78021
194.77119
193.9883
194.8077
194.0367
194.76889
193.97833
194.812
196.79623
196.01614
196.83308
196.06415
196.79411
196.00617
196.83733
198.81606
198.03826
198.85325
198.0859
198.81412
198.02829
198.85747
200.83191
200.0559
200.86946
200.1032
200.83015
200.04592
200.87364
202.84503
202.07031
202.88294
202.11729
202.84345
202.06032
202.8871
204.85664
204.08272
204.89494
204.1294
204.85525
204.07271
204.89907
206.86799
206.09437
206.90669
206.14077
206.86679
206.08433
206.9108
208.8803
208.10649
208.91942
208.15264
208.8793
208.09642
208.92352
210.89481
210.12031
210.93436
210.16623
210.89401
210.1102
210.93845
212.91276
212.13707
212.95275
212.18278
212.91216
212.12692
212.95683
214.93536
214.15799
214.9758
214.20352
214.93497
214.14779
214.97989
216.96385
216.18431
217.00476
216.22967
216.96366
216.17405
217.00885
218.99944
218.21724
219.04083
218.26245
218.99947
218.20692
219.04493
221.04336
220.25798
221.08522
220.30309
221.0436
220.24759
221.08934
223.09683
222.30769
223.13914
222.3528
223.09729
222.29723
223.14328
225.16114
224.36762
225.2037
224.41286
225.16183
224.35708
225.20786
227.23756
226.43911
227.27979
226.48461
227.23848
226.4285
227.28393
229.32728
228.52393
229.36784
228.56946
229.32845
228.51326
229.37183
231.4308
230.62419
231.46764
230.66849
231.43226
230.61348
231.47129
233.54593
232.74018
233.57847
232.78044
233.54785
232.72939
233.58186
235.66259
234.86276
235.70193
234.89581
235.66523
234.85155
235.70613
237.74775
236.95769
237.83642
236.9802
237.75209
236.94552
237.84538
239.76968
238.96398
240.05142
238.95028
239.7748
238.9483
240.07249
241.83964
240.8286
242.45019
240.63252
241.85326
240.80999
242.50459
245.53085
242.86192
245.553
242.14465
245.52257
242.83493
245.59956
249.12291
248.68426
248.77571
248.92106
249.14297
248.72281
248.78936
248.64883
249.04884
248.65672
156.42213
155.84439
156.44607
155.87109
156.53408
155.75998
155.78615
156.32745
156.50045
155.77811
155.73599
248.51297
248.07899
248.37319
248.52824
248.53869
248.12167
248.40049
248.13591
248.38478
248.17091
154.00527
153.09412
154.03194
153.11197
153.07442
152.92012
153.10303
153.85182
153.01768
152.93344
153.0884
157.32898
146.92954
153.2502
157.3463
146.72983
160.31929
158.55493
160.33135
162.76858
161.68721
162.77524
165.06559
164.24119
165.06947
167.30399
166.56418
167.30717
169.51412
168.80983
169.51722
171.70038
171.01134
171.70367
173.86607
173.18705
173.86964
176.01232
175.34064
176.01621
178.14061
177.47542
178.14484
180.25218
179.59277
180.25676
182.34834
181.69426
182.35327
184.43039
183.78116
184.43568
186.4996
185.85481
186.50525
188.55726
187.91648
188.56328
190.60463
189.96744
190.61102
192.64297
192.00897
192.64974
194.67355
194.04231
194.6807
196.69761
196.06873
196.70514
198.7164
198.08947
198.72432
200.73116
200.10577
200.73948
202.74314
202.11888
202.75185
204.75357
204.13004
204.76269
206.76368
206.14048
206.7732
208.77471
208.15144
208.78464
210.78788
210.16414
210.79824
212.80444
212.17982
212.81522
214.8256
214.19969
214.83681
216.8526
216.225
216.86424
218.88666
218.25697
218.89874
220.92901
220.29687
220.94154
222.98086
222.34593
222.99384
225.04327
224.40523
225.0567
227.11684
226.4752
227.13076
229.20142
228.55476
229.21585
231.29632
230.64097
231.31131
233.40315
232.73246
233.41868
235.535
234.84399
235.55072
237.72907
237.03472
237.74401
240.06698
239.43886
240.07857
242.60727
242.17953
242.61548
245.55132
245.29077
245.56461
248.05612
247.72206
248.08412
248.4653
248.5152
248.51341
248.20323
151.10631
149.90942
151.12608
149.9097
150.52293
149.78201
149.60007
150.94809
150.5176
149.78254
149.59737
149.59397
149.14404
148.76527
149.98897
149.53526
149.14037
148.74688
147.99728
149.14987
147.95403
148.21034
147.04004
148.22213
147.03148
148.00785
147.00182
146.92072
148.15767
148.01446
146.99322
146.91061
147.60763
146.74377
146.64782
147.75551
147.61014
146.73358
146.63609
146.52809
147.47122
146.51572
145.53377
144.44067
145.54238
144.43041
145.47947
144.43758
144.41338
145.53235
145.48967
144.42743
144.40271
145.36349
144.3512
144.32808
145.40239
145.37416
144.34202
144.31918
144.31721
145.36083
144.30917
143.03755
141.98927
143.04578
141.97912
143.01441
141.9891
141.95717
143.04753
143.02438
141.97907
141.94585
142.94725
141.88783
141.84466
142.97481
142.95836
141.87808
141.83427
141.8295
142.95836
141.82038
140.65515
139.6423
140.66418
139.63239
140.60189
139.63752
139.54552
140.66501
140.61173
139.62835
139.53322
140.42769
139.37244
139.21723
140.50854
140.43927
139.36201
139.20218
139.13344
140.41188
139.12196
138.41528
137.47784
138.42537
137.46808
138.29694
137.47806
137.25342
138.43322
138.30706
137.4711
137.24027
137.8203
136.83407
136.26849
138.06072
137.8311
136.82192
136.23833
135.9106
137.69765
135.88981
136.45825
135.71559
136.47012
135.70829
136.2606
135.75981
135.37036
136.51031
136.27595
135.76133
135.3628
135.0479
134.44038
132.20807
135.77018
135.04935
134.49122
132.20444
130.1865
124.58205
134.59508
130.10356
124.34886
127.11428
125.51163
127.11904
125.46859
125.04789
124.02957
125.0548
124.01548
122.83703
121.88704
122.84322
121.87798
120.48388
119.52656
120.48815
119.51758
118.05954
117.09053
118.06284
117.081
115.6052
114.62777
115.60801
114.61775
113.13483
112.15112
113.13737
112.14072
110.65178
109.6625
110.65412
109.65181
108.15589
107.16101
108.15806
107.15005
105.64624
104.64544
105.64825
104.63423
103.12189
102.11484
103.12375
102.10339
100.58207
99.568442
100.58377
99.556729
98.026034
97.005523
98.027588
96.993552
95.453077
94.425385
95.454484
94.413156
92.862493
91.827319
92.863759
91.814831
90.253567
89.210608
90.254695
89.19786
87.625572
86.574526
87.626566
86.561515
84.977782
83.918335
84.978644
83.905061
82.309458
81.241303
82.310192
81.227762
79.619861
78.542687
79.620471
78.528878
76.90825
75.82174
76.908739
75.807662
74.173872
73.077712
74.174245
73.063362
71.415975
70.309834
71.416231
70.295209
68.633772
67.517335
68.633919
67.502432
65.82651
64.699441
65.826546
64.684258
62.993403
61.855368
62.993334
61.839903
60.133662
58.984324
60.133489
58.968571
57.246477
56.085495
57.246203
56.069452
54.331041
53.158062
54.330669
53.141726
51.38652
50.201186
51.386053
50.184551
48.412065
47.214004
48.411502
47.197066
45.4068
44.195631
45.406144
44.178384
42.369825
41.145153
42.369076
41.127591
39.300211
38.06162
39.299369
38.043737
36.196984
34.944039
36.196046
34.925821
33.05911
31.791341
33.058072
31.772777
29.885509
28.602411
29.884363
28.583483
26.674992
25.375986
26.673723
25.356665
23.426313
22.110785
23.424883
22.091008
20.138025
18.80513
20.136354
18.784749
16.808874
15.457699
16.806663
15.436268
13.437003
12.065314
13.43352
12.041394
10.021827
8.6192081
10.013942
8.5887846
6.5287837
5.0448241
6.5142286
5.0056926
2.8720567
0.9917835
2.8514008
1.0211671
135.06043
134.69393
135.06704
134.69198
134.86626
134.7926
134.68257
135.14873
134.90312
134.80074
134.71863
127.81646
131.31739
128.51155
131.31403
127.73435
131.3642
128.48331
126.06674
127.96944
126.25659
127.35131
126.03811
128.02841
126.23955
124.15873
125.34299
124.15748
125.05615
124.1466
125.36834
124.14356
121.93345
122.88336
121.89901
122.79593
121.9264
122.89658
121.88839
119.56106
120.47479
119.51728
120.43597
119.55435
120.4828
119.50758
117.12574
118.04526
117.07237
118.01115
117.11864
118.05248
117.06264
114.66481
115.5957
114.60599
115.55745
114.65728
115.60323
114.59614
112.18912
113.12906
112.12798
113.08727
112.18126
113.13699
112.11798
109.70081
110.64779
109.63894
110.60392
109.69267
110.65591
109.62882
107.19934
108.15219
107.13713
108.10748
107.19095
108.1604
107.12691
104.68375
105.64215
104.62111
105.59721
104.67512
105.6504
104.61079
102.15316
103.11722
102.08996
103.07228
102.14429
103.1255
102.07954
99.606808
100.57678
99.542944
100.53187
99.597697
100.58509
99.532421
97.043966
98.020144
96.979404
97.975277
97.03461
98.028496
96.968771
94.46393
95.446603
94.398647
95.401767
94.454326
95.454996
94.387903
91.865988
92.855443
91.799971
92.810636
91.856134
92.863881
91.789109
89.249421
90.245948
89.182656
90.201165
89.239312
90.254433
89.171674
86.6135
87.61739
86.545973
87.572628
86.603132
87.625926
86.534867
83.95749
84.969042
83.889189
84.924296
83.946861
84.977632
83.877954
81.280655
82.300166
81.211568
82.255431
81.269761
82.308811
81.200201
78.582258
79.610023
78.512367
79.565297
78.571095
79.618727
78.500864
75.86155
76.897868
75.790841
76.85315
75.850114
76.906635
75.779199
73.117781
74.162959
73.046238
74.118241
73.106067
74.171792
73.034451
70.350177
71.404526
70.277789
71.359807
70.338181
71.413427
70.265853
67.557973
68.621797
67.484718
68.577074
67.54569
68.630771
67.472629
64.740392
65.814006
64.66625
65.769278
64.727818
65.823055
64.654005
61.896653
62.980371
61.821607
62.935639
61.883782
62.989497
61.8092
59.025958
60.120099
58.949991
60.075366
59.012786
60.129308
58.937417
56.127502
57.232393
56.050599
57.187652
56.114022
57.241685
56.037855
53.200462
54.316437
53.122606
54.271687
53.186668
54.325818
53.109685
50.244
51.371402
50.165172
51.326638
50.229885
51.380873
50.15207
47.257253
48.396434
47.177432
48.351653
47.24281
48.405999
47.164143
44.239337
45.39066
44.1585
45.345856
44.224557
45.400321
44.145019
41.189338
42.353176
41.107459
42.308347
41.174213
42.362935
41.093778
38.106306
39.283051
38.023355
39.238192
38.090825
39.292911
38.009467
34.989248
36.179311
34.905194
36.134418
34.973399
36.189275
34.89109
31.837097
33.040927
31.751901
32.995986
31.820865
33.050994
31.737573
28.648755
29.866814
28.562375
29.821815
28.632118
29.87698
28.547807
25.42294
26.655778
25.335305
26.610697
25.405864
26.666038
25.32047
22.158484
23.406607
22.069539
23.361409
22.140901
23.41693
22.054376
18.853663
20.117848
18.763255
20.072413
18.835394
20.128155
18.747606
15.507936
16.788547
15.416196
16.742603
15.488498
16.798546
15.399559
12.118511
13.417609
12.025769
13.369917
12.096173
13.426379
12.006416
8.6797105
10.009158
8.5907758
9.9549554
8.65088
10.0132
8.5643858
5.1220889
6.5574407
5.048474
6.4836129
5.0830172
6.5467893
5.0064719
1.0643241
2.9808584
1.0059171
2.8970854
1.1111394
2.9384533
1.0424026
134.46945
134.29419
134.47293
134.29326
134.50475
134.43407
134.0826
134.58732
134.54616
134.44283
134.11243
134.45389
134.4597
134.50647
134.59936
134.52916
133.58134
134.02829
133.58628
130.99921
131.36334
131.00822
127.68763
128.21084
127.69357
124.71838
125.44087
124.71889
122.05049
122.84769
122.04745
119.56546
120.36932
119.56118
117.13232
117.92449
117.12803
114.69221
115.47767
114.68813
112.22972
113.01502
112.22574
109.74648
110.53515
109.74247
107.24608
108.03939
107.24199
104.73034
105.52864
104.72615
102.19946
103.00287
102.19516
99.652901
100.46159
99.6485
97.089944
97.904127
97.085443
94.509835
95.329741
94.505233
91.911834
92.737711
91.907131
89.295218
90.127314
89.290412
86.659258
87.497823
86.654347
84.003226
84.848511
83.99821
81.326384
82.178641
81.32126
78.627991
79.487475
78.622759
75.907297
76.774267
75.901956
73.163558
74.038273
73.158104
70.396002
71.278725
70.390434
67.603862
68.494855
67.598178
64.786359
65.685891
64.780557
61.94271
62.851054
61.936786
59.07212
59.989553
59.066072
56.173785
57.100586
56.167608
53.246886
54.183341
53.240578
50.29059
51.236988
50.284145
47.304041
48.260676
47.297453
44.286361
45.253535
44.279622
41.236643
42.214665
41.229744
38.153945
39.143138
38.146875
35.037303
36.037989
35.030047
31.88566
32.898195
31.878196
28.697995
29.722694
28.690294
25.472975
26.510287
25.464989
22.209739
23.259808
22.201386
18.906035
19.969642
18.897128
15.562729
16.63873
15.552842
12.17415
13.263749
12.161778
8.7492764
9.8429843
8.7304356
5.2324781
6.3447783
5.1946481
1.3502152
2.6798324
1.3629018
629.84906
623.21203
629.82451
623.28531
620.8375
618.2153
620.85838
618.21274
616.1357
614.56586
616.15029
614.56072
612.58836
611.39204
612.59459
611.3878
609.39895
608.34884
609.40438
608.34731
606.29058
605.29316
606.29587
605.29303
603.20543
602.22476
603.21078
602.22516
600.14244
599.16774
600.14775
599.16818
597.1088
596.13889
597.11405
596.13922
594.10808
593.14463
594.11323
593.14484
591.13981
590.18458
591.14486
590.1847
588.20175
587.25566
588.2067
587.25572
585.29157
584.35476
585.29641
584.35477
582.40757
581.47978
582.41232
581.47974
579.5487
578.62954
579.55335
578.62946
576.71422
575.80338
576.71878
575.80326
573.90354
573.00075
573.908
573.00059
571.11604
570.22109
571.12042
570.22089
568.3511
567.46377
568.35539
567.46353
565.60806
564.72813
565.61227
564.72786
562.88629
562.01354
562.89042
562.01323
560.18516
559.31935
560.1892
559.319
557.50402
556.64494
557.50798
556.64455
554.84224
553.98967
554.84613
553.98924
552.1992
551.35291
552.203
551.35243
549.57424
548.73402
549.57797
548.7335
546.96676
546.13237
546.97041
546.13181
544.37609
543.54732
544.37967
543.54672
541.80162
540.97825
541.80512
540.97761
539.2427
538.42451
539.24612
538.42382
536.69869
535.88546
536.70204
535.88473
534.16895
533.36046
534.17223
533.35968
531.65283
530.84886
531.65603
530.84803
529.14969
528.35001
529.15281
528.34913
526.65884
525.86326
526.66188
525.86233
524.17961
523.38796
524.18258
523.38697
521.7113
520.92346
521.71418
520.92241
519.25315
518.46919
519.25593
518.46807
516.80435
516.02481
516.80702
516.02362
514.36399
513.59047
514.36651
513.5892
511.93118
511.16817
511.9335
511.16684
509.50543
508.76367
509.50742
508.76234
507.08929
506.39531
507.09071
506.39412
504.69721
504.10433
504.69772
504.10365
502.39216
501.99128
502.3915
501.99131
500.36943
500.21285
500.36861
500.21421
499.14168
498.98264
499.14163
498.98323
498.88052
498.86121
498.87992
498.86129
498.96933
498.97075
499.11638
498.59734
498.93752
499.68272
499.118
498.58154
498.9365
498.97321
499.30013
498.97432
622.34267
624.33012
621.69377
625.13902
622.42166
624.30934
621.78636
618.76724
620.17122
618.15173
620.7392
618.75021
620.17172
618.1363
615.08945
616.08464
614.74462
616.50155
615.07403
616.09479
614.73369
611.61309
612.69172
611.4706
612.91655
611.60017
612.69452
611.464
608.31231
609.4766
608.28574
609.64379
608.30329
609.48386
608.2834
605.13306
606.33696
605.16089
606.47684
605.12563
606.3463
605.1602
602.02882
603.24212
602.08145
603.36269
602.02203
603.25225
602.08136
598.97695
600.18558
599.03994
600.2903
598.97011
600.19574
599.03998
595.96551
597.16291
596.03127
597.25575
595.95869
597.1729
596.03132
592.98627
594.17103
593.05206
594.25641
592.97951
594.18081
593.05208
590.03495
591.20757
590.10021
591.28901
590.02825
591.21715
590.10019
587.10975
588.27105
587.17464
588.35065
587.1031
588.28044
587.17457
584.21012
585.36065
584.27485
585.43937
584.20351
585.36986
584.27472
581.33584
582.47588
581.40044
582.55401
581.32927
582.4849
581.40025
578.48651
579.6162
578.55089
579.69381
578.47998
579.62506
578.55064
575.66152
576.78105
575.7256
576.85813
575.65502
576.78973
575.72529
572.86016
573.96976
572.92391
574.04633
572.8537
573.97827
572.92354
570.08175
571.1817
570.14517
571.25778
570.07532
571.19004
570.14474
567.32562
568.4162
567.38872
568.49181
567.31922
568.42438
567.38823
564.59112
565.67263
564.65393
565.74777
564.58475
565.68064
564.65337
561.87763
562.95034
561.94016
563.02502
561.87129
562.95819
561.93953
559.18452
560.24872
559.24678
560.32295
559.17821
560.2564
559.24608
556.51117
557.56711
556.57315
557.6409
556.50487
557.57464
556.57239
553.85692
554.90489
553.91865
554.97825
553.85065
554.91226
553.91781
551.22115
552.26142
551.28264
552.33435
551.21489
552.26864
551.28173
548.60322
549.63607
548.66448
549.70859
548.59698
549.64313
548.6635
546.0025
547.0282
546.06354
547.10031
545.99628
547.03511
546.06248
543.41836
544.43718
543.47919
544.50889
543.41215
544.44393
543.47805
540.85016
541.86237
540.91078
541.9337
540.84396
541.86897
540.90957
538.29725
539.30313
538.35769
539.37408
538.29106
539.30959
538.3564
535.75899
536.75883
535.81927
536.82941
535.75281
536.76514
535.8179
533.23475
534.22882
533.29488
534.29904
533.22857
534.23498
533.29342
530.72386
531.71246
530.78386
531.78231
530.71769
531.71847
530.78231
528.22565
529.20907
528.28554
529.27858
528.21948
529.21494
528.2839
525.73942
526.71799
525.79922
526.78717
525.73324
526.72372
525.7975
523.26438
524.23852
523.32418
524.30737
523.2582
524.2441
523.32236
520.79967
521.7699
520.85958
521.83843
520.79347
521.77535
520.85766
518.3441
519.31131
518.40438
519.37954
518.33789
519.31662
518.40236
515.89593
516.86169
515.95712
516.92967
515.88968
516.86689
515.95499
513.45204
514.41955
513.51519
514.48754
513.4457
514.42467
513.51292
511.00666
511.98242
511.07356
512.0513
511.00012
511.98755
511.07109
508.54808
509.54533
508.62047
509.61833
508.54111
509.55064
508.61758
506.05506
507.09787
506.12762
507.18597
506.04717
507.10368
506.1236
503.49472
504.61616
503.51618
504.75591
503.48517
504.62307
503.50902
500.88079
502.05208
500.55145
502.35657
500.86875
502.06024
500.5354
498.57699
499.29637
496.41829
500.11337
498.5776
499.30333
496.39588
498.32985
497.28656
497.48066
498.52499
498.33614
497.26022
497.47561
497.60656
498.52802
497.60447
622.31181
629.14404
622.38895
618.31549
621.00068
618.31077
614.76095
616.34639
614.75846
611.4444
612.81516
611.44381
608.23311
609.55962
608.23454
605.09478
606.40097
605.09688
602.01058
603.2979
602.01281
598.96861
600.23796
598.97072
595.96104
597.21404
595.963
592.98311
594.22173
592.98492
590.03228
591.25805
590.03394
587.10753
588.32133
587.10904
584.20848
585.41077
584.20985
581.33481
582.52585
581.33603
578.48602
579.66606
578.4871
575.6615
576.8308
575.66243
572.86057
574.01942
572.86136
570.08256
571.23127
570.08321
567.32683
568.46568
567.32734
564.59274
565.72202
564.59311
561.87966
562.99966
561.87988
559.18696
560.29795
559.18704
556.51399
557.61627
556.51394
553.86014
554.95397
553.85994
551.22476
552.31043
551.22441
548.60721
549.68501
548.60673
546.00688
547.07708
546.00625
543.42312
544.486
543.42235
540.85529
541.91114
540.85438
538.30277
539.35186
538.30171
535.7649
536.80751
535.76369
533.24105
534.27747
533.23969
530.73055
531.76107
530.72904
528.23273
529.25766
528.23107
525.7469
526.76655
525.74508
523.27229
524.28704
523.27032
520.80805
521.81836
520.80591
518.35304
519.35963
518.35072
515.90557
516.90973
515.90305
513.4626
514.46695
513.45983
511.0179
512.02836
511.01478
508.55685
509.58802
508.55313
506.04165
507.13243
506.03683
503.35878
504.62711
503.35197
500.12625
501.97437
500.11554
494.2491
488.49298
498.96109
494.22943
488.41996
495.20187
491.8921
492.83531
495.79507
495.21183
491.85576
492.81026
496.0293
493.97923
494.37079
495.99102
496.04328
493.96198
494.35888
494.66281
496.2768
494.65423
491.37826
489.69412
491.39487
489.67573
492.03087
490.24682
490.57263
491.81051
492.05095
490.23076
490.559
492.8138
491.1202
491.33774
492.62488
492.82889
491.1073
491.32783
491.486
493.00975
491.47701
489.32646
488.19527
489.33815
488.18647
489.5041
488.28676
488.35835
489.42903
489.51529
488.27726
488.34898
489.85204
488.535
488.59856
489.76558
489.862
488.52526
488.58972
488.63177
489.92365
488.62364
487.06377
485.95598
487.07371
485.94956
487.08179
485.96798
485.98077
487.08213
487.09196
485.96104
485.97339
487.18213
486.03776
486.04922
487.16961
487.19056
486.02962
486.04153
486.04992
487.19657
486.04298
484.61229
483.47376
484.62162
483.46802
484.62262
483.49075
483.52078
484.62768
484.63194
483.48425
483.51395
484.68048
483.59115
483.61019
484.67838
484.68812
483.5836
483.60329
483.61211
484.68587
483.60603
482.05905
480.84093
482.0693
480.83615
482.12665
480.90483
481.02651
482.11032
482.13595
480.89826
481.02052
482.27002
481.21818
481.27391
482.24254
482.27689
481.21195
481.26848
481.28476
482.28012
481.28018
479.35361
477.86765
479.36705
477.86551
479.57583
477.99814
478.53449
479.56627
479.58359
477.99956
478.54165
479.96257
479.08833
479.16268
479.86662
479.9671
479.0871
479.16051
479.16895
479.9771
479.16768
384.29929
384.26205
384.10321
384.12197
384.08486
384.10745
384.22933
384.36075
384.21611
384.34893
385.43018
385.566
385.42067
385.5546
387.15824
387.53315
387.14766
387.52193
389.18752
389.74278
389.17626
389.73263
391.3582
392.0019
391.34652
391.99264
393.57148
394.25113
393.55981
394.2425
395.78795
396.47799
395.77646
396.4698
397.99096
398.68118
397.97973
398.67333
400.17591
400.86223
400.16496
400.85468
402.34173
403.02288
402.33107
403.0156
404.48908
405.16481
404.47872
405.15779
406.61905
407.28953
406.60898
407.28278
408.73294
409.3985
408.72316
409.39202
410.83208
411.49314
410.82258
411.48691
412.91781
413.57479
412.9086
413.56883
414.99148
415.64482
414.98255
415.63911
417.05439
417.70453
417.04575
417.69908
419.10787
419.75523
419.0995
419.75005
421.15322
421.79822
421.14512
421.7933
423.19171
423.83479
423.18389
423.83013
425.22462
425.86619
425.21707
425.8618
427.25321
427.89369
427.24594
427.88957
429.27874
429.91855
429.27174
429.91469
431.30244
431.94198
431.29571
431.93839
433.32555
433.96523
433.31908
433.96191
435.34929
435.98952
435.34309
435.98647
437.37488
438.01607
437.36895
438.01329
439.40353
440.04607
439.39787
440.04357
441.43647
442.08075
441.43107
442.07852
443.47488
444.1213
443.46975
444.11935
445.51991
446.16888
445.51505
446.16721
447.57265
448.22464
447.56805
448.22325
449.63415
450.28979
449.62981
450.28868
451.70591
452.36581
451.70184
452.36499
453.79094
454.45508
453.78713
454.45453
455.89517
456.56142
455.89167
456.56112
458.02745
458.68988
458.0243
458.68978
460.1912
460.84052
460.18843
460.84059
462.36227
462.99931
462.35976
462.99986
464.42381
465.10583
464.42081
465.10824
466.14464
467.15474
466.13844
467.16193
466.94738
469.16851
466.9309
469.18602
476.23351
465.85464
472.59061
476.26103
465.79328
472.5918
477.85368
477.66522
477.44887
477.4531
477.85839
477.67475
477.45446
477.43548
477.87604
477.44096
384.48823
384.09287
384.47784
384.08973
384.84679
384.05315
383.75479
384.2844
384.83616
384.05122
383.73631
476.55243
476.38385
476.33992
476.08366
476.55926
476.39865
476.34894
476.25453
476.48036
476.26432
383.5911
382.6667
383.6034
382.666
383.65604
382.55308
382.3656
383.41434
383.65772
382.55101
382.34152
385.28592
381.70058
384.52786
383.75418
385.31051
381.68033
384.53537
387.46483
385.73738
387.19222
386.02637
387.48155
385.72202
387.20029
389.75682
388.59109
389.63816
388.55277
389.76931
388.58422
389.64459
392.04643
391.0679
391.9752
390.98572
392.05661
391.06399
391.98032
394.30736
393.39874
394.24976
393.31945
394.31648
393.39589
394.25425
396.53875
395.66105
396.48488
395.58858
396.54735
395.65863
396.48909
398.74378
397.88281
398.69084
397.81498
398.75213
397.88062
398.69497
400.92557
400.07587
400.87286
400.01082
400.93376
400.07387
400.877
403.08653
402.24566
403.0339
402.18229
403.09462
402.24383
403.03809
405.22861
404.39529
405.17602
404.33303
405.23661
404.39362
405.1803
407.35344
406.52683
407.3009
406.46539
407.36137
406.52531
407.30526
409.46254
408.64196
409.41005
408.58119
409.47041
408.64059
409.4145
411.55734
410.74219
411.50488
410.682
411.56516
410.74097
411.50943
413.63923
412.82893
413.58678
412.76926
413.64699
412.82785
413.59142
415.70953
414.90354
415.65708
414.84436
415.71725
414.90261
415.66182
417.76958
416.96737
417.71711
416.90863
417.77726
416.96658
417.72195
419.82068
419.02173
419.76818
418.96338
419.82832
419.02106
419.77313
421.86414
421.06791
421.81159
421.00993
421.87174
421.06737
421.81663
423.90123
423.1072
423.8486
423.04955
423.90879
423.10679
423.85375
425.93322
425.14088
425.8805
425.08353
425.94076
425.1406
425.88576
427.96137
427.17021
427.90854
427.11313
427.96888
427.17005
427.91391
429.98692
429.19644
429.93398
429.1396
429.99442
429.1964
429.93945
432.01113
431.22082
431.95803
431.16418
432.01861
431.22089
431.96363
434.0352
433.24458
433.98195
433.1881
434.04267
433.24476
433.98766
436.06038
435.26894
436.00695
435.2126
436.06784
435.26923
436.01277
438.08787
437.29512
438.03424
437.23888
438.09532
437.29551
438.04018
440.11888
439.32433
440.06504
439.26815
440.12634
439.32482
440.0711
442.15462
441.35776
442.10053
441.30163
442.16208
441.35836
442.10672
444.19629
443.39664
444.14194
443.3405
444.20375
443.39733
444.14825
446.24508
445.44215
446.19045
445.38601
446.25256
445.44294
446.19689
448.30219
447.49551
448.24726
447.43942
448.30968
447.49639
448.25383
450.3688
449.5579
450.31352
449.502
450.37631
449.55887
450.32022
452.44621
451.63036
452.39026
451.57484
452.45375
451.63143
452.3971
454.53616
453.71368
454.47836
453.65839
454.54376
453.71482
454.48535
456.64152
455.80833
456.57884
455.75228
456.64927
455.80952
456.58598
458.76728
457.91548
458.69422
457.85627
458.7753
457.91664
458.7015
460.91867
460.03936
460.83088
459.97485
460.92715
460.04041
460.8383
463.0988
462.19428
463.00502
462.12717
463.10708
462.19517
463.01229
465.27059
464.40878
465.24308
464.35737
465.27737
464.40997
465.25006
467.47901
466.76189
467.60958
466.78434
467.47998
466.76409
467.61528
469.54178
469.2766
470.12388
469.55863
469.53615
469.28262
470.12963
472.06829
472.20765
472.96304
472.57813
472.05897
472.21773
472.97196
475.43737
474.91984
475.36888
474.97769
475.43318
474.92846
475.37541
476.03249
475.96481
475.9656
475.91366
476.04364
475.97648
475.9787
475.81748
475.89049
475.8407
381.34796
379.78166
381.36715
379.77375
381.11847
379.50155
379.1368
381.14628
381.13693
379.49077
379.12088
381.02146
378.04407
377.13933
380.3942
381.03992
378.01959
377.10302
384.20834
373.81755
379.51767
384.23397
373.74246
387.11412
385.31431
387.12673
389.64733
388.43657
389.65488
392.00735
390.9854
392.01303
394.28915
393.33916
394.29431
396.52671
395.61002
396.53176
398.73336
397.83543
398.73847
400.91532
400.03015
400.92054
403.07596
402.20076
403.08133
405.21754
404.35081
405.22306
407.34182
406.48258
407.34751
409.45035
408.59785
409.4562
411.54457
410.69816
411.55059
413.62586
412.78493
413.63205
415.69557
414.85955
415.70194
417.75502
416.92334
417.76157
419.80553
418.97763
419.81225
421.84838
421.02372
421.85529
423.88486
423.0629
423.89195
425.91624
425.09644
425.92352
427.94378
427.1256
427.95125
429.96872
429.15163
429.97638
431.9923
431.17579
432.00016
434.01575
433.19929
434.02381
436.0403
435.22337
436.04856
438.06715
437.24925
438.07563
440.09752
439.27812
440.10621
442.13261
441.3112
442.1415
444.17362
443.34969
444.18273
446.22175
445.3948
446.23109
448.27822
447.44776
448.28778
450.34419
449.50976
450.35398
452.42068
451.58186
452.43071
454.50848
453.66468
454.51876
456.6084
455.75828
456.61894
458.72267
457.86308
458.73351
460.85823
459.98338
460.86938
463.03329
462.13569
463.04456
465.28704
464.36236
465.29835
467.70009
466.76011
467.71088
470.32484
469.43041
470.33638
473.15738
472.4317
473.17013
475.48369
475.06303
475.49794
476.0046
476.0339
476.0268
378.13852
376.64859
378.15437
376.63965
377.77642
376.50247
376.29548
377.97921
377.79346
376.49299
376.28314
376.99763
375.76499
375.4492
377.24295
377.01974
375.75159
375.433
374.90855
376.61535
374.88903
375.0828
373.8054
375.09294
373.79705
374.92742
373.77045
373.70809
375.03067
374.93826
373.76174
373.6986
374.59797
373.53445
373.46413
374.69394
374.60996
373.52519
373.45449
373.37501
374.52038
373.36557
372.3591
371.21928
372.36722
371.21207
372.32922
371.21714
371.20506
372.35988
372.33868
371.2095
371.19706
372.24122
371.14846
371.13546
372.26157
372.25133
371.14116
371.12842
371.12482
372.24353
371.11798
369.84279
368.7742
369.85034
368.7679
369.83304
368.7715
368.75131
369.85187
369.84142
368.76462
368.74383
369.78093
368.68139
368.65036
369.79507
369.79029
368.67462
368.64378
368.63415
369.78489
368.62809
367.43081
366.43996
367.43804
366.43519
367.39113
366.42915
366.37031
367.43441
367.39851
366.42375
366.36411
367.25528
366.1808
366.05442
367.29197
367.26511
366.17488
366.04775
365.98911
367.22399
365.98409
365.12381
364.31767
365.12988
364.31615
365.01022
364.31386
364.23069
365.11992
365.01498
364.3117
364.22929
364.70314
363.69313
363.13457
364.73259
364.71305
363.70085
363.13611
362.99183
364.51079
362.98936
363.02193
362.57364
363.02763
362.57863
362.58869
362.59321
362.78619
363.01144
362.59198
362.59885
362.79509
357.62245
350.88928
361.39035
357.62243
350.82662
354.19018
351.97645
354.20666
351.95894
352.26257
351.24776
352.26935
351.24075
350.31377
349.63992
350.31574
349.63626
348.31221
347.69142
348.31232
347.68838
346.24401
345.61577
346.2436
345.61253
344.17084
343.53087
344.17024
343.52731
342.10973
341.4654
342.10894
341.46153
340.06466
339.42107
340.06365
339.41692
338.03334
337.39262
338.03208
337.38822
336.01332
335.37584
336.01181
335.3712
334.00273
333.36821
334.00097
333.36333
332.00023
331.36824
331.99822
331.36313
330.0047
329.37483
330.00244
329.36949
328.01506
327.38696
328.01256
327.38138
326.03027
325.40358
326.02753
325.39777
324.04926
323.42364
324.04628
323.4176
322.07097
321.44606
322.06776
321.43979
320.09432
319.46978
320.09088
319.46327
318.11824
317.4937
318.11456
317.48696
316.14164
315.51675
316.13773
315.50978
314.16344
313.53784
314.1593
313.53064
312.18255
311.55588
312.17819
311.54845
310.19788
309.56977
310.1933
309.56211
308.20833
307.57842
308.20352
307.57052
306.21279
305.58072
306.20776
305.57258
304.21015
303.57554
304.20489
303.56716
302.19928
301.56175
302.1938
301.55314
300.17904
299.53824
300.17334
299.52939
298.14829
297.50385
298.14237
297.49476
296.1059
295.45746
296.09976
295.44813
294.05065
293.39788
294.04429
293.3883
291.98145
291.32414
291.97486
291.31431
289.89696
289.23491
289.89015
289.22484
287.79631
287.13004
287.78927
287.11972
285.67778
285.00793
285.67049
284.99738
283.54169
282.87261
283.53412
282.86185
281.385
280.72285
281.37711
280.71195
279.21503
278.58511
279.20667
278.57428
277.02827
276.46874
277.01921
276.45832
274.88285
274.51168
274.87264
274.5022
272.84271
272.70762
272.83131
272.69841
271.60045
271.47461
271.58868
271.4618
271.39189
271.36911
271.37835
271.35218
271.55538
271.5216
361.63544
361.38311
361.64183
361.39157
361.25407
361.50315
361.48883
361.72523
361.25696
361.51204
361.50113
271.53393
271.02381
271.36144
272.09595
271.52635
271.00769
271.36126
271.39312
271.71467
271.39163
361.04638
360.87697
361.06073
360.89802
361.12042
361.1101
360.73434
361.23328
361.13471
361.12443
360.74607
270.69297
269.98911
270.04274
270.93941
270.69861
269.97404
270.04553
270.14942
270.84466
270.15476
360.94195
360.9846
361.18294
361.24873
361.20099
360.53198
360.88673
360.54796
357.83134
358.08232
357.84621
354.69674
355.14763
354.70887
352.01805
352.67494
352.02769
349.67372
350.38874
349.68237
347.5406
348.2535
347.54886
345.48044
346.17169
345.4885
343.44151
344.11492
343.44941
341.40624
342.0684
341.41393
339.37499
340.03057
339.38243
337.35048
338.00171
337.35765
335.33435
335.98212
335.34124
333.32668
333.97141
333.3333
331.32675
331.96873
331.33309
329.33352
329.97308
329.33958
327.34587
327.98335
327.35166
325.36271
325.99849
325.36823
323.38297
324.01741
323.38822
321.40558
322.03903
321.41055
319.42946
320.0623
319.43417
317.45355
318.08614
317.45799
315.47677
316.10946
315.48093
313.49803
314.13119
313.50192
311.51625
312.15023
311.51986
309.53031
310.16549
309.53365
307.53914
308.17588
307.5422
305.5416
306.18028
305.54438
303.53659
304.17757
303.53909
301.52296
302.16664
301.52519
299.49959
300.14635
299.50154
297.4653
298.11555
297.46696
295.41894
296.07308
295.42031
293.35921
294.01775
293.36029
291.28496
291.94841
291.28575
289.1944
289.86369
289.19489
287.08635
287.76259
287.08653
284.95642
285.64315
284.95628
282.80148
283.5049
282.80094
280.59951
281.34246
280.59842
278.31903
279.15393
278.31702
275.79671
276.90064
275.79294
272.68269
274.4944
272.67637
267.31037
260.62749
271.51491
267.30492
260.55856
268.06478
267.28716
267.08986
267.18131
268.07381
267.2835
267.09285
267.277
268.26856
267.27929
263.2304
262.00208
263.23317
261.98558
264.09017
262.80995
263.21771
263.64112
264.0929
262.80153
263.21397
265.06886
263.68171
263.87026
264.6199
265.07628
263.67677
263.86729
263.99543
265.26238
263.99111
261.54864
260.57266
261.55478
260.5648
261.82804
260.6925
260.78821
261.69356
261.83378
260.68458
260.78087
262.23636
260.96515
261.04526
262.09867
262.24309
260.95729
261.03825
261.0796
262.30585
261.07254
259.429
258.35566
259.43756
258.34934
259.46854
258.3649
258.38541
259.45132
259.47776
258.35811
258.37852
259.59088
258.44224
258.46405
259.56101
259.5987
258.43438
258.45673
258.46436
259.6041
258.45736
257.01489
255.85843
257.02422
255.85202
257.03097
255.87101
255.91381
257.0245
257.04084
255.86355
255.90682
257.09555
255.97655
256.00828
257.08422
257.1037
255.9683
256.00115
256.00622
257.09832
255.99949
254.46535
253.16438
254.47653
253.15744
254.56106
253.23781
253.39816
254.50167
254.57249
253.22784
253.39109
254.7069
253.55925
253.65352
254.66439
254.71565
253.5501
253.64684
253.65428
254.71111
253.6478
251.76321
249.96556
251.77893
249.95651
252.1179
250.28307
250.86993
251.8981
252.13234
250.26535
250.86233
252.47007
251.26384
251.49331
252.35522
252.47993
251.25333
251.48783
251.4839
252.46713
251.47796
157.0603
157.08596
157.04436
157.07326
157.41042
157.58092
157.40384
157.57284
158.54216
158.86703
158.53817
158.8601
160.24975
160.83436
160.24311
160.82805
162.23391
163.00371
162.22514
162.99948
164.37593
165.22409
164.36593
165.22099
166.56661
167.44325
166.55627
167.4408
168.7657
169.6472
168.75535
169.64506
170.95364
171.83185
170.94341
171.82992
173.1252
173.99699
173.11515
173.99519
175.27856
176.14325
175.2687
176.14159
177.41412
178.27175
177.40446
178.27021
179.53273
180.38368
179.52326
180.38226
181.63556
182.4803
181.62627
182.47901
183.72382
184.56289
183.71473
184.56173
185.7988
186.63272
185.78989
186.63169
187.86176
188.69107
187.85303
188.69017
189.91396
190.73919
189.90542
190.73843
191.95668
192.77836
191.94831
192.77774
193.99117
194.80983
193.98297
194.80935
196.01868
196.83484
196.01065
196.83451
198.04046
198.85466
198.0326
198.85448
200.05775
200.87051
200.05006
200.87048
202.0718
202.88364
202.06428
202.88377
204.08385
204.89529
204.07649
204.89558
206.09513
206.90668
206.08792
206.90714
208.10686
208.91906
208.09982
208.91969
210.1203
210.93365
210.11341
210.93446
212.13666
212.95169
212.12992
212.95268
214.15717
214.97441
214.15059
214.97557
216.18307
217.00302
216.17664
217.00437
218.21557
219.03875
218.20929
219.04029
220.25588
221.0828
220.24975
221.08454
222.30521
223.13641
222.29923
223.13835
224.36484
225.20083
224.35901
225.20298
226.43615
227.2774
226.43047
227.27974
228.52075
229.36742
228.51522
229.36997
230.62008
231.47175
230.61471
231.4745
232.73316
233.58874
232.72796
233.59179
234.84886
235.70807
234.84373
235.7117
236.9218
237.7935
236.91643
237.79878
238.80931
239.77459
238.80181
239.78341
240.0543
241.63614
240.03829
241.65216
248.69655
238.7496
244.33602
248.72322
238.68186
244.32118
249.84493
246.25283
248.54082
249.12541
249.8667
246.23087
248.54571
250.54066
249.38148
249.77749
250.32385
250.55372
249.37218
249.77708
249.71126
250.50416
249.70862
157.1945
157.04735
157.18105
157.04611
157.19283
156.98626
156.94435
157.09805
157.18778
156.9868
156.94207
157.64936
157.42597
157.10627
157.46019
157.64611
157.43592
157.10283
158.87128
158.68723
158.24963
158.57359
158.86668
158.69471
158.24429
160.82572
160.25935
160.56394
160.2861
160.8202
160.25845
160.55991
162.96964
162.18759
162.90301
162.26144
162.96572
162.18227
162.90268
165.18128
164.33877
165.19091
164.40513
165.17819
164.33132
165.19256
167.39663
166.5354
167.43401
166.59537
167.39406
166.52739
167.43658
169.60008
168.7389
169.64642
168.79529
169.59777
168.73073
169.6493
171.7848
170.92837
171.83411
170.98338
171.78266
170.9202
171.83707
173.95038
173.10098
174.00048
173.15519
173.94837
173.09284
174.00343
176.09709
175.25491
176.14738
175.30863
176.09519
175.24681
176.15029
178.22606
177.391
178.27632
177.44429
178.22427
177.38294
178.27917
180.33845
179.51007
180.38862
179.56297
180.33676
179.50204
180.39142
182.43551
181.61335
182.48559
181.66589
182.43392
181.60535
182.48833
184.51853
183.70206
184.56852
183.75427
184.51704
183.69409
184.57121
186.58877
185.77748
186.6387
185.82938
186.58739
185.76953
186.64134
188.64752
187.84087
188.6974
187.89249
188.64625
187.83295
188.69999
190.69604
189.89352
190.74588
189.94487
190.69487
189.88561
190.74843
192.73559
191.93667
192.78541
191.98779
192.73453
191.92877
192.78793
194.76742
193.97159
194.81724
194.0225
194.76647
193.96369
194.81973
196.79279
195.99952
196.84264
196.05026
196.79196
195.99163
196.84509
198.81295
198.02173
198.86283
198.07231
198.81223
198.01384
198.86525
200.82914
200.03945
200.87907
200.0899
200.82853
200.03155
200.88147
202.84259
202.05393
202.8926
202.10428
202.84211
202.04602
202.89497
204.85455
204.0664
204.90465
204.11667
204.85419
204.05847
204.90701
206.86625
206.0781
206.91646
206.12832
206.86601
206.07015
206.9188
208.87892
208.09025
208.92926
208.14045
208.87881
208.08228
208.93159
210.8938
210.10411
210.94428
210.15431
210.89381
210.09611
210.9466
212.91211
212.12088
212.96276
212.17111
212.91225
212.11285
212.96507
214.93509
214.14181
214.98592
214.1921
214.93536
214.13374
214.98823
216.96396
216.16813
217.01498
216.2185
216.96437
216.16002
217.01729
218.99994
218.20105
219.05117
218.25153
219.00049
218.1929
219.05348
221.04425
220.24176
221.09569
220.2924
221.04494
220.23356
221.09801
223.09814
222.29145
223.14975
222.34235
223.09897
222.2832
223.15208
225.16286
224.35133
225.21445
224.40264
225.16384
224.34303
225.21679
227.23971
226.4228
227.29062
226.47463
227.24083
226.41444
227.29296
229.32987
228.50768
229.37861
228.55975
229.33115
228.49927
229.38091
231.43391
230.60817
231.47817
230.6591
231.43534
230.59973
231.48039
233.54987
232.72453
233.58914
232.77141
233.55152
232.71606
233.59143
235.66781
234.84681
235.71442
234.88685
235.66987
234.83817
235.71704
237.75618
236.93915
237.85594
236.97018
237.75961
236.92999
237.8605
239.78042
238.93395
240.08625
238.93374
239.78643
238.92204
240.09515
241.86767
240.78165
242.53081
240.59939
241.88371
240.76656
242.55462
245.54303
242.78712
245.62925
242.06101
245.55644
242.76453
245.65209
249.15895
248.72789
248.79979
248.94669
249.17118
248.73515
248.80641
248.66417
249.07281
248.67085
156.46158
155.88819
156.46698
155.89362
156.55288
155.79137
155.77976
156.34356
156.54457
155.79464
155.76729
248.55978
248.12587
248.42143
248.55642
248.57571
248.1383
248.43597
248.2
248.42313
248.22387
154.05011
153.12298
154.05792
153.12533
153.03805
152.94328
153.13354
153.87837
153.02525
152.94655
153.13027
157.36876
146.5435
153.18004
157.39359
146.47467
160.34309
158.53529
160.35474
162.78079
161.67678
162.78648
165.07228
164.23501
165.07563
167.30924
166.56002
167.31199
169.51915
168.80674
169.52184
171.70571
171.00896
171.70857
173.87186
173.18529
173.87496
176.01865
175.33947
176.02201
178.14751
177.47484
178.15115
180.25966
179.59279
180.26359
182.35642
181.69487
182.36064
184.43907
183.78237
184.44359
186.50889
185.85661
186.51371
188.56717
187.91887
188.57229
190.61517
189.97043
190.62059
192.65414
192.01255
192.65987
194.68536
194.0465
194.6914
196.71007
196.07351
196.71642
198.72951
198.09485
198.73618
200.74494
200.11175
200.75193
202.75759
202.12546
202.7649
204.76869
204.13722
204.77633
206.77949
206.14827
206.78745
208.79121
208.15983
208.79951
210.80509
210.17314
210.81372
212.82235
212.18942
212.83132
214.84423
214.20991
214.85355
216.87196
216.23583
216.88162
218.90676
218.26842
218.91677
220.94986
220.30894
220.96023
223.00247
222.35863
223.0132
225.06565
224.41856
225.07674
227.14002
226.48914
227.15148
229.22539
228.56921
229.23724
231.32102
230.65569
231.33328
233.42837
232.7471
233.44106
235.56029
234.85871
235.57331
237.75431
237.05201
237.76742
240.09198
239.46476
240.10425
242.63866
242.22384
242.6504
245.6049
245.3553
245.61813
248.13697
247.78969
248.15612
248.55072
248.56921
248.57669
248.31457
151.1401
149.90807
151.14745
149.90368
150.51627
149.7816
149.59353
150.96641
150.51436
149.77867
149.58865
149.54567
149.13809
148.7343
150.02146
149.53857
149.13417
148.72567
147.92315
149.1392
147.90629
148.23148
147.02367
148.23805
147.01629
148.02021
146.98537
146.90154
148.17222
148.02489
146.97818
146.8935
147.61355
146.72466
146.62598
147.76552
147.61828
146.71705
146.61763
146.50515
147.47948
146.49675
145.55004
144.42153
145.55673
144.41394
145.49863
144.4185
144.39327
145.54807
145.50633
144.41081
144.38508
145.38351
144.3338
144.31107
145.42121
145.39154
144.32655
144.30375
144.30168
145.37761
144.29465
143.05329
141.97028
143.06015
141.9627
143.03331
141.97019
141.93581
143.06342
143.04114
141.96246
141.92706
142.9682
141.86946
141.825
142.99487
142.9767
141.86199
141.8169
141.81221
142.97659
141.80487
140.67227
139.6236
140.67947
139.61586
140.62051
139.61997
139.52209
140.68189
140.62815
139.61236
139.51215
140.44971
139.35288
139.18916
140.53164
140.45903
139.34511
139.17831
139.11212
140.43334
139.10396
138.43426
137.45932
138.44196
137.45139
138.31595
137.46418
137.22776
138.452
138.32344
137.45715
137.21587
137.8414
136.8111
136.2132
138.08984
137.85147
136.80225
136.19401
135.87374
137.72733
135.86305
136.48041
135.70159
136.48912
135.69523
136.28835
135.76021
135.35207
136.53511
136.29779
135.75679
135.34001
135.05331
134.44452
132.11627
135.81516
135.06192
134.44842
132.09219
130.04917
124.19281
134.63987
130.03041
124.11692
127.12686
125.43618
127.14072
125.41649
125.06159
124.00328
125.06901
123.9934
122.8484
121.86969
122.85273
121.86219
120.49167
119.50946
120.4945
119.50219
118.06561
117.07253
118.06793
117.0651
115.61041
114.60889
115.61252
114.60121
113.13957
112.13156
113.14155
112.12365
110.65615
109.64239
110.65801
109.63428
108.15994
107.1404
108.16168
107.1321
105.64998
104.62436
105.65161
104.61587
103.12535
102.09329
103.12685
102.08461
100.58524
99.546402
100.58663
99.537533
98.028915
96.982998
98.030196
96.973935
95.455682
94.402372
95.456853
94.393115
92.864828
91.803816
92.865893
91.794365
90.255639
89.186613
90.2566
89.176966
87.627388
86.550034
87.628249
86.540188
84.979348
83.893344
84.980107
83.883299
82.310779
81.215809
82.311442
81.205561
79.620945
78.516686
79.621513
78.506235
76.909102
75.795229
76.909577
75.784573
74.1745
73.050685
74.174885
73.039823
71.416379
70.282286
71.416674
70.271213
68.633964
67.489261
68.634173
67.477977
65.82649
64.670836
65.826613
64.659338
62.993179
61.826226
62.993219
61.814513
60.133237
58.954638
60.133195
58.942704
57.245857
56.05526
57.245734
56.043103
54.33023
53.127269
54.330028
53.114886
51.385521
50.169826
51.385241
50.157213
48.41088
47.182067
48.410522
47.169221
45.405431
44.163107
45.404996
44.150023
42.368273
41.11203
42.36776
41.098701
39.298474
38.027882
39.297883
38.014303
36.195056
34.909666
36.194384
34.895827
33.056985
31.75631
33.056227
31.7422
29.883169
28.566685
29.882317
28.552288
26.672408
25.339506
26.671446
25.324795
23.423405
22.073426
23.422296
22.058339
20.134627
18.766588
20.133284
18.750968
16.804388
15.41707
16.802517
15.400471
13.42992
12.01976
13.426748
12.000851
10.006165
8.5613536
9.999151
8.5373887
6.4999025
4.9723435
6.4867209
4.9446273
2.8310032
1.0475996
2.8121918
1.070955
135.0731
134.69015
135.07858
134.68838
134.90852
134.8054
134.71958
135.1684
134.92083
134.80645
134.72271
127.67515
131.38791
128.42729
131.34448
127.63931
131.41161
128.40407
126.01541
128.05188
126.20592
127.38008
125.99998
128.07925
126.19217
124.13599
125.38048
124.12546
125.06672
124.12731
125.39306
124.11542
121.91989
122.90643
121.87901
122.80325
121.91409
122.91453
121.87141
119.54827
120.49052
119.50034
120.44052
119.5429
120.49636
119.49319
117.11228
118.05935
117.05511
118.01479
117.10678
118.06476
117.04787
114.65059
115.60982
114.58803
115.56057
114.64486
115.61529
114.58066
112.1743
113.14358
112.10948
113.09011
112.16838
113.1492
112.102
109.68548
110.66251
109.62012
110.60653
109.67939
110.66818
109.61254
107.18356
108.16704
107.11809
108.10987
107.1773
108.17272
107.11044
104.66753
105.65706
104.60189
105.59938
104.66112
105.66277
104.59416
102.13651
103.13218
102.07054
103.07423
102.12994
103.1379
102.06273
99.589709
100.59179
99.523328
100.53362
99.582981
100.59752
99.515435
97.026419
98.035209
96.959576
97.976817
97.01953
98.04096
96.951597
94.445929
95.46173
94.378601
95.403103
94.438875
95.467499
94.370532
91.847528
92.870638
91.779697
92.81177
91.840307
92.876427
91.771536
89.230495
90.261216
89.162149
90.202099
89.223104
90.267026
89.153893
86.5941
87.632737
86.525226
87.573364
86.586537
87.638572
86.516872
83.937611
84.984473
83.868195
84.924836
83.929874
84.990335
83.859739
81.260291
82.315686
81.190319
82.255778
81.252377
82.321576
81.181761
78.5614
79.625639
78.490857
79.565453
78.553306
79.631558
78.482192
75.840191
76.913585
75.769063
76.853116
75.831915
76.919537
75.760289
73.095913
74.178782
73.024183
74.118019
73.08745
74.184768
73.015297
70.327791
71.42046
70.255449
71.359396
70.319139
71.426481
70.246448
67.535061
68.637849
67.462086
68.576479
67.526216
68.643909
67.452967
64.716946
65.830181
64.643319
65.768498
64.707905
65.836282
64.634078
61.872661
62.996675
61.798366
62.934676
61.863421
63.002817
61.789002
59.001413
60.136537
58.926434
60.07422
58.991971
60.142725
58.916942
56.102391
57.248971
56.026716
57.186324
56.092742
57.255203
56.017094
53.174775
54.333159
53.098387
54.270176
53.164913
54.33944
53.08863
50.217723
51.388274
50.140607
51.324943
50.207644
51.394603
50.130712
47.230372
48.413459
47.152511
48.349773
47.220072
48.419841
47.142472
44.211837
45.407843
44.133209
45.343788
44.201308
45.414276
44.123024
41.161202
42.370519
41.081786
42.306088
41.150439
42.377006
41.071449
38.077515
39.300556
37.997284
39.235737
38.066508
39.307098
37.98679
34.959778
36.196978
34.878707
36.131758
34.94852
36.203574
34.868047
31.80692
33.058753
31.724976
32.993111
31.795397
33.065402
31.714144
28.617828
29.88479
28.534977
29.818704
28.606024
29.891486
28.52396
25.391195
26.673879
25.307378
26.607315
25.379077
26.680614
25.296149
22.125783
23.424764
22.040948
23.357668
22.113282
23.431503
22.029445
18.819641
20.135879
18.733662
20.068107
18.806575
20.142528
18.721712
15.471595
16.805846
15.384564
16.737082
15.457456
16.812091
15.371636
12.076451
13.432301
11.988581
13.361283
12.059656
13.437162
11.973011
8.6250695
10.014372
8.5398197
9.9371495
8.6028415
10.014649
8.5180366
5.0496181
6.5343974
4.9699565
6.4411781
5.0223123
6.5225714
4.939394
1.1521334
2.9004696
1.0733589
2.802669
1.1872325
2.8694262
1.1027278
134.47608
134.29247
134.47896
134.29183
134.54499
134.44814
134.10381
134.60205
134.554
134.44999
134.10728
134.46389
134.46618
134.54354
134.61327
134.54875
133.62631
134.07106
133.62807
131.04709
131.39296
131.04951
127.71601
128.22344
127.71661
124.72499
125.44468
124.72337
122.04521
122.84931
122.0425
119.55659
120.37066
119.55353
117.12367
117.92614
117.1206
114.68434
115.47955
114.6813
112.22225
113.01694
112.21919
109.73903
110.53701
109.73592
107.2385
108.04116
107.23532
104.72257
105.5303
104.71931
102.1915
103.00445
102.18816
99.644757
100.46308
99.641345
97.081619
97.905532
97.07813
94.501327
95.331064
94.497762
91.903142
92.738954
91.8995
89.286339
90.128479
89.28262
86.65019
87.498911
86.646392
83.993967
84.849523
83.990089
81.31693
82.179579
81.312972
78.61834
79.48834
78.6143
75.897447
76.775061
75.893324
73.153503
74.038995
73.149296
70.38574
71.279376
70.381447
67.593389
68.495436
67.589009
64.77567
65.686403
64.771201
61.9318
62.851496
61.92724
59.060984
59.989924
59.05633
56.162415
57.100886
56.157665
53.235276
54.183566
53.230427
50.278731
51.237136
50.273779
47.291922
48.260743
47.286861
44.273968
45.253514
44.268793
41.22396
42.214547
41.218664
38.140952
39.142909
38.135524
35.023971
36.037632
35.018398
31.87195
32.897683
31.866215
28.683853
29.721986
28.677928
25.45831
26.50932
25.452151
22.194391
23.25846
22.187918
18.889628
19.967668
18.882655
15.544382
16.635471
15.536466
12.150802
13.25753
12.140516
8.7133214
9.828716
8.6975072
5.1617869
6.3143284
5.1338951
1.3749463
2.6260709
1.3835824
629.89509
623.35235
630.06078
623.41483
620.88266
618.20789
620.91333
618.20195
616.16318
614.55637
616.17464
614.55198
612.59918
611.38428
612.60236
611.38141
609.40822
608.34577
609.41132
608.34477
606.2997
605.29239
606.30319
605.29208
603.2149
602.22499
603.21873
602.22491
600.15207
599.16822
600.15596
599.16816
597.11846
596.13936
597.12227
596.13927
594.11765
593.14501
594.12135
593.1449
591.14923
590.18487
591.15284
590.18473
588.21099
587.25586
588.21451
587.2557
585.30061
584.35487
585.30406
584.35468
582.41643
581.4798
582.41981
581.47958
579.55738
578.62948
579.5607
578.62923
576.72274
575.80324
576.72599
575.80296
573.91189
573.00054
573.91509
573.00022
571.12423
570.2208
571.12737
570.22045
568.35913
567.4634
568.36221
567.46303
565.61593
564.72769
565.61896
564.72729
562.89401
562.01302
562.89699
562.01259
560.19272
559.31875
560.19564
559.3183
557.51143
556.64426
557.5143
556.64378
554.84951
553.98891
554.85232
553.9884
552.20631
551.35207
552.20908
551.35153
549.58121
548.7331
549.58393
548.73253
546.97358
546.13137
546.97624
546.13077
544.38277
543.54624
544.38539
543.54561
541.80815
540.97708
541.81072
540.97642
539.24909
538.42325
539.25161
538.42256
536.70494
535.88411
536.70741
535.88339
534.17506
533.35902
534.17748
533.35826
531.6588
530.84733
531.66116
530.84653
529.15551
528.34838
529.15782
528.34755
526.66451
525.86153
526.66677
525.86066
524.18514
523.38611
524.18734
523.3852
521.71667
520.9215
521.71881
520.92054
519.25834
518.4671
519.26042
518.4661
516.80934
516.02259
516.81135
516.02152
514.36872
513.5881
514.37064
513.58697
511.93556
511.16567
511.93735
511.16444
509.50925
508.76114
509.51085
508.75978
507.09217
506.39293
507.09347
506.39137
504.69866
504.10267
504.69951
504.10077
502.39192
501.99053
502.39223
501.98771
500.37032
500.21488
500.37058
500.21089
499.1441
498.98494
499.1431
498.98222
498.88035
498.86101
498.88291
498.86061
498.97028
498.96811
499.11583
498.56677
498.92743
499.68414
499.11069
498.59074
498.91167
498.96623
499.29125
498.94951
622.47327
624.3804
621.85354
625.38512
622.49617
624.54462
621.89616
618.72901
620.1767
618.11757
620.75592
618.70119
620.18484
618.09458
615.0577
616.10129
614.72239
616.50784
615.0401
616.10461
614.71082
611.58781
612.6961
611.45754
612.91586
611.57573
612.69662
611.45132
608.29536
609.48939
608.281
609.65281
608.28745
609.49334
608.27859
605.11966
606.35377
605.15939
606.48991
605.11373
606.35945
605.15844
602.01679
603.26043
602.08106
603.37731
602.01186
603.26674
602.08056
598.96486
600.20393
599.03975
600.30501
598.9603
600.21021
599.03926
595.95335
597.1809
596.03106
597.27029
595.9489
597.18697
596.03049
592.97412
594.1886
593.05178
594.27075
592.96974
594.19449
593.05115
590.02285
591.22477
590.09984
591.30318
590.01848
591.2305
590.09916
587.0977
588.2879
587.17417
588.36465
587.09334
588.29352
587.17346
584.19814
585.37718
584.27428
585.4532
584.1938
585.3827
584.27354
581.32394
582.49209
581.39977
582.56767
581.31961
582.49752
581.399
578.47468
579.63212
578.55012
579.7073
578.47037
579.63745
578.54932
575.64974
576.79665
575.72472
576.87145
575.64545
576.80189
575.72389
572.84845
573.98507
572.92293
574.05949
572.84418
573.99021
572.92207
570.0701
571.19671
570.14407
571.27077
570.06584
571.20176
570.14318
567.31402
568.43092
567.38751
568.50463
567.30977
568.43588
567.38659
564.57957
565.68705
564.6526
565.76044
564.57533
565.69192
564.65164
561.86612
562.96448
561.93871
563.03754
561.8619
562.96926
561.93772
559.17306
560.26257
559.24522
560.33531
559.16885
560.26726
559.24419
556.49975
557.58068
556.57147
557.65311
556.49554
557.58529
556.5704
553.84554
554.91818
553.91684
554.99031
553.84134
554.9227
553.91574
551.2098
552.27443
551.2807
552.34628
551.2056
552.27887
551.27956
548.5919
549.64881
548.66241
549.72037
548.58771
549.65316
548.66123
545.99121
547.04067
546.06134
547.11196
545.98702
547.04494
546.06012
543.40709
544.44938
543.47685
544.52041
543.40291
544.45356
543.47559
540.83891
541.8743
540.90831
541.94508
540.83472
541.87841
540.90701
538.28601
539.3148
538.35508
539.38534
538.28183
539.31882
538.35374
535.74777
536.77024
535.81652
536.84054
535.74358
536.77418
535.81513
533.22353
534.23997
533.29198
534.31004
533.21934
534.24383
533.29054
530.71265
531.72335
530.7808
531.7932
530.70846
531.72712
530.77932
528.21444
529.21971
528.28232
529.28935
528.21024
529.2234
528.28079
525.72819
526.72837
525.79585
526.79781
525.72399
526.73199
525.79427
523.25315
524.24864
523.32064
524.3179
523.24894
524.25218
523.31901
520.78842
521.77978
520.85586
521.84886
520.78419
521.78325
520.85418
518.33281
519.32095
518.40048
519.38988
518.32859
519.32435
518.39874
515.88458
516.87113
515.95302
516.93996
515.88035
516.87447
515.95122
513.44054
514.42887
513.51085
514.49785
513.4363
514.43218
513.50899
510.99484
511.99177
511.06886
512.06181
510.99058
511.99514
511.06689
508.5356
509.55506
508.61504
509.62948
508.53134
509.55864
508.61287
506.04119
507.10862
506.12024
507.19873
506.037
507.11274
506.11754
503.47841
504.6292
503.50346
504.77238
503.4746
504.63461
503.49947
500.86098
502.06847
500.52454
502.37993
500.85803
502.07682
500.51834
498.58303
499.31588
496.39114
500.14585
498.54188
499.33355
496.34653
498.33184
497.22779
497.46108
498.53405
498.31871
497.24389
497.43895
497.58994
498.5114
497.56385
622.45422
629.40359
622.50852
618.30674
621.07853
618.30297
614.75563
616.38248
614.75281
611.44259
612.83515
611.44099
608.23521
609.58075
608.23524
605.09826
606.42365
605.09901
602.01431
603.32095
602.01515
598.97207
600.26052
598.97273
595.96417
597.23587
595.9646
592.98593
594.24289
592.9862
590.03482
591.27868
590.03497
587.1098
588.34151
587.10986
584.2105
585.43053
584.21047
581.33657
582.54522
581.33647
578.48753
579.68505
578.48734
575.66275
576.84942
575.66249
572.86157
574.03767
572.86123
570.08331
571.24915
570.08289
567.32733
568.4832
567.32683
564.59299
565.73919
564.59241
561.87966
563.01647
561.879
559.18671
560.31442
559.18597
556.51349
557.63239
556.51268
553.85938
554.96976
553.85849
551.22375
552.32588
551.22277
548.60596
549.70014
548.6049
546.00537
547.09188
546.00423
543.42135
544.50048
543.42013
540.85327
541.9253
540.85197
538.30048
539.3657
538.2991
535.76235
536.82105
535.76088
533.23824
534.29069
533.23668
530.72747
531.77399
530.72583
528.22938
529.27027
528.22765
525.74327
526.77886
525.74145
523.26838
524.29905
523.26646
520.80384
521.83007
520.80182
518.34851
519.37105
518.34638
515.90068
516.92086
515.89844
513.45726
514.47784
513.45487
511.01192
512.0391
511.00932
508.54982
509.59885
508.54689
506.03273
507.1441
506.02926
503.34671
504.64205
503.34287
500.11041
502.00086
500.11036
494.2458
488.42639
499.03938
494.29563
488.51042
495.21776
491.84397
492.79489
495.85189
495.23949
491.85652
492.78898
496.04607
493.94451
494.34266
495.98983
496.03849
493.92668
494.32242
494.63762
496.26933
494.61342
491.41946
489.67023
491.45182
489.67703
492.06882
490.22187
490.54909
491.85908
492.08476
490.21972
490.54271
492.83788
491.09541
491.31707
492.64327
492.84117
491.0845
491.30558
491.46571
493.0164
491.4523
489.35017
488.17932
489.3623
488.17366
489.52564
488.26925
488.34101
489.45143
489.53512
488.26259
488.33432
489.86977
488.51669
488.58175
489.78125
489.87551
488.5092
488.57462
488.61615
489.93571
488.60931
487.08181
485.94336
487.08809
485.93733
487.10064
485.95466
485.96688
487.0974
487.1079
485.9488
485.96115
487.19797
486.02264
486.03504
487.1842
487.20442
486.01673
486.02969
486.03725
487.2105
486.03268
484.62929
483.4628
484.63534
483.45803
484.63992
483.47863
483.50809
484.64192
484.64661
483.4738
483.50308
484.69489
483.57711
483.59736
484.69147
484.70083
483.57158
483.5923
483.60091
484.69915
483.59669
482.07823
480.83236
482.08586
480.8294
482.144
480.89354
481.01542
482.12605
482.15089
480.89024
481.01084
482.28272
481.20631
481.26336
482.25368
482.28754
481.20114
481.2585
481.27606
482.29202
481.27239
479.37998
477.86574
479.39238
477.8664
479.59076
478.01334
478.55134
479.58211
479.59685
477.98032
478.50458
479.97053
479.08423
479.15712
479.87296
479.97284
479.07889
479.15222
479.166
479.98652
479.16389
384.23121
384.20562
384.06996
384.09639
384.05831
384.08934
384.21042
384.34593
384.1973
384.33632
385.41645
385.55173
385.40457
385.54441
387.14206
387.51761
387.13162
387.51039
389.17037
389.72864
389.16085
389.72188
391.34038
391.98905
391.33124
391.98272
393.55368
394.23925
393.54483
394.23326
395.77043
396.46678
395.76182
396.46106
397.97385
398.67049
397.96548
398.665
400.15925
400.85199
400.1511
400.8467
402.32552
403.01306
402.31759
403.00797
404.47333
405.1554
404.46562
405.15049
406.60376
407.28052
406.59626
407.2758
408.7181
409.3899
408.71081
409.38536
410.81769
411.48493
410.8106
411.48059
412.90387
413.56699
412.89699
413.56283
414.97798
415.63741
414.9713
415.63344
417.04133
417.69753
417.03486
417.69374
419.09525
419.74863
419.08897
419.74504
421.14102
421.79203
421.13495
421.78862
423.17994
423.829
423.17407
423.82578
425.21328
425.86082
425.2076
425.85778
427.2423
427.88873
427.23682
427.88589
429.26825
429.914
429.26296
429.91135
431.29237
431.93785
431.28728
431.93539
433.3159
433.96152
433.311
433.95925
435.34006
435.98624
435.33535
435.98416
437.36607
438.01321
437.36155
438.01132
439.39514
440.04364
439.39081
440.04195
441.42849
442.07875
441.42435
442.07726
443.46731
444.11973
443.46337
444.11843
445.51276
446.16775
445.509
446.16665
447.56591
448.22396
447.56234
448.22305
449.62782
450.28955
449.62445
450.28885
451.70001
452.36604
451.69683
452.36554
453.78545
454.45575
453.78245
454.45547
455.89008
456.56245
455.88721
456.56241
458.02266
458.69106
458.01985
458.69124
460.18654
460.84158
460.18371
460.84186
462.35759
463.00062
462.35481
463.00078
464.41924
465.11032
464.41697
465.11004
466.13973
467.1702
466.13881
467.16994
466.94026
469.20976
466.94636
469.21137
476.29194
465.82155
472.61859
476.33487
465.88497
472.62803
477.86076
477.67705
477.45691
477.45612
477.86029
477.66297
477.45598
477.44503
477.88436
477.44774
384.46455
384.07971
384.44805
384.06305
384.82349
384.04298
383.72679
384.26649
384.82782
384.02918
383.74599
476.56254
476.40192
476.35368
476.07643
476.562
476.3803
476.35411
476.27268
476.49117
476.27961
383.60384
382.65461
383.59288
382.633
383.64855
382.5407
382.31741
383.40721
383.67145
382.52346
382.33464
385.32506
381.67118
384.54736
383.72591
385.34404
381.62921
384.56389
387.49146
385.71114
387.20814
386.01778
387.50544
385.7046
387.21608
389.77581
388.57868
389.6502
388.54387
389.78597
388.57469
389.65529
392.06123
391.06058
391.9846
390.97712
392.0693
391.05793
391.98835
394.32027
393.3933
394.25793
393.31128
394.32736
393.39119
394.26108
396.55079
395.65636
396.49251
395.58069
396.55741
395.65448
396.49541
398.75542
397.87854
398.69831
397.8073
398.76181
397.87679
398.70111
400.93701
400.07192
400.88034
400.0033
400.94327
400.07027
400.88313
403.09787
402.24202
403.04147
402.17492
403.10403
402.24046
403.04428
405.23987
404.39194
405.18373
404.32579
405.24596
404.39047
405.18658
407.36466
406.52375
407.30877
406.45827
407.37069
406.52238
407.31166
409.47373
408.63916
409.41807
408.57419
409.47971
408.63787
409.42101
411.56852
410.73965
411.51308
410.67511
411.57445
410.73845
411.51607
413.65039
412.82666
413.59515
412.76247
413.65627
412.82553
413.59819
415.72069
414.90153
415.66563
414.83766
415.72653
414.90048
415.66872
417.78074
416.9656
417.72584
416.90202
417.78653
416.96463
417.72899
419.83184
419.02019
419.77709
418.95686
419.83761
419.0193
419.78029
421.87531
421.06661
421.82068
421.00348
421.88104
421.06579
421.82394
423.91242
423.10613
423.85789
423.04318
423.91812
423.10538
423.8612
425.94443
425.14003
425.88998
425.07722
425.9501
425.13935
425.89335
427.97262
427.16958
427.91821
427.10688
427.97826
427.16897
427.92164
429.99822
429.19602
429.94384
429.1334
430.00383
429.19548
429.94733
432.02246
431.2206
431.9681
431.15803
432.02806
431.22012
431.97165
434.0466
433.24456
433.99223
433.18199
434.05217
433.24414
433.99584
436.07183
435.26911
436.01743
435.20653
436.07739
435.26875
436.02111
438.09939
437.29548
438.04494
437.23284
438.10493
437.29518
438.04868
440.13047
439.32487
440.07595
439.26214
440.13601
439.32463
440.07975
442.16629
441.35849
442.11167
441.29564
442.17181
441.3583
442.11554
444.20804
443.39754
444.1533
443.33453
444.21357
443.3974
444.15724
446.25693
445.44322
446.20203
445.38005
446.26245
445.44314
446.20604
448.31414
447.49675
448.25908
447.43346
448.31966
447.49671
448.26316
450.38086
449.5593
450.32557
449.49605
450.38639
449.55931
450.32972
452.45838
451.63192
452.40256
451.56888
452.46392
451.63198
452.40679
454.5485
453.71538
454.49093
453.65244
454.55403
453.71547
454.49525
456.65416
455.81013
456.59171
455.74635
456.65959
455.81027
456.59616
458.78043
457.91726
458.7074
457.85034
458.7856
457.91745
458.71204
460.93275
460.04103
460.84439
459.96893
460.93757
460.04127
460.84927
463.11297
462.19573
463.01834
462.12036
463.1177
462.19602
463.02324
465.28332
464.41069
465.25566
464.34925
465.29069
464.41099
465.26001
467.48224
466.76495
467.619
466.77348
467.49516
466.76469
467.62099
469.53346
469.2848
470.1305
469.54453
469.56099
469.28379
470.12727
472.04729
472.21933
472.96959
472.57265
472.08585
472.21405
472.95801
475.41293
474.92412
475.37008
474.98967
475.43666
474.90898
475.35484
476.04985
475.97933
475.98593
475.91468
476.05146
475.97387
475.98766
475.85928
475.91328
475.87386
381.37273
379.7586
381.36539
379.73647
381.14343
379.47617
379.10491
381.1475
381.14026
379.45789
379.08872
381.05748
378.00468
377.0909
380.42384
381.09569
377.99908
377.10267
384.26693
373.7456
379.57911
384.30764
373.82514
387.13894
385.30717
387.15072
389.66152
388.426
389.6673
392.01787
390.97637
392.02196
394.29864
393.33149
394.30224
396.53597
395.6032
396.53945
398.74271
397.82919
398.74621
400.92487
400.02437
400.92843
403.08577
402.19539
403.08941
405.22763
404.34581
405.23136
407.3522
406.47794
407.35603
409.46103
408.59356
409.46495
411.55555
410.6942
411.55958
413.63715
412.78131
413.64128
415.70718
414.85625
415.71141
417.76695
416.92037
417.77129
419.81778
418.97497
419.82223
421.86096
421.02137
421.86552
423.89777
423.06085
423.90245
425.92949
425.09469
425.93428
427.95737
427.12414
427.96227
429.98266
429.15046
429.98768
432.00659
431.1749
432.01174
434.03041
433.19869
434.03567
436.05532
435.22304
436.06071
438.08255
437.24919
438.08807
440.1133
439.27833
440.11894
442.14877
441.31168
442.15455
444.19016
443.35043
444.19608
446.2387
445.3958
446.24475
448.29558
447.44901
448.30176
450.36196
449.51126
450.36829
452.43888
451.58361
452.44535
454.52714
453.66668
454.53378
456.62757
455.76055
456.63445
458.74246
457.86568
458.74969
460.87872
459.98644
460.88642
463.05411
462.13925
463.06213
465.30765
464.36641
465.31517
467.71823
466.76337
467.72257
470.3404
469.43091
470.33773
473.16964
472.42268
473.15709
475.49716
475.04432
475.48254
476.03953
476.03613
476.04355
378.16234
376.6286
378.16289
376.61557
377.80583
376.48273
376.27178
377.99368
377.81383
376.47176
376.26132
377.0431
375.74184
375.42393
377.27743
377.06787
375.73556
375.42156
374.88251
376.66982
374.88838
375.10035
373.78939
375.10522
373.78242
374.94735
373.75391
373.69026
375.04488
374.95476
373.74691
373.68298
374.62153
373.51735
373.44647
374.71425
374.63256
373.51083
373.43989
373.35802
374.54388
373.35217
372.37451
371.20614
372.38106
371.20143
372.34687
371.20307
371.19021
372.37412
372.35384
371.19778
371.18443
372.25988
371.13474
371.12204
372.278
372.26691
371.12915
371.11624
371.11151
372.25771
371.10534
369.85726
368.76262
369.86359
368.7583
369.84871
368.75873
368.73744
369.86492
369.85498
368.75374
368.73201
369.79822
368.66884
368.63813
369.81017
369.80479
368.66393
368.63332
368.62266
369.7985
368.61775
367.44439
366.43094
367.44996
366.42718
367.4048
366.41868
366.3585
367.44541
367.41006
366.41388
366.35338
367.27371
366.16985
366.04299
367.30733
367.28113
366.16532
366.03971
365.98015
367.2406
365.97712
365.13503
364.31425
365.13934
364.31196
365.01883
364.30832
364.22629
365.12603
365.02166
364.3034
364.22086
364.72188
363.71037
363.14972
364.74614
364.72912
363.66278
363.11629
362.98938
364.53641
362.98996
363.03233
362.58228
363.03609
362.58463
362.59724
362.6013
362.7968
363.01401
362.59562
362.60035
362.78239
357.64833
350.85365
361.46491
357.65705
350.91597
354.23014
351.96785
354.23147
351.97323
352.27802
351.24233
352.27753
351.24134
350.318
349.63486
350.31738
349.63249
348.313
347.68621
348.31276
347.68327
346.24432
345.61048
346.24419
345.60743
344.1712
343.52545
344.171
343.52238
342.10995
341.45972
342.10957
341.45658
340.06457
339.41504
340.06398
339.41178
338.03286
337.38621
338.03207
337.38279
336.01243
335.36905
336.01146
335.36546
334.00144
333.36104
334.00029
333.35728
331.99854
331.3607
331.99721
331.35677
330.00261
329.36691
330.0011
329.36282
328.01258
327.37867
328.0109
327.37441
326.0274
325.39491
326.02556
325.39049
324.04602
323.4146
324.044
323.41001
322.06735
321.43665
322.06516
321.4319
320.09032
319.46
320.08797
319.45507
318.11387
317.48355
318.11135
317.47845
316.1369
315.50622
316.13422
315.50096
314.15834
313.52694
314.15549
313.52151
312.17709
311.5446
312.17408
311.53901
310.19206
309.55812
310.18889
309.55236
308.20215
307.56639
308.19882
307.56046
306.20625
305.56831
306.20277
305.5622
304.20326
303.56274
304.19961
303.55647
302.19203
301.54858
302.18822
301.54213
300.17144
299.52468
300.16748
299.51806
298.14034
297.48989
298.13622
297.4831
296.09759
295.44311
296.09331
295.43614
294.04199
293.38313
294.03755
293.37598
291.97244
291.30899
291.96784
291.30166
289.88759
289.21936
289.88283
289.21185
287.78657
287.11409
287.78165
287.10639
285.66766
284.9916
285.66257
284.98372
283.53114
282.85596
283.52587
282.84788
281.37395
280.70599
281.36848
280.69774
279.20327
278.56835
279.19756
278.5599
277.0155
276.45267
277.00941
276.44397
274.8685
274.49688
274.86194
274.48719
272.82724
272.69316
272.82004
272.68145
271.58489
271.45555
271.57554
271.44273
271.36814
271.3384
271.36183
271.3276
271.49355
271.47019
361.64763
361.39875
361.6528
361.40464
361.26019
361.51639
361.50235
361.72899
361.24963
361.51602
361.47879
271.51764
270.99958
271.35433
272.08702
271.50806
271.02029
271.34151
271.38315
271.6857
271.36791
361.07329
360.91504
361.08399
360.92852
361.14207
361.13254
360.75175
361.24497
361.12404
361.13466
360.73357
270.69416
269.95682
270.03826
270.93879
270.68083
269.98147
270.02226
270.14726
270.82564
270.12746
361.017
361.04063
361.20634
361.26575
361.19983
360.53576
360.88275
360.54028
357.83493
358.08304
357.83669
354.70377
355.1595
354.70604
352.02815
352.69096
352.03241
349.68559
350.40518
349.69116
347.55276
348.2693
347.55877
345.49213
346.18651
345.498
343.45266
344.12903
343.45824
341.41686
342.08198
341.42217
339.38513
340.04371
339.39021
337.36017
338.01445
337.36503
335.34359
335.99448
335.34825
333.33548
333.98339
333.33995
331.33512
331.98034
331.3394
329.34144
329.98431
329.34553
327.35336
327.99422
327.35726
325.36976
326.00899
325.37347
323.38959
324.02755
323.3931
321.41176
322.04882
321.41508
319.43521
320.07173
319.43834
317.45886
318.0952
317.4618
315.48164
316.11817
315.48439
313.50246
314.13955
313.50502
311.52024
312.15824
311.5226
309.53386
310.17316
309.53603
307.54224
308.18319
307.54422
305.54425
306.18725
305.54604
303.53879
304.1842
303.54038
301.52471
302.17292
301.52611
299.50089
300.15229
299.50208
297.46613
298.12114
297.46713
295.41931
296.07832
295.42009
293.3591
294.02265
293.35969
291.28437
291.95296
291.28475
289.19333
289.8679
289.19351
287.08477
287.76647
287.08474
284.95432
285.64673
284.95408
282.79874
283.50828
282.79829
280.59589
281.34592
280.59526
278.314
279.15836
278.31328
275.78929
276.90874
275.78928
272.67427
274.51452
272.68063
267.32389
260.5777
271.57997
267.33521
260.63848
268.07282
267.26286
267.08957
267.2033
268.06342
267.26986
267.08137
267.27236
268.25343
267.25683
263.25198
261.98382
263.28583
261.99627
264.09709
262.79834
263.2096
263.68999
264.13273
262.80079
263.20538
265.07948
263.6707
263.86221
264.61907
265.07885
263.66343
263.85517
263.98375
265.25803
263.97353
261.56352
260.55904
261.57455
260.55513
261.84001
260.67824
260.77475
261.70783
261.84654
260.67329
260.7697
262.24787
260.95039
261.0318
262.10571
262.25083
260.94437
261.02588
261.06582
262.31196
261.05945
259.44459
258.34323
259.45008
258.33724
259.48559
258.35192
258.37249
259.46449
259.49213
258.34626
258.36724
259.60542
258.42768
258.45056
259.57376
259.61112
258.42204
258.44548
258.45155
259.6161
258.4469
257.0318
255.84618
257.0377
255.84082
257.04928
255.85708
255.90085
257.03857
257.05636
255.8515
255.89581
257.1109
255.96123
255.99504
257.09774
257.1172
255.95523
255.98987
255.99385
257.11178
255.98924
254.48629
253.15193
254.49464
253.14771
254.58244
253.21986
253.38526
254.51839
254.59099
253.21373
253.38053
254.72316
253.54201
253.64074
254.67764
254.72945
253.53486
253.63515
253.64212
254.725
253.6372
251.79424
249.9527
251.80905
249.95366
252.14511
250.25316
250.85632
251.91946
252.15626
250.24575
250.85141
252.48796
251.2433
251.48198
252.36784
252.49416
251.23362
251.47572
251.47252
252.48198
251.46757
157.03159
157.063
157.0218
157.05533
157.39841
157.56641
157.39421
157.56167
158.53452
158.85456
158.53127
158.85041
160.23734
160.82303
160.23239
160.81931
162.21777
162.99618
162.21173
162.99384
164.35761
165.21869
164.35088
165.21721
166.54768
167.43906
166.54076
167.43805
168.74675
169.6436
168.73983
169.64281
170.93493
171.82862
170.9281
171.82797
173.10682
173.99402
173.10011
173.99346
175.26053
176.14052
175.25394
176.14004
177.39644
178.26924
177.38998
178.26884
179.5154
180.38139
179.50907
180.38106
181.61858
182.47824
181.61236
182.47799
183.70718
184.56106
183.70109
184.56089
185.7825
186.63113
185.77653
186.63103
187.84579
188.68972
187.83993
188.6897
189.89832
190.73809
189.89258
190.73816
191.94136
192.77751
191.93573
192.77767
193.97616
194.80924
193.97065
194.80949
196.00398
196.83452
195.99857
196.83486
198.02607
198.85461
198.02077
198.85504
200.04367
200.87074
200.03847
200.87126
202.05802
202.88416
202.05293
202.88478
204.07036
204.8961
204.06537
204.89682
206.08193
206.90779
206.07704
206.90862
208.09395
208.92048
208.08917
208.92141
210.10767
210.93539
210.10298
210.93643
212.12431
212.95375
212.11972
212.9549
214.1451
214.97679
214.1406
214.97806
216.17128
217.00574
216.16687
217.00713
218.20405
219.04182
218.19974
219.04332
220.24463
221.08623
220.24041
221.08785
222.29423
223.1402
222.2901
223.14195
224.35412
225.20499
224.35008
225.20687
226.4257
227.28191
226.42175
227.28391
228.51056
229.37229
228.50669
229.37439
230.61016
231.47695
230.60632
231.4791
232.72346
233.59437
232.71957
233.5965
234.83914
235.7146
234.83498
235.71677
236.91152
237.80313
236.90699
237.80649
238.79626
239.79267
238.79242
239.80213
240.03454
241.67512
240.04234
241.70468
248.75893
238.69074
244.34023
248.80378
238.77422
244.39033
249.88531
246.22967
248.55717
249.16092
249.90024
246.18398
248.51202
250.56343
249.36055
249.77391
250.33731
250.56981
249.34536
249.7677
249.70584
250.52191
249.70292
157.16671
157.03862
157.15106
157.02509
157.18062
156.98215
156.93651
157.08122
157.17175
156.97255
156.92836
157.64098
157.43716
157.10188
157.45094
157.63389
157.41316
157.08585
158.86163
158.6963
158.24492
158.56712
158.85593
158.6806
158.23979
160.81538
160.25674
160.55861
160.27804
160.81112
160.24956
160.55539
162.96256
162.17845
162.9038
162.25158
162.96005
162.17253
162.90313
165.17588
164.3262
165.19514
164.39371
165.17427
164.32009
165.19586
167.39223
166.52196
167.43988
166.58343
167.39105
166.51583
167.44125
169.59618
168.72527
169.65291
168.78328
169.59522
168.71915
169.65451
171.78122
170.91482
171.8408
170.9715
171.78038
170.90874
171.84246
173.94703
173.08756
174.00723
173.14352
173.94627
173.08151
174.00888
176.09394
175.24164
176.15413
175.29719
176.09325
175.23562
176.15574
178.2231
177.37788
178.28304
177.43308
178.22246
177.37187
178.28461
180.33567
179.49709
180.39532
179.55199
180.33508
179.4911
180.39684
182.43292
181.6005
182.49227
181.65513
182.43239
181.59453
182.49374
184.51612
183.68934
184.57519
183.74372
184.51564
183.68338
184.57662
186.58655
185.76489
186.64536
185.81903
186.58613
185.75893
186.64675
188.64549
187.82839
188.70405
187.88235
188.64513
187.82244
188.7054
190.6942
189.88115
190.75254
189.93493
190.69389
189.87519
190.75385
192.73394
191.9244
192.79208
191.97805
192.73369
191.91844
192.79336
194.76597
193.95941
194.82394
194.01294
194.76579
193.95345
194.82518
196.79155
195.98743
196.84935
196.04089
196.79142
195.98146
196.85056
198.81191
198.00972
198.86958
198.06312
198.81185
198.00374
198.87076
200.82831
200.02751
200.88586
200.08089
200.8283
200.02152
200.88701
202.84197
202.04205
202.89943
202.09543
202.84203
202.03604
202.90055
204.85415
204.05458
204.91153
204.10799
204.85428
204.04855
204.91263
206.86607
206.06633
206.9234
206.1198
206.86626
206.06027
206.92448
208.87896
208.07853
208.93626
208.1321
208.87922
208.07245
208.93732
210.89407
210.09242
210.95135
210.1461
210.8944
210.08631
210.9524
212.91261
212.10923
212.96991
212.16306
212.91301
212.10309
212.97094
214.93583
214.13018
214.99315
214.1842
214.9363
214.12401
214.99416
216.96494
216.15652
217.0223
216.21074
216.96548
216.15031
217.02331
219.00117
218.18945
219.05859
218.24391
219.00178
218.1832
219.05958
221.04573
220.23016
221.10322
220.28492
221.04643
220.22388
221.1042
223.09987
222.27985
223.15739
222.33501
223.10065
222.27352
223.15837
225.16485
224.33974
225.22221
224.39543
225.16571
224.33336
225.22318
227.24196
226.41119
227.29848
226.46756
227.24289
226.40476
227.29948
229.33238
228.49605
229.38652
228.55282
229.33337
228.48957
229.38758
231.43667
230.59647
231.48603
230.65229
231.43769
230.58996
231.48726
233.55297
232.71268
233.59715
232.76461
233.55399
232.70619
233.59868
235.67154
234.83465
235.72271
234.87972
235.67262
234.82819
235.724
237.76255
236.92685
237.86731
236.96199
237.76472
236.92024
237.86762
239.79295
238.91916
240.10473
238.9233
239.79946
238.91032
240.10086
241.90201
240.76602
242.5757
240.59248
241.92218
240.75327
242.56915
245.57212
242.76332
245.67226
242.06687
245.60649
242.74157
245.66851
249.17906
248.73426
248.80881
248.95229
249.18201
248.70839
248.8067
248.6765
249.09175
248.68108
156.46188
155.88687
156.44678
155.86846
156.52713
155.78823
155.75155
156.32608
156.54324
155.77343
155.77593
248.58609
248.14471
248.44411
248.5504
248.59072
248.12658
248.44607
248.24302
248.45219
248.25805
154.055
153.1186
154.04204
153.10341
153.01287
152.94355
153.11034
153.86752
153.04557
152.93562
153.11787
157.41966
146.49336
153.21061
157.45971
146.55366
160.36376
158.53963
160.37518
162.78984
161.67307
162.79451
165.07704
164.23093
165.07974
167.31287
166.55644
167.31505
169.52264
168.8036
169.52479
171.70945
171.00624
171.71171
173.87596
173.18296
173.87839
176.02317
175.33754
176.02578
178.15246
177.47331
178.15528
180.26507
179.59167
180.26808
182.36228
181.69416
182.3655
184.44539
183.78207
184.44882
186.51568
185.85673
186.51932
188.57443
187.9194
188.57828
190.6229
189.97137
190.62696
192.66236
192.01391
192.66664
194.69406
194.04826
194.69856
196.71926
196.07568
196.72397
198.7392
198.09743
198.74413
200.75512
200.11475
200.76028
202.76827
202.12887
202.77365
204.77988
204.14104
204.78549
206.79119
206.1525
206.79703
208.80343
208.16447
208.8095
210.81784
210.1782
210.82414
212.83563
212.1949
212.84217
214.85805
214.2158
214.86482
216.88632
216.24214
216.89333
218.92166
218.27515
218.92892
220.96532
220.31609
220.97283
223.01849
222.3662
223.02624
225.08224
224.42656
225.09023
227.15718
226.49758
227.16543
229.24319
228.57816
229.25168
231.33957
230.66529
231.34833
233.44783
232.75749
233.45692
235.58055
234.8696
235.59016
237.77448
237.06169
237.78504
240.10889
239.46974
240.121
242.64981
242.22195
242.66365
245.60916
245.34788
245.62008
248.14726
247.78478
248.15505
248.59169
248.5708
248.59675
248.37944
151.14796
149.89617
151.14215
149.88573
150.51255
149.77357
149.58254
150.96826
150.51253
149.76646
149.57515
149.54295
149.12967
148.72218
150.06028
149.58582
149.12537
148.72423
147.90417
149.19048
147.91624
148.24181
147.00917
148.243
147.00234
148.02849
146.97153
146.88641
148.17914
148.03108
146.96537
146.88021
147.62433
146.7107
146.61095
147.77751
147.63144
146.7055
146.60578
146.49058
147.4981
146.48642
145.56249
144.40758
145.56741
144.4024
145.51283
144.40429
144.37807
145.55954
145.51825
144.39886
144.37216
145.39828
144.32023
144.29716
145.43487
145.4038
144.31476
144.29122
144.28798
145.38896
144.2816
143.06641
141.95631
143.07213
141.95106
143.04791
141.95582
141.91954
143.07582
143.0537
141.9502
141.91316
142.98386
141.85561
141.8099
143.00955
142.98975
141.85023
141.8039
141.79826
142.98866
141.79231
140.68584
139.60909
140.69146
139.60328
140.63469
139.60543
139.50333
140.69427
140.64016
139.59914
139.49556
140.46731
139.33863
139.16958
140.54914
140.47459
139.33335
139.16281
139.09743
140.4498
139.09237
138.44853
137.44421
138.45407
137.43777
138.3295
137.44988
137.20451
138.4641
138.33415
137.44236
137.19361
137.86146
136.79506
136.1804
138.11246
137.87137
136.78912
136.1717
135.8578
137.75572
135.85755
136.49631
135.68911
136.50215
135.68327
136.30417
135.75076
135.32554
136.54728
136.30752
135.74199
135.3077
135.07578
134.45498
132.08461
135.84626
135.09433
134.41051
132.03777
130.04677
124.12096
134.71879
130.09576
124.20301
127.16215
125.41008
127.19104
125.4163
125.07725
123.98589
125.08612
123.98054
122.85627
121.85545
122.85904
121.8494
120.49667
119.49573
120.49825
119.49002
118.06987
117.05868
118.07147
117.05319
115.6144
114.59467
115.6161
114.58921
113.14338
112.11697
113.14511
112.11144
110.65977
109.62745
110.66146
109.62182
108.16335
107.12512
108.16499
107.11937
105.65318
104.60873
105.65475
104.60287
103.12834
102.07732
103.12985
102.07133
100.58802
99.530086
100.58946
99.523978
98.031506
96.966333
98.032882
96.960103
95.458079
94.385356
95.459394
94.379004
92.867036
91.786447
92.868291
91.779973
90.257662
89.168887
90.258858
89.16229
87.629229
86.531949
87.630369
86.525226
84.981011
83.874896
84.982094
83.868047
82.31227
81.196995
82.313299
81.190017
79.622267
78.497504
79.623244
78.490397
76.91026
75.775675
76.911185
75.768438
74.175496
73.030754
74.176371
73.023386
71.417216
70.261974
71.418041
70.254471
68.634647
67.468565
68.635426
67.460927
65.827021
64.649751
65.827753
64.641976
62.993563
61.804747
62.994248
61.796835
60.133475
58.93276
60.134117
58.924706
57.245952
56.032977
57.24655
56.024779
54.330184
53.104575
54.33074
53.096232
51.385337
50.146713
51.38585
50.138222
48.410558
47.158528
48.411028
47.149886
45.404971
44.139133
45.4054
44.130336
42.367675
41.087611
42.368061
41.078655
39.297735
38.003004
39.298078
37.993886
36.19417
34.884314
36.194468
34.875025
33.055946
31.730464
33.056193
31.720996
29.88196
28.540313
29.882152
28.530655
26.671
25.312556
26.671122
25.302684
23.421723
22.045776
23.421743
22.035638
20.132496
18.737933
20.132334
18.72739
16.801242
15.386539
16.800649
15.375206
13.424239
11.984819
13.422531
11.971635
9.9931747
8.5170583
9.9884582
8.5003212
6.4751619
4.9221628
6.4655497
4.9044642
2.7956842
1.0912249
2.7818754
1.1084988
135.08338
134.68658
135.08754
134.68483
134.9298
134.80368
134.71783
135.17142
134.91879
134.79711
134.68767
127.62737
131.42518
128.3949
131.39157
127.63909
131.42313
128.37294
125.99179
128.09723
126.18671
127.41765
125.9903
128.09334
126.17504
124.12047
125.40078
124.10938
125.07946
124.11528
125.3998
124.10247
121.90896
122.91997
121.86536
122.80846
121.9045
122.9231
121.86041
119.53821
120.50072
119.48691
120.44337
119.53421
120.50476
119.48197
117.1021
118.06915
117.04168
118.0174
117.09824
118.07334
117.03662
114.64007
115.61982
114.57453
115.56314
114.63618
115.62385
114.56933
112.16345
113.15385
112.09588
113.09263
112.15949
113.15777
112.09062
109.67433
110.67285
109.60639
110.60896
109.67028
110.6767
109.60107
107.17212
108.1774
107.10423
108.11219
107.16799
108.18123
107.09886
104.65582
105.66745
104.58789
105.60159
104.65159
105.67128
104.58246
102.12451
103.1426
102.05639
103.07632
102.12019
103.14643
102.05091
99.577426
100.60223
99.509027
100.53559
99.573018
100.60607
99.503486
97.013847
98.04568
96.94512
97.978673
97.009346
98.04953
96.939517
94.433064
95.472235
94.363984
95.404845
94.428467
95.476093
94.358318
91.834364
92.881179
91.764915
92.813398
91.829671
92.885045
91.759183
89.217028
90.271798
89.147196
90.203615
89.212236
90.275672
89.141398
86.580326
87.643363
86.510098
87.574769
86.575435
87.647249
86.50423
83.923526
84.995148
83.852886
84.926131
83.918533
84.999046
83.846947
81.245889
82.326413
81.174826
82.256964
81.240793
82.330323
81.168814
78.546677
79.63642
78.475174
79.566532
78.541476
79.640345
78.469087
75.825141
76.924425
75.753185
76.854088
75.819834
76.928366
75.747022
73.080529
74.189684
73.008105
74.118884
73.075113
74.193642
73.001863
70.312069
71.431427
70.239165
71.360156
70.306542
71.435402
70.232842
67.518995
68.648887
67.445591
68.577134
67.513355
68.652882
67.439186
64.700529
65.841293
64.626608
65.769049
64.694775
65.845308
64.620118
61.855888
63.007862
61.781433
62.935124
61.850016
63.011898
61.774858
58.984276
60.147805
58.909273
60.074564
58.978286
60.151865
58.902609
56.084884
57.260322
56.009321
57.186565
56.078772
57.264404
56.002567
53.156888
54.344596
53.080751
54.270314
53.150651
54.348705
53.073904
50.199447
51.399799
50.122723
51.324976
50.193082
51.403932
50.11578
47.211698
48.425075
47.134369
48.349699
47.205202
48.429236
47.127327
44.192754
45.41955
44.114803
45.343606
44.186122
45.423737
44.10766
41.141698
42.382319
41.063104
42.305794
41.134927
42.386534
41.055856
38.057574
39.31245
37.978315
39.235327
38.050657
39.316691
37.970959
34.939384
36.208961
34.859436
36.131225
34.932317
36.213229
34.851967
31.78605
33.070821
31.705387
32.992447
31.778823
33.075114
31.697798
28.596448
29.896929
28.51504
29.817892
28.589049
29.901242
28.507322
25.369245
26.686063
25.287038
26.606322
25.361646
26.690386
25.279171
22.103127
23.436918
22.020076
23.356419
22.095272
23.441221
22.012005
18.795921
20.147806
18.711905
20.066402
18.78765
20.152002
18.703478
15.445814
16.816921
15.360883
16.734329
15.436687
16.820732
15.351637
12.045615
13.440638
11.959721
13.355754
12.034388
13.443211
11.948316
8.5840591
10.013922
8.4993109
9.9239738
8.5689163
10.012765
8.4832738
5.0002209
6.5113094
4.9143976
6.4097216
4.9833096
6.5013412
4.8942487
1.2163723
2.8429239
1.1258425
2.7431624
1.2401118
2.8222208
1.1456202
134.48147
134.29125
134.48367
134.29077
134.55593
134.44808
134.10607
134.60019
134.53277
134.44249
134.08262
134.46648
134.46493
134.54432
134.60361
134.5306
133.6135
134.05344
133.61083
131.03467
131.3803
131.0296
127.70715
128.22203
127.70169
124.71827
125.44683
124.71411
122.03985
122.85253
122.03727
119.55147
120.37343
119.54953
117.11837
117.92831
117.11642
114.67879
115.48129
114.67666
112.2165
113.01847
112.21424
109.73313
110.53843
109.73078
107.23245
108.04252
107.23004
104.71639
105.5316
104.71392
102.18517
103.00567
102.18266
99.638288
100.46424
99.635726
97.075007
97.90662
97.072394
94.49457
95.332085
94.491906
91.89624
92.739908
91.893524
89.27929
90.129367
89.276521
86.642992
87.499734
86.640171
83.986618
84.850282
83.983743
81.309429
82.180275
81.3065
78.610684
79.488973
78.6077
75.889634
76.775631
75.886595
73.14553
74.039503
73.142434
70.377605
71.279822
70.374452
67.585088
68.49582
67.581876
64.767202
65.686725
64.76393
61.92316
62.851755
61.919827
59.052167
59.99012
59.048771
56.153417
57.101017
56.149957
53.226091
54.183631
53.222565
50.269352
51.237132
50.265756
47.282341
48.260666
47.278672
44.264174
45.253358
44.260428
41.21394
42.214305
41.210111
38.130688
39.142572
38.126769
35.013441
36.037185
35.009422
31.861122
32.897106
31.856989
28.672679
29.721247
28.668412
25.44671
26.508367
25.442273
22.182213
23.257194
22.177537
18.876513
19.965864
18.87144
15.529451
16.632559
15.523584
12.131269
13.251986
12.123449
8.6832658
9.8166034
8.6711996
5.1100246
6.2895887
5.0908774
1.3910804
2.5915579
1.3962998
630.32922
623.47634
630.70879
623.52388
620.95523
618.20096
620.99319
618.18871
616.19513
614.55827
616.2034
614.55414
612.61001
611.38461
612.61072
611.38301
609.41463
608.34493
609.41622
608.34437
606.3049
605.29045
606.30726
605.28984
603.2206
602.22316
603.22341
602.22244
600.15847
599.16698
600.16132
599.16619
597.12535
596.13874
597.12809
596.13796
594.12475
593.14482
594.12736
593.14409
591.15634
590.18486
591.15884
590.18417
588.21798
587.25587
588.22042
587.2552
585.30746
584.35481
585.30985
584.35413
582.42313
581.47966
582.42549
581.47896
579.56396
578.62926
579.56628
578.62854
576.72919
575.80296
576.73149
575.80222
573.91823
573.00019
573.92049
572.99943
571.13046
570.22039
571.13269
570.21962
568.36525
567.46293
568.36745
567.46214
565.62194
564.72715
565.62411
564.72635
562.89991
562.01242
562.90205
562.01161
560.19851
559.31809
560.20063
559.31726
557.51712
556.64354
557.5192
556.6427
554.85509
553.98813
554.85714
553.98727
552.21179
551.35122
552.21382
551.35035
549.58659
548.73218
549.58859
548.7313
546.97885
546.13039
546.98082
546.12948
544.38794
543.54519
544.38988
543.54427
541.81322
540.97597
541.81514
540.97503
539.25406
538.42207
539.25595
538.42112
536.7098
535.88286
536.71167
535.8819
534.17982
533.3577
534.18166
533.35671
531.66346
530.84593
531.66527
530.84493
529.16007
528.34691
529.16185
528.34589
526.66897
525.85998
526.67072
525.85893
524.18948
523.38448
524.1912
523.38341
521.7209
520.91977
521.72259
520.91868
519.26245
518.46528
519.26411
518.46415
516.81333
516.02065
516.81494
516.01947
514.37257
513.58604
514.37414
513.58479
511.93924
511.16346
511.94074
511.16208
509.51273
508.75875
509.51414
508.75711
507.09548
506.39028
507.09677
506.38808
504.70204
504.09972
504.70314
504.0963
502.39633
501.9869
502.39712
501.98088
500.3788
500.21193
500.37903
500.2021
499.15466
498.99012
499.15114
498.98305
498.885
498.86033
498.89161
498.86078
498.96456
498.96023
499.10127
498.54285
498.88759
499.64698
499.09177
498.60586
498.86197
498.92504
499.25745
498.89536
622.49248
624.8108
621.91434
626.06079
622.45388
625.19173
621.90187
618.6592
620.19582
618.06771
620.74528
618.62217
620.2087
618.03759
615.01294
616.10588
614.69951
616.49644
614.99486
616.10563
614.68884
611.55886
612.69641
611.44548
612.91217
611.54762
612.69575
611.44027
608.27904
609.49602
608.27626
609.65789
608.27164
609.49763
608.27403
605.10942
606.36361
605.15745
606.49736
605.1041
606.36636
605.1563
602.00887
603.27141
602.07991
603.38559
602.00482
603.27452
602.079
598.95729
600.2148
599.03858
600.31341
598.95399
600.21781
599.03759
595.94541
597.19136
596.0297
597.27866
595.94234
597.19416
596.02858
592.96589
594.19868
593.05027
594.27913
592.96291
594.20132
593.04908
590.01445
591.23457
590.09823
591.31157
590.01147
591.23712
590.097
587.08926
588.2975
587.17251
588.373
587.08627
588.29999
587.17126
584.18974
585.38662
584.27257
585.46149
584.18675
585.38908
584.27132
581.31559
582.50138
581.39801
582.57588
581.31262
582.50382
581.39676
578.46639
579.64125
578.54832
579.71542
578.46343
579.64366
578.54706
575.6415
576.80564
575.72287
576.87949
575.63856
576.80802
575.72161
572.84025
573.9939
572.92103
574.06744
572.83732
573.99626
572.91976
570.06193
571.20539
570.14212
571.27864
570.05901
571.20772
570.14085
567.30589
568.43945
567.38551
568.51243
567.30298
568.44175
567.38423
564.57147
565.69544
564.65054
565.76815
564.56857
565.69771
564.64926
561.85806
562.97272
561.9366
563.04517
561.85517
562.97496
561.93531
559.16503
560.27066
559.24304
560.34287
559.16215
560.27288
559.24174
556.49174
557.58863
556.56924
557.6606
556.48887
557.59083
556.56793
553.83756
554.92599
553.91455
554.99773
553.83469
554.92816
553.91324
551.20184
552.28211
551.27835
552.35362
551.19898
552.28425
551.27703
548.58397
549.65634
548.66
549.72764
548.5811
549.65845
548.65866
545.9833
547.04806
546.05886
547.11916
545.98044
547.05015
546.05752
543.3992
544.45664
543.47431
544.52754
543.39634
544.4587
543.47296
540.83103
541.88143
540.9057
541.95215
540.82818
541.88346
540.90434
538.27815
539.32179
538.3524
539.39234
538.2753
539.3238
538.35103
535.73991
536.77709
535.81376
536.84748
535.73706
536.77908
535.81238
533.21568
534.24669
533.28915
534.31692
533.21283
534.24865
533.28775
530.70481
531.72993
530.7779
531.80002
530.70196
531.73187
530.77648
528.2066
529.22616
528.27934
529.29611
528.20375
529.22807
528.27791
525.72035
526.73469
525.79278
526.80452
525.71751
526.73657
525.79134
523.24531
524.25484
523.31749
524.32456
523.24246
524.25669
523.31603
520.78057
521.78585
520.85262
521.85547
520.77773
521.78769
520.85115
518.32498
519.32691
518.39716
519.39645
518.32216
519.32872
518.39567
515.87676
516.877
515.94959
516.94653
515.87398
516.87881
515.94809
513.43272
514.43471
513.50732
514.50449
513.43003
514.43654
513.50581
510.98701
511.99773
511.06517
512.06867
510.98447
511.99964
511.06364
508.52785
509.56144
508.61104
509.63695
508.52573
509.56357
508.60949
506.03371
507.11608
506.1154
507.20763
506.0326
507.11875
506.11378
503.47185
504.63926
503.49674
504.78442
503.4731
504.64326
503.49517
500.85619
502.08489
500.51646
502.3974
500.8614
502.09266
500.51721
498.60009
499.35588
496.41972
500.16704
498.51901
499.38031
496.34872
498.2949
497.15257
497.40729
498.49591
498.2687
497.21221
497.37475
497.52766
498.45075
497.48505
622.55114
630.08911
622.57957
618.29937
621.18262
618.29623
614.75028
616.41332
614.74837
611.43917
612.84951
611.43734
608.23479
609.59416
608.23396
605.0992
606.4379
605.09887
602.0154
603.33532
602.01506
598.97274
600.2743
598.97216
595.96438
597.24892
595.96353
592.9858
594.25536
592.98479
590.03446
591.29074
590.03336
587.10928
588.35329
587.10813
584.20984
585.4421
584.20866
581.33578
582.55659
581.33458
578.48661
579.69622
578.48538
575.6617
576.86039
575.66045
572.86039
574.04844
572.85911
570.082
571.25973
570.08069
567.32589
568.49359
567.32455
564.59142
565.74939
564.59005
561.87796
563.02649
561.87656
559.18487
560.32426
559.18344
556.51152
557.64205
556.51007
553.85728
554.97924
553.8558
551.22151
552.3352
551.22
548.60358
549.70928
548.60204
546.00286
547.10085
546.00128
543.41871
544.50928
543.4171
540.85049
541.93394
540.84885
538.29756
539.37418
538.29589
535.75929
536.82936
535.75758
533.23503
534.29884
533.23329
530.72411
531.78198
530.72234
528.22588
529.2781
528.22406
525.73961
526.78654
525.73776
523.26456
524.30657
523.26267
520.79985
521.83744
520.79792
518.34434
519.37827
518.34237
515.89631
516.92794
515.89428
513.45264
514.48481
513.45054
511.00694
512.04602
511.00474
508.54428
509.60593
508.54193
506.02634
507.15192
506.02385
503.34018
504.65271
503.33829
500.11437
502.0242
500.12085
494.37944
488.66725
499.14354
494.48506
488.88903
495.22748
491.88998
492.79084
495.92206
495.26861
491.94347
492.80068
496.0219
493.9093
494.29913
495.95106
495.9995
493.8925
494.27445
494.58309
496.21542
494.54892
491.4902
489.69436
491.53171
489.71933
492.09923
490.2233
490.53952
491.91144
492.112
490.23103
490.53898
492.8397
491.07463
491.29374
492.64721
492.83482
491.06595
491.28221
491.43745
492.99792
491.42222
489.37391
488.16913
489.38406
488.16528
489.54366
488.25706
488.32879
489.47006
489.55113
488.25242
488.32427
489.87951
488.50274
488.56838
489.79101
489.88215
488.49728
488.5631
488.60328
489.93952
488.59828
487.09256
485.93142
487.09522
485.92566
487.11384
485.94341
485.95615
487.10652
487.11853
485.9385
485.95184
487.20999
486.01178
486.02538
487.1944
487.21479
486.00772
486.02203
486.02925
487.22188
486.02687
484.63987
483.45364
484.64299
483.44958
484.65211
483.46967
483.49885
484.65089
484.65649
483.46618
483.49531
484.70599
483.56691
483.58804
484.70071
484.71038
483.56301
483.5845
483.59331
484.71012
483.59072
482.09222
480.82713
482.0973
480.82519
482.1567
480.88884
481.00741
482.13718
482.16147
480.88778
481.0038
482.29143
481.19643
481.2539
482.26095
482.29447
481.19208
481.24957
481.26917
482.30097
481.26643
479.40402
477.87124
479.41438
477.87154
479.60328
478.06407
478.56689
479.59317
479.60763
477.9894
478.46364
479.97414
479.07344
479.14663
479.87554
479.97456
479.06428
479.13938
479.16151
479.99322
479.15903
384.18447
384.16733
384.04983
384.08436
384.0447
384.08551
384.20139
384.3456
384.18758
384.33672
385.40377
385.5511
385.38908
385.54674
387.12905
387.51283
387.11841
387.50908
389.15789
389.72252
389.14983
389.71902
391.32812
391.9827
391.32126
391.97936
393.54172
394.23304
393.53545
394.22983
395.75876
396.4608
395.75282
396.45772
397.9625
398.66476
397.95676
398.66179
400.1482
400.84651
400.14263
400.84366
402.31478
403.00784
402.30936
403.00509
404.4629
405.15042
404.45762
405.14779
406.59363
407.2758
406.58848
407.27328
408.70828
409.38544
408.70325
409.38303
410.80816
411.48073
410.80327
411.47843
412.89463
413.56305
412.88987
413.56086
414.96903
415.63373
414.96439
415.63165
417.03268
417.6941
417.02816
417.69213
419.08688
419.74547
419.08248
419.74362
421.13294
421.78914
421.12867
421.78739
423.17215
423.82637
423.16799
423.82474
425.20577
425.85845
425.20173
425.85693
427.23507
427.88664
427.23115
427.88523
429.26129
429.91217
429.25749
429.91087
431.28569
431.93629
431.28201
431.93511
433.3095
433.96024
433.30593
433.95917
435.33393
435.98522
435.33048
435.98427
437.36021
438.01247
437.35688
438.01163
439.38956
440.04318
439.38634
440.04246
441.42318
442.07857
441.42007
442.07797
443.46227
444.11983
443.45928
444.11934
445.50798
446.16813
445.50511
446.16776
447.56141
448.22463
447.55865
448.22437
449.62362
450.29053
449.62098
450.2904
451.69611
452.36734
451.69359
452.36734
453.78179
454.45738
453.77935
454.45752
455.88632
456.56424
455.88388
456.56461
458.01808
458.69246
458.01548
458.69308
460.18017
460.84157
460.1773
460.84233
462.34954
462.99856
462.34665
462.99891
464.41451
465.10866
464.41299
465.10688
466.1533
467.18089
466.15646
467.1748
467.01093
469.25669
467.03325
469.24291
476.37316
466.1041
472.72435
476.42793
466.27379
472.73903
477.85835
477.65179
477.45251
477.45443
477.85356
477.6133
477.44639
477.44951
477.89038
477.45064
384.42828
384.04029
384.40647
384.01346
384.76604
384.00846
383.70554
384.24465
384.78984
383.98662
383.76276
476.55875
476.37538
476.35088
476.06469
476.55216
476.31721
476.34443
476.28559
476.50109
476.29075
383.57152
382.60224
383.54276
382.56544
383.58916
382.49742
382.25531
383.36971
383.63909
382.47033
382.31469
385.34917
381.69329
384.58437
383.70848
385.36506
381.62551
384.60681
387.51053
385.70192
387.22362
386.02223
387.52306
385.70182
387.23095
389.78955
388.57183
389.65965
388.54347
389.79831
388.57021
389.66359
392.07183
391.0558
391.99143
390.97401
392.07851
391.05434
391.99412
394.32937
393.38941
394.26361
393.30708
394.33508
393.38807
394.26578
396.5592
395.65283
396.4977
395.57607
396.56444
395.65155
396.49964
398.76351
397.87522
398.70331
397.80255
398.76852
397.87398
398.70515
400.94494
400.06878
400.88531
399.99853
400.94981
400.06756
400.88711
403.1057
402.23903
403.04647
402.17016
403.11047
402.23785
403.04826
405.24765
404.3891
405.18878
404.32108
405.25234
404.38794
405.19057
407.37239
406.52107
407.31389
406.45361
407.37702
406.51994
407.31568
409.48143
408.63662
409.42327
408.56957
409.486
408.63552
409.42508
411.57619
410.73726
411.51836
410.67054
411.5807
410.73619
411.52017
413.65804
412.8244
413.60052
412.75794
413.6625
412.82336
413.60234
415.72832
414.8994
415.67108
414.83317
415.73273
414.89839
415.67291
417.78835
416.96361
417.73138
416.89756
417.79271
416.96261
417.73322
419.83945
419.01832
419.78272
418.95243
419.84377
419.01736
419.78458
421.88292
421.06486
421.8264
420.99908
421.88719
421.06391
421.82827
423.92003
423.1045
423.8637
423.03879
423.92425
423.10357
423.86558
425.95205
425.13852
425.89588
425.07286
425.95623
425.13761
425.89778
427.98024
427.16817
427.92422
427.10253
427.98438
427.16729
427.92612
430.00585
429.19473
429.94994
429.12906
430.00995
429.19386
429.95186
432.03012
431.21942
431.97431
431.1537
432.03418
431.21856
431.97624
434.05428
433.24347
433.99853
433.17767
434.0583
433.24264
434.00048
436.07954
435.26813
436.02384
435.20221
436.08353
435.2673
436.0258
438.10712
437.29459
438.05145
437.22852
438.11108
437.29378
438.05343
440.13824
439.32407
440.08257
439.25782
440.14217
439.32328
440.08457
442.1741
441.35778
442.1184
441.29131
442.178
441.357
442.12041
444.2159
443.39691
444.16014
443.33019
444.21977
443.39615
444.16217
446.26484
445.44268
446.20899
445.37569
446.26869
445.44192
446.21104
448.3221
447.49629
448.26615
447.42908
448.32593
447.49554
448.26822
450.38888
449.55891
450.33276
449.49162
450.3927
449.55817
450.33485
452.46645
451.63161
452.40988
451.56442
452.47026
451.63087
452.41198
454.55659
453.71513
454.4984
453.64802
454.56032
453.71441
454.50055
456.66224
455.80997
456.59943
455.74218
456.6657
455.80927
456.60167
458.7886
457.91723
458.71554
457.84679
458.79137
457.91662
458.71798
460.94142
460.04121
460.85307
459.96621
460.94304
460.04076
460.85582
463.12301
462.19612
463.02719
462.11683
463.12421
462.19587
463.03012
465.29801
464.411
465.26331
464.34066
465.30413
464.41063
465.26564
467.49846
466.76335
467.62145
466.74888
467.51842
466.76151
467.62103
469.55328
469.27952
470.11992
469.48631
469.60637
469.27403
470.11106
472.04551
472.20113
472.93618
472.5073
472.12761
472.18593
472.91144
475.34624
474.88144
475.32787
474.96748
475.40118
474.85018
475.29768
476.04834
475.96122
475.98461
475.8972
476.04247
475.94327
475.97792
475.88518
475.93155
475.89402
381.3468
379.70858
381.31978
379.67697
381.12458
379.43673
379.07295
381.11613
381.10639
379.41417
379.05769
381.10265
378.00097
377.13499
380.45534
381.16297
378.0107
377.187
384.35417
373.97658
379.76038
384.40326
374.19229
387.16168
385.31456
387.17134
389.67214
388.41995
389.67604
392.02529
390.96987
392.02794
394.30514
393.32559
394.30746
396.54224
395.59776
396.54446
398.74899
397.82408
398.75119
400.93125
400.01953
400.93347
403.09228
402.19077
403.09454
405.2343
404.3414
405.2366
407.35904
406.47373
407.36137
409.46803
408.58954
409.47042
411.56273
410.69037
411.56516
413.64451
412.77766
413.64698
415.71471
414.85278
415.71723
417.77467
416.91707
417.77724
419.82568
418.97185
419.8283
421.86906
421.01842
421.87173
423.90606
423.05806
423.90879
425.93798
425.09205
425.94076
427.96606
427.12166
427.96889
429.99155
429.14814
429.99444
432.0157
431.17273
432.01864
434.03972
433.19666
434.04273
436.06485
435.22116
436.06791
438.0923
437.24745
438.09542
440.12327
439.27673
440.12646
442.15897
441.31021
442.16222
444.2006
443.3491
444.20392
446.24937
445.3946
446.25275
448.30649
447.44793
448.30994
450.37311
449.51031
450.37663
452.45028
451.58278
452.45387
454.53885
453.66598
454.54254
456.63973
455.76008
456.64362
458.75536
457.86567
458.75962
460.89264
459.98728
460.8975
463.06878
462.14109
463.07418
465.32118
464.36836
465.32597
467.7244
466.76087
467.72465
470.32934
469.41372
470.31751
473.1341
472.37667
473.10442
475.4558
474.97354
475.4206
476.03998
476.00009
476.03027
378.15717
376.60117
378.14693
376.58637
377.81808
376.46044
376.25185
377.98963
377.8194
376.44937
376.2435
377.09377
375.7324
375.42493
377.30496
377.11962
375.73186
375.43249
374.90489
376.74762
374.92921
375.10798
373.77627
375.10929
373.77116
374.96064
373.74077
373.67672
375.05211
374.96518
373.73559
373.67144
374.64278
373.5055
373.43455
374.73077
374.65174
373.50121
373.43017
373.34765
374.56591
373.34396
372.38697
371.19788
372.39237
371.19543
372.3597
371.19354
371.17963
372.38479
372.36452
371.19027
371.17571
372.27247
371.12429
371.11097
372.28916
372.2766
371.12015
371.10622
371.09941
372.26519
371.0937
369.86938
368.75487
369.87463
368.75226
369.86026
368.74955
368.72744
369.87479
369.86463
368.74611
368.72365
369.81006
368.6598
368.62926
369.82047
369.81413
368.65638
368.62586
368.6133
369.8063
368.60924
367.4548
366.4239
367.45902
366.42112
367.41434
366.40933
366.34873
367.45266
367.4177
366.40507
366.34445
367.28743
366.16195
366.03838
367.3183
367.2926
366.15838
366.03742
365.97483
367.25224
365.97293
365.14297
364.30944
365.14611
364.30684
365.02361
364.2978
364.21536
365.12804
365.02457
364.29051
364.20617
364.73624
363.72546
363.20115
364.75722
364.74049
363.62016
363.12552
362.99489
364.55884
362.9953
363.03929
362.58611
363.04212
362.587
362.60434
362.59684
362.77075
363.00764
362.5946
362.59066
362.73222
357.75489
351.13595
361.55919
357.7691
351.30477
354.27935
352.03979
354.26557
352.06145
352.29093
351.25872
352.28451
351.26226
350.31732
349.63178
350.31515
349.63055
348.31095
347.67875
348.3109
347.67598
346.24371
345.60395
346.24413
345.60107
344.17186
343.52037
344.17223
343.51767
342.11103
341.45538
342.1112
341.45277
340.06559
339.41084
340.06556
339.40823
338.03363
337.38186
338.03346
337.37919
336.01293
335.36446
336.01264
335.36169
334.00167
333.3562
334.00127
333.35333
331.99851
331.35561
331.99801
331.35264
330.00232
329.36159
330.00172
329.35851
328.01204
327.3731
328.01133
327.36992
326.02662
325.38911
326.02581
325.38583
324.04499
323.40855
324.04407
323.40518
322.06607
321.43036
322.06506
321.42689
320.08881
319.45346
320.08769
319.44988
318.11211
317.47677
318.1109
317.47309
316.1349
315.4992
316.13359
315.49542
314.1561
313.51967
314.15469
313.51579
312.17462
311.53709
312.17311
311.5331
310.18936
309.55036
310.18775
309.54627
308.19922
307.55838
308.19752
307.55419
306.20309
305.56004
306.2013
305.55575
304.19986
303.55423
304.19797
303.54983
302.1884
301.53981
302.18642
301.5353
300.16759
299.51565
300.16551
299.51104
298.13626
297.48061
298.13409
297.47589
296.09329
295.43356
296.09102
295.42873
294.03746
293.37332
294.0351
293.36838
291.96768
291.29891
291.96523
291.29386
289.88261
289.20901
289.88007
289.20384
287.78137
287.10348
287.77874
287.09818
285.66225
284.98073
285.65952
284.9753
283.52555
282.84483
283.52273
282.83922
281.36819
280.69469
281.36527
280.68886
279.19745
278.55683
279.19445
278.55051
277.00975
276.44104
277.00657
276.43383
274.86362
274.48395
274.86032
274.47382
272.82553
272.67942
272.82144
272.66481
271.58464
271.44655
271.57623
271.43293
271.35748
271.3197
271.35902
271.31491
271.45079
271.43498
361.65779
361.40974
361.66263
361.41417
361.26564
361.51195
361.47246
361.72001
361.23673
361.50421
361.4128
271.49643
270.98275
271.32144
272.04885
271.48615
271.04082
271.29994
271.34648
271.64525
271.32088
361.09335
360.93937
361.10138
360.94793
361.13527
361.13209
360.7451
361.23865
361.08419
361.12503
360.69795
270.65682
269.90257
269.99579
270.89001
270.63012
269.96769
269.96681
270.09658
270.76672
270.05801
361.05692
361.0673
361.18294
361.25023
361.15773
360.4681
360.81483
360.46737
357.774
358.04519
357.76729
354.67241
355.15598
354.66714
352.02328
352.70127
352.02282
349.69254
350.41782
349.69502
347.56239
348.28099
347.56593
345.50065
346.19642
345.50419
343.45965
344.13781
343.46286
341.4228
342.09011
341.42572
339.39046
340.05151
339.39318
337.36511
338.02201
337.36769
335.34824
336.00183
335.35069
333.33985
333.99052
333.34219
331.33921
331.98726
331.34143
329.34525
329.99101
329.34736
327.35688
328.0007
327.35888
325.37301
326.01526
325.37489
323.39255
324.0336
323.39431
321.41444
322.05466
321.41609
319.4376
320.07737
319.43914
317.46098
318.10064
317.46239
315.48347
316.12341
315.48478
313.50401
314.14458
313.5052
311.5215
312.16307
311.52257
309.53483
310.17778
309.53579
307.54292
308.18762
307.54376
305.54464
306.19147
305.54536
303.53889
304.18823
303.53949
301.52451
302.17675
301.52499
299.50039
300.15591
299.50075
297.46533
298.12456
297.46557
295.4182
296.08155
295.41831
293.35769
294.02567
293.35768
291.28264
291.95578
291.28251
289.19129
289.87052
289.19104
287.0824
287.76888
287.08204
284.95163
285.64892
284.95118
282.7957
283.51031
282.79521
280.59257
281.34789
280.59224
278.31058
279.16084
278.3109
275.78746
276.91358
275.79052
272.68671
274.53076
272.70266
267.43151
260.85448
271.662
267.45463
261.02721
268.04436
267.18526
267.06689
267.23926
268.02266
267.20589
267.0519
267.23366
268.20297
267.20589
263.33345
262.02046
263.38978
262.05373
264.11006
262.80521
263.19812
263.78095
264.18796
262.81459
263.19273
265.07471
263.65553
263.84654
264.62238
265.0689
263.64693
263.83715
263.96111
265.23328
263.94756
261.58697
260.55259
261.59941
260.55072
261.85351
260.66944
260.7656
261.72415
261.86012
260.66636
260.76226
262.25229
260.93918
261.02054
262.10933
262.25269
260.93481
261.01592
261.05359
262.31033
261.04853
259.45397
258.33132
259.45619
258.32545
259.49746
258.34108
258.36269
259.47227
259.50167
258.33636
258.35881
259.61592
258.41737
258.44139
259.58234
259.61996
258.41359
258.43824
258.44336
259.62546
258.4409
257.04198
255.83589
257.04476
255.83135
257.06216
255.84674
255.89159
257.04734
257.06677
255.84274
255.88811
257.12264
255.9502
255.98556
257.10724
257.12724
255.94606
255.98203
255.98559
257.12288
255.98286
254.50159
253.14456
254.50711
253.14218
254.59818
253.20924
253.37677
254.53071
254.60407
253.20612
253.37385
254.73457
253.52859
253.63004
254.68643
254.73859
253.52315
253.62541
253.63305
254.73544
253.62969
251.82304
249.95846
251.83559
249.96552
252.1658
250.2431
250.84806
251.93912
252.17364
250.24304
250.8448
252.49863
251.22433
251.46911
252.37457
252.50151
251.21545
251.46232
251.4632
252.49233
251.45959
157.01492
157.05043
157.011
157.04856
157.39169
157.55906
157.39089
157.55851
158.52875
158.84789
158.52712
158.84702
160.22836
160.81694
160.22524
160.81595
162.207
162.9925
162.20347
162.99213
164.34565
165.21655
164.34179
165.21668
166.5354
167.43776
166.53146
167.43814
168.73448
169.64271
168.73054
169.64322
170.92282
171.82797
170.91893
171.82855
173.09491
173.99352
173.09108
173.99414
175.24884
176.14016
175.24508
176.14081
177.38498
178.269
177.38128
178.26969
179.50416
180.38128
179.50052
180.382
181.60755
182.47826
181.60397
182.479
183.69637
184.56121
183.69285
184.56199
185.77189
186.63142
185.76843
186.63222
187.83538
188.69014
187.83198
188.69098
189.88811
190.73866
189.88477
190.73954
191.93135
192.77823
191.92806
192.77914
193.96635
194.81011
193.96311
194.81106
195.99435
196.83555
195.99118
196.83654
198.01663
198.85579
198.0135
198.85682
200.03441
200.87209
200.03133
200.87316
202.04894
202.88567
202.04592
202.88679
204.06146
204.89779
204.05848
204.89895
206.0732
206.90966
206.07027
206.91087
208.0854
208.92253
208.08252
208.92379
210.09929
210.93762
210.09645
210.93894
212.11609
212.95618
212.1133
212.95754
214.13705
214.97942
214.1343
214.98084
216.16338
217.00857
216.16067
217.01005
218.19631
219.04485
218.19365
219.04638
220.23705
221.08947
220.23442
221.09106
222.28681
223.14367
222.28422
223.14532
224.34686
225.20868
224.34431
225.21039
226.41858
227.28581
226.41607
227.28757
228.50356
229.37634
228.50106
229.37812
230.60317
231.48102
230.6006
231.48272
232.71627
233.59827
232.71347
233.59969
234.83127
235.7183
234.82793
235.71924
236.90281
237.8089
236.89888
237.81026
238.79004
239.81138
238.78848
239.81946
240.06025
241.73955
240.08516
241.77678
248.8558
238.92798
244.4726
248.91122
239.14366
244.57454
249.913
246.25913
248.57474
249.21179
249.92118
246.1855
248.4803
250.57312
249.3295
249.75947
250.3391
250.5737
249.30907
249.74858
249.70012
250.534
249.69776
157.13412
157.00625
157.11632
156.98342
157.16111
156.95877
156.91693
157.06124
157.15049
156.94218
156.90567
157.62587
157.4096
157.10025
157.43522
157.61637
157.35203
157.06777
158.85014
158.6712
158.25089
158.55442
158.84386
158.63227
158.24292
160.80749
160.2446
160.55746
160.26961
160.80441
160.23091
160.55439
162.95821
162.16917
162.90517
162.24493
162.957
162.16252
162.90445
165.17331
164.31678
165.19842
164.38699
165.173
164.31185
165.19878
167.3905
166.51258
167.44414
166.57666
167.39054
166.50817
167.44494
169.59486
168.71597
169.65756
168.77651
169.59505
168.71174
169.65852
171.78011
170.90563
171.84558
170.96482
171.78037
170.90148
171.84657
173.94605
173.07848
174.01203
173.13694
173.94635
173.07434
174.013
176.09307
175.23266
176.15891
175.29072
176.09339
175.22853
176.15984
178.22233
177.36899
178.2878
177.42671
178.22266
177.36485
178.28868
180.33498
179.48829
180.40005
179.54572
180.33533
179.48414
180.40088
182.43232
181.59178
182.49698
181.64895
182.43268
181.58762
182.49775
184.51561
183.6807
184.57988
183.73764
184.51598
183.67652
184.5806
186.58614
185.75631
186.65003
185.81305
186.58652
185.75212
186.6507
188.64517
187.81989
188.70872
187.87645
188.64556
187.81567
188.70934
190.69397
189.8727
190.7572
189.92912
190.69438
189.86846
190.75777
192.73381
191.91601
192.79673
191.97232
192.73423
191.91175
192.79726
194.76594
193.95107
194.82859
194.0073
194.76637
193.94679
194.82907
196.79162
195.97914
196.85401
196.03531
196.79206
195.97483
196.85445
198.81208
198.00147
198.87424
198.05762
198.81254
197.99713
198.87464
200.82858
200.0193
200.89054
200.07546
200.82905
200.01493
200.89089
202.84235
202.03388
202.90412
202.09008
202.84284
202.02947
202.90444
204.85463
204.04643
204.91625
204.10271
204.85514
204.04199
204.91653
206.86666
206.0582
206.92814
206.11458
206.86718
206.05373
206.92838
208.87967
208.07043
208.94103
208.12694
208.88021
208.06592
208.94124
210.89489
210.08433
210.95616
210.14101
210.89545
210.07978
210.95633
212.91355
212.10115
212.97475
212.15802
212.91413
212.09656
212.97489
214.93688
214.12212
214.99804
214.17921
214.93748
214.11748
214.99815
216.96611
216.14846
217.02724
216.20581
216.96673
216.14377
217.02731
219.00246
218.18138
219.06358
218.23903
219.0031
218.17665
219.06362
221.04715
220.2221
221.10826
220.2801
221.04781
220.21732
221.10828
223.10143
222.27178
223.1625
222.33023
223.1021
222.26695
223.16249
225.16654
224.33166
225.22739
224.39071
225.16724
224.32678
225.22735
227.24377
226.40309
227.30377
226.46288
227.24448
226.39815
227.30374
229.33427
228.48781
229.39195
228.54816
229.33497
228.4828
229.39204
231.43856
230.58787
231.49158
230.64758
231.4392
230.58282
231.49202
233.55476
232.70345
233.6027
232.75967
233.55522
232.69848
233.60364
235.67327
234.82495
235.72706
234.8741
235.67347
234.82025
235.72763
237.76633
236.91884
237.87063
236.95528
237.76718
236.91441
237.86844
239.80605
238.91627
240.10592
238.91735
239.81182
238.91028
240.09346
241.94428
240.77612
242.58555
240.60585
241.96652
240.76541
242.55665
245.61475
242.78132
245.67796
242.15101
245.67183
242.76094
245.66235
249.18184
248.70322
248.80117
248.93485
249.17691
248.6437
248.79216
248.68509
249.10672
248.68867
156.42262
155.8395
156.39215
155.80311
156.45804
155.74854
155.7008
156.2806
156.504
155.72109
155.76336
248.59075
248.13766
248.44322
248.51137
248.5862
248.09022
248.43578
248.26997
248.47311
248.2792
154.02014
153.08067
153.99247
153.05332
153.00196
152.92141
153.03552
153.82732
153.07804
152.90663
153.05687
157.49006
146.76729
153.33102
157.54218
146.93922
160.38129
158.56233
160.39241
162.79592
161.67458
162.79988
165.08006
164.22842
165.08242
167.31509
166.55319
167.317
169.52481
168.80024
169.52669
171.71179
171.00303
171.71372
173.87855
173.17994
173.88058
176.02602
175.33475
176.02816
178.1556
177.47076
178.15786
180.26849
179.58935
180.27087
182.366
181.69208
182.3685
184.44941
183.78023
184.45203
186.52
185.85513
186.52275
188.57905
187.91804
188.58192
190.62783
189.97025
190.63083
192.6676
192.01303
192.67072
194.69961
194.04762
194.70286
196.72512
196.07528
196.7285
198.74537
198.09727
198.74889
200.76162
200.11482
200.76527
202.77509
202.12918
202.77887
204.78703
204.14159
204.79095
206.79867
206.15329
206.80272
208.81124
208.1655
208.81543
210.82598
210.17946
210.83031
212.84412
212.1964
212.84859
214.86688
214.21754
214.87149
216.89549
216.24412
216.90025
218.93119
218.27737
218.93609
220.9752
220.31855
220.98025
223.02872
222.36889
223.03392
225.09281
224.42948
225.09816
227.16813
226.50078
227.1736
229.25459
228.58184
229.26019
231.35172
230.66993
231.35743
233.46126
232.76366
233.46717
235.59561
234.87668
235.60205
237.78974
237.0647
237.79764
240.11868
239.45711
240.13004
242.64282
242.1811
242.65878
245.56736
245.27948
245.57952
248.09013
247.71918
248.09261
248.59283
248.52916
248.58216
248.41104
151.13105
149.87299
151.11652
149.85905
150.51056
149.75772
149.56706
150.95749
150.51411
149.74819
149.55825
149.58
149.11815
148.72822
150.11365
149.67556
149.11285
148.73713
147.94011
149.29358
147.97311
148.24216
146.99598
148.24006
146.99037
148.03283
146.95979
146.87486
148.18023
148.03396
146.95494
146.87037
147.63937
146.70131
146.60183
147.79052
147.64716
146.69794
146.59876
146.48375
147.52243
146.48189
145.57169
144.39836
145.57551
144.39545
145.5227
144.39447
144.36728
145.5676
145.52629
144.39106
144.36336
145.40812
144.31008
144.28588
145.44411
145.41126
144.30615
144.28112
144.27544
145.39461
144.26945
143.07736
141.9469
143.08214
141.94376
143.05859
141.94552
141.90783
143.08512
143.06262
141.94173
141.90349
142.99445
141.84577
141.79885
143.01954
142.99804
141.84215
141.79467
141.78694
142.99499
141.7821
140.69637
139.5984
140.70067
139.59451
140.64464
139.59347
139.48878
140.70253
140.6482
139.58844
139.48298
140.48091
139.32917
139.15781
140.56167
140.48626
139.32596
139.15433
139.08857
140.4613
139.08569
138.45871
137.43219
138.46265
137.42766
138.33748
137.43469
137.18326
138.47004
138.3396
137.42709
137.17354
137.88102
136.78488
136.16788
138.12897
137.89004
136.78098
136.16686
135.86138
137.78111
135.86768
136.50694
135.67804
136.51104
135.6738
136.30828
135.73153
135.28937
136.54833
136.30639
135.71887
135.26687
135.11772
134.46879
132.10638
135.86513
135.14261
134.37639
132.03255
130.17837
124.35887
134.82556
130.28222
124.58032
127.22595
125.43359
127.26391
125.45877
125.09514
123.97704
125.1033
123.97471
122.86098
121.84396
122.86204
121.83904
120.49927
119.48499
120.49983
119.48061
118.07278
117.04856
118.07388
117.04473
115.61765
114.58472
115.61911
114.58113
113.14676
112.10696
113.14837
112.10343
110.66312
109.61728
110.66477
109.61373
108.16662
107.11475
108.16826
107.11116
105.65634
104.59816
105.65796
104.59451
103.13139
102.06654
103.13299
102.06283
100.59097
99.519101
100.59254
99.515333
98.034343
96.955139
98.035901
96.951312
95.460815
94.373952
95.462354
94.370066
92.869675
91.77483
92.871195
91.770885
90.260204
89.157056
90.261706
89.153053
87.631679
86.519901
87.633165
86.515836
84.98337
83.86263
84.98484
83.858503
82.314541
81.184507
82.315996
81.180317
79.624453
78.484792
79.625895
78.480539
76.912363
75.762737
76.913791
75.75842
74.177518
73.017588
74.178934
73.013206
71.419158
70.248575
71.420562
70.244127
68.636514
67.454931
68.637908
67.450416
65.828813
64.63588
65.830197
64.631296
62.995283
61.790634
62.996657
61.785983
60.135124
58.918403
60.13649
58.913679
57.247533
56.018371
57.248891
56.013575
54.331698
53.089715
54.333048
53.084847
51.386784
50.131595
51.388127
50.126652
48.411939
47.143147
48.413274
47.138128
45.406286
44.123482
45.407614
44.118384
42.368923
41.071683
42.370245
41.066504
39.298915
37.98679
39.300228
37.981528
36.195276
34.867803
36.196581
34.862452
33.056972
31.713641
33.058265
31.708196
29.882895
28.523155
29.884172
28.51761
26.671818
25.295019
26.67307
25.289357
23.422364
22.027763
23.423568
22.021946
20.132806
18.719184
20.1339
18.713111
16.800754
15.366335
16.801563
15.35973
13.421669
11.961209
13.421687
11.953362
9.9850571
8.4870694
9.9830606
8.4770883
6.4580427
4.8910683
6.4527367
4.881475
2.7709946
1.1229263
2.7630823
1.1346519
135.09161
134.68373
135.09566
134.68343
134.93319
134.78795
134.67979
135.16058
134.89542
134.77628
134.61644
127.67132
131.427
128.40623
131.45537
127.72297
131.41429
128.3863
125.99494
128.10756
126.19452
127.46271
126.00343
128.08073
126.18495
124.11166
125.4036
124.10667
125.09255
124.109
125.39351
124.10286
121.90064
122.92482
121.85692
122.81148
121.89736
122.92509
121.85445
119.53082
120.50641
119.4763
120.44467
119.52808
120.50957
119.47333
117.09511
118.07589
117.03148
118.01911
117.0927
118.07938
117.02829
114.63311
115.62696
114.56486
115.5652
114.63082
115.63006
114.5615
112.1564
113.1611
112.08652
113.09484
112.15413
113.16387
112.08312
109.66715
110.68007
109.59709
110.6112
109.66487
110.6827
109.59367
107.1648
108.18459
107.09487
108.1144
107.16248
108.18718
107.09143
104.64834
105.67465
104.57843
105.60377
104.64599
105.67724
104.57496
102.11688
103.14982
102.04684
103.07845
102.1145
103.15242
102.04334
99.569645
100.60947
99.49938
100.53768
99.567226
100.61209
99.495848
97.005909
98.052949
96.935377
97.980718
97.003455
98.055578
96.931811
94.424965
95.479533
94.354143
95.406847
94.422476
95.482169
94.350542
91.826103
92.888506
91.754972
92.815359
91.823576
92.891149
91.751334
89.208602
90.279155
89.13715
90.205533
89.206036
90.281806
89.133475
86.571731
87.650756
86.499943
87.576646
86.569127
87.653417
86.496229
83.914759
85.002577
83.842621
84.927967
83.912116
85.00525
83.838866
81.236948
82.33388
81.164447
82.258759
81.234265
82.336564
81.160651
78.537559
79.643929
78.464677
79.568287
78.534835
79.646624
78.460839
75.815844
76.931977
75.742569
76.855804
75.813077
76.934685
75.738687
73.071048
74.197281
72.997364
74.120559
73.068237
74.200003
72.993439
70.302401
71.439071
70.228298
71.36179
70.299547
71.441805
70.224326
67.509136
68.656581
67.434594
68.578729
67.506237
68.659331
67.430576
64.690476
65.849039
64.615477
65.770605
64.687532
65.851804
64.611411
61.845637
63.015662
61.770166
62.93664
61.842645
63.018442
61.766052
58.973823
60.15566
58.897865
60.07604
58.970784
60.158459
58.893701
56.074225
57.268235
55.997768
57.188002
56.071136
57.27105
55.993554
53.146017
54.35257
53.069049
54.271709
53.142878
54.355404
53.064782
50.188359
51.407833
50.110867
51.326329
50.185168
51.410684
50.106546
47.200387
48.433171
47.122354
48.351009
47.197142
48.436042
47.117977
44.181214
45.427708
44.102623
45.344872
44.177913
45.430597
44.098189
41.129921
42.390539
41.050753
42.307014
41.126563
42.393449
41.046261
38.04555
39.32073
37.965785
39.236497
38.042131
39.323659
37.961233
34.927103
36.2173
34.846718
36.132341
34.92362
36.220248
34.842103
31.773496
33.079212
31.692469
32.993501
31.769945
33.08218
31.687788
28.583597
29.905364
28.5019
29.818875
28.57997
29.908346
28.497149
25.356049
26.694515
25.273634
26.607208
25.35233
26.697507
25.2688
22.089478
23.445325
22.006304
23.357153
22.085626
23.448306
22.001351
18.781522
20.155996
18.697467
20.066828
18.777427
20.158905
18.692292
15.429842
16.824369
15.344922
16.73401
15.425202
16.827014
15.339209
12.025825
13.445786
11.939706
13.353389
12.019842
13.447572
11.932604
8.5572334
10.01222
8.4709925
9.9162863
8.5489841
10.011579
8.461158
4.9708946
6.4936576
4.8794831
6.3901644
4.9627704
6.4875871
4.868507
1.2588282
2.8063315
1.1603302
2.7096988
1.2732329
2.7953799
1.1714226
134.48613
134.29092
134.48887
134.29172
134.54009
134.43434
134.09102
134.58537
134.48455
134.42364
134.04088
134.46186
134.45779
134.50896
134.57407
134.48072
133.54525
133.98447
133.54267
130.96539
131.33258
130.95642
127.66359
128.20899
127.65394
124.69932
125.44784
124.69315
122.03451
122.85745
122.03188
119.54977
120.37783
119.54851
117.11602
117.93135
117.11479
114.6752
115.48337
114.67367
112.21216
113.02011
112.21042
109.72846
110.53995
109.72661
107.22765
108.044
107.22575
104.71149
105.53305
104.70957
102.18018
103.00709
102.17823
99.633201
100.46561
99.631228
97.069816
97.907943
97.067815
94.489275
95.333359
94.487245
91.890838
92.741135
91.888779
89.273781
90.130546
89.271692
86.637375
87.500867
86.635256
83.980891
84.851369
83.978742
81.303591
82.181316
81.301412
78.604735
79.489968
78.602525
75.883571
76.776581
75.88133
73.139352
74.040407
73.137079
70.371309
71.28068
70.369004
67.578673
68.496632
67.576336
64.760665
65.687491
64.758295
61.9165
62.852475
61.914094
59.04538
59.990792
59.04294
56.146501
57.101641
56.144024
53.219041
54.184206
53.216527
50.262164
51.237655
50.259611
47.275008
48.261134
47.272414
44.25669
45.253768
44.254051
41.206295
42.214652
41.203609
38.12287
39.142849
38.120131
35.005432
36.037382
35.002636
31.8529
32.897209
31.850035
28.664207
29.721237
28.661261
25.437928
26.508205
25.434876
22.172994
23.25681
22.169784
18.866568
19.965083
18.86309
15.518023
16.630964
15.513973
12.11619
13.248384
12.110783
8.6603242
9.8084051
8.6520434
5.0748079
6.2727094
5.063005
1.399911
2.5726669
1.4022571
631.22364
623.57095
631.89111
623.58055
621.05256
618.19416
621.08814
618.17319
616.23057
614.57026
616.23427
614.56554
612.6198
611.39038
612.61911
611.38937
609.41853
608.34451
609.42004
608.34389
606.30734
605.28671
606.30971
605.28548
603.2239
602.21914
603.22654
602.21746
600.16288
599.16388
600.16536
599.16197
597.13052
596.1367
597.13275
596.13475
594.13026
593.1435
594.1323
593.14161
591.1619
590.18389
591.16383
590.18207
588.22346
587.25498
588.22535
587.2532
585.31282
584.35388
585.3147
584.35211
582.4284
581.47865
582.43027
581.47689
579.56914
578.62819
579.571
578.62643
576.7343
575.80184
576.73616
575.80007
573.92327
572.99903
573.92511
572.99727
571.13543
570.21919
571.13727
570.21744
568.37015
567.46169
568.37197
567.45994
565.62677
564.72588
565.62859
564.72413
562.90467
562.0111
562.90648
562.00936
560.20321
559.31673
560.20501
559.31499
557.52174
556.64214
557.52354
556.6404
554.85964
553.98668
554.86143
553.98495
552.21628
551.34973
552.21806
551.348
549.59101
548.73065
549.59278
548.72893
546.98321
546.12882
546.98497
546.12709
544.39223
543.54358
544.39399
543.54186
541.81744
540.97431
541.8192
540.97259
539.25821
538.42037
539.25996
538.41866
536.7139
535.88112
536.71564
535.8794
534.18385
533.35591
534.18558
533.3542
531.66742
530.84409
531.66915
530.84238
529.16396
528.34502
529.16568
528.34331
526.67279
525.85803
526.6745
525.85632
524.19324
523.38248
524.19495
523.38077
521.72459
520.91772
521.72629
520.916
519.26609
518.46315
519.26777
518.46142
516.81691
516.01845
516.81857
516.01668
514.37612
513.58375
514.37775
513.58188
511.94282
511.16103
511.94441
511.15897
509.5165
508.7561
509.51798
508.75359
507.09989
506.38719
507.10117
506.38364
504.70816
504.09587
504.70897
504.09001
502.40655
501.98192
502.40618
501.97135
500.39673
500.20746
500.39361
500.18992
499.17542
499.00169
499.16503
498.98716
498.89656
498.86221
498.90781
498.8652
498.95568
498.95164
499.07907
498.52836
498.83107
499.5916
499.07047
498.62875
498.80607
498.86219
499.21158
498.82971
622.37772
625.71271
621.85565
627.31026
622.26093
626.40666
621.76503
618.55985
620.22328
618.00539
620.7114
618.52139
620.23767
617.97278
614.95921
616.10443
614.67876
616.47613
614.94329
616.10243
614.66977
611.52848
612.69456
611.43535
612.90679
611.51817
612.6932
611.43098
608.26371
609.4983
608.27173
609.65921
608.25639
609.49828
608.26929
605.10108
606.36792
605.15491
606.4997
605.09579
606.36842
605.15303
602.00304
603.27632
602.07775
603.38836
601.99921
603.2769
602.0759
598.95197
600.21946
599.03621
600.31639
598.94911
600.21989
599.03424
595.93961
597.1956
596.02707
597.28177
595.93717
597.19587
596.02501
592.95966
594.20262
593.04749
594.28241
592.95734
594.2028
593.04538
590.00798
591.23835
590.09538
591.31498
590.00566
591.23849
590.09326
587.08273
588.3012
587.16964
588.37648
587.0804
588.30135
587.16753
584.18325
585.39029
584.26971
585.46498
584.18092
585.39047
584.26763
581.30918
582.50503
581.39516
582.57937
581.30687
582.50524
581.3931
578.46004
579.64488
578.54547
579.71891
578.45775
579.64512
578.54344
575.63521
576.80924
575.72003
576.88297
575.63295
576.8095
575.71802
572.83401
573.99748
572.91819
574.07092
572.83176
573.99776
572.9162
570.05574
571.20894
570.13928
571.28211
570.05351
571.20925
570.13732
567.29973
568.44297
567.38267
568.51589
567.29753
568.4433
567.38073
564.56536
565.69893
564.6477
565.77161
564.56317
565.69928
564.64578
561.852
562.97618
561.93376
563.04863
561.84982
562.97656
561.93186
559.15901
560.2741
559.2402
560.34632
559.15685
560.2745
559.23833
556.48576
557.59204
556.5664
557.66404
556.48362
557.59247
556.56454
553.83162
554.92937
553.91171
555.00117
553.82949
554.92982
553.90988
551.19594
552.28546
551.27551
552.35706
551.19382
552.28593
551.27369
548.57809
549.65967
548.65715
549.73108
548.576
549.66015
548.65536
545.97746
547.05136
546.05601
547.1226
545.97538
547.05187
546.05424
543.39339
544.45991
543.47145
544.53098
543.39133
544.46044
543.4697
540.82526
541.88467
540.90284
541.95559
540.8232
541.88522
540.90111
538.27241
539.32501
538.34953
539.39578
538.27037
539.32558
538.34782
535.7342
536.78028
535.81089
536.85092
535.73218
536.78087
535.80919
533.21
534.24985
533.28626
534.32037
533.20799
534.25046
533.28459
530.69915
531.73307
530.775
531.80347
530.69715
531.7337
530.77335
528.20097
529.22927
528.27643
529.29956
528.19899
529.22992
528.2748
525.71476
526.73777
525.78986
526.80798
525.71279
526.73844
525.78825
523.23974
524.25789
523.31456
524.32803
523.23779
524.25858
523.31297
520.77504
521.78888
520.84968
521.85895
520.77311
521.7896
520.84811
518.3195
519.32993
518.3942
519.39996
518.31761
519.33066
518.39265
515.87137
516.88002
515.94663
516.95009
515.86956
516.88079
515.94511
513.4275
514.43779
513.50435
514.50816
513.42587
514.43861
513.50285
510.98205
512.00097
511.06219
512.07258
510.98078
512.00187
511.06074
508.52356
509.56509
508.60806
509.6414
508.52311
509.56618
508.60667
506.03099
507.12074
506.11239
507.21331
506.03249
507.12223
506.11116
503.47261
504.64638
503.4941
504.79256
503.47843
504.64885
503.49345
500.86221
502.09918
500.52017
502.40927
500.87512
502.10454
500.52287
498.61973
499.40534
496.48491
500.17729
498.50625
499.42684
496.3824
498.23587
497.07365
497.3368
498.43502
498.20986
497.17791
497.3074
497.43874
498.37152
497.39454
622.5902
631.32517
622.57867
618.29372
621.30654
618.29232
614.74705
616.44077
614.74644
611.43547
612.85977
611.43367
608.23279
609.60189
608.23127
605.09805
606.44558
605.09669
602.01416
603.34273
602.01264
598.97098
600.28107
598.9692
595.96211
597.25505
595.96011
592.98321
594.26104
592.98109
590.03171
591.29617
590.02954
587.10646
588.3586
587.10429
584.20699
585.44734
584.20483
581.3329
582.56178
581.33077
578.4837
579.70135
578.48158
575.65875
576.86546
575.65665
572.8574
574.05346
572.85531
570.07898
571.26469
570.0769
567.32283
568.4985
567.32076
564.58833
565.75424
564.58627
561.87483
563.03129
561.87278
559.18171
560.329
559.17967
556.50832
557.64675
556.5063
553.85404
554.98389
553.85203
551.21824
552.33979
551.21623
548.60027
549.71382
548.59827
545.9995
547.10535
545.99751
543.41531
544.51373
543.41333
540.84705
541.93834
540.84508
538.29408
539.37854
538.29212
535.75576
536.83368
535.75381
533.23145
534.30312
533.2295
530.72049
531.78621
530.71855
528.2222
529.28229
528.22027
525.73589
526.79068
525.73396
523.26078
524.31068
523.25886
520.79601
521.84151
520.79409
518.34044
519.3823
518.33852
515.89233
516.93193
515.8904
513.44854
514.48877
513.44661
511.00268
512.04998
511.00071
508.53978
509.60995
508.53773
506.02162
507.15623
506.01948
503.33673
504.65838
503.33502
500.12773
502.03856
500.13252
494.61246
489.16149
499.2329
494.73925
489.4655
495.23255
492.00773
492.8139
495.99303
495.30667
492.07929
492.83125
495.9738
493.87786
494.25038
495.89814
495.94971
493.86553
494.22945
494.5139
496.14259
494.48154
491.57213
489.74805
491.60621
489.77593
492.12313
490.24086
490.5403
491.95534
492.13141
490.25034
490.54248
492.82818
491.05865
491.27178
492.64354
492.82151
491.05288
491.26333
491.40793
492.97071
491.39606
489.39162
488.16161
489.39543
488.15769
489.55731
488.24842
488.32064
489.481
489.56187
488.24486
488.31776
489.88389
488.4928
488.5589
489.79627
489.8852
488.4893
488.55587
488.59456
489.94082
488.59237
487.09611
485.92008
487.09535
485.91481
487.12206
485.93409
485.9482
487.11017
487.12452
485.93026
485.94523
487.21887
486.00448
486.01955
487.20082
487.22227
486.00196
486.01782
486.02549
487.2316
486.02497
484.64483
483.44583
484.64556
483.44236
484.65985
483.46326
483.4924
484.65547
484.66229
483.46084
483.49005
484.71404
483.55979
483.58163
484.70652
484.71696
483.5572
483.57937
483.58885
484.7189
483.58765
482.10107
480.82339
482.10347
480.82123
482.1653
480.88836
481.00161
482.14389
482.16818
480.88794
480.99855
482.29677
481.18819
481.24562
482.26501
482.29845
481.18467
481.24213
481.26424
482.30774
481.26271
479.42289
477.87613
479.42867
477.86995
479.61327
478.13742
478.58038
479.59768
479.61553
478.00585
478.41612
479.9744
479.05723
479.13259
479.8754
479.97391
479.04546
479.12459
479.15686
479.999
479.15528
384.15396
384.14443
384.04288
384.08735
384.04459
384.09675
384.20552
384.3614
384.18748
384.34846
385.39509
385.56532
385.37527
385.56013
387.1202
387.5193
387.10753
387.51685
389.14998
389.72463
389.14197
389.72328
391.32081
391.98294
391.31506
391.98203
393.53479
394.23255
393.53008
394.23183
395.75207
396.46008
395.74783
396.45946
397.956
398.664
397.952
398.66344
400.14188
400.8458
400.13801
400.84529
402.30863
403.00722
402.30486
403.00674
404.45691
405.14991
404.45321
405.14948
406.5878
407.2754
406.58417
407.27501
408.7026
409.38516
408.69902
409.38481
410.80264
411.48057
410.79912
411.48026
412.88926
413.56301
412.88581
413.56274
414.96381
415.63381
414.96041
415.63359
417.02761
417.69431
417.02426
417.69413
419.08196
419.74581
419.07867
419.74566
421.12816
421.7896
421.12493
421.7895
423.16751
423.82696
423.16433
423.8269
425.20127
425.85917
425.19814
425.85916
427.23072
427.88748
427.22764
427.88751
429.25709
429.91315
429.25406
429.91323
431.28162
431.9374
431.27865
431.93753
433.30557
433.96148
433.30264
433.96165
435.33014
435.9866
435.32726
435.98682
437.35656
438.01398
437.35373
438.01425
439.38604
440.04483
439.38326
440.04515
441.41979
442.08036
441.41706
442.08073
443.45902
444.12176
443.45633
444.12217
445.50487
446.1702
445.50222
446.17066
447.55844
448.22684
447.55585
448.22736
449.62083
450.29291
449.61829
450.29348
451.69351
452.36994
451.69102
452.37056
453.77927
454.4602
453.77678
454.46091
455.88342
456.56713
455.88084
456.56803
458.01367
458.69473
458.01089
458.69598
460.17269
460.84167
460.16969
460.84332
462.33878
462.99471
462.33607
462.99631
464.40747
465.10128
464.40681
465.1002
466.17409
467.18203
466.1791
467.17301
467.12846
469.29523
467.15363
469.2667
476.45424
466.64107
472.87813
476.50833
466.87021
472.89383
477.84916
477.59798
477.43951
477.4461
477.8426
477.5338
477.43161
477.45198
477.89763
477.45375
384.38318
383.98388
384.36103
383.95526
384.68779
383.96026
383.69405
384.22573
384.73979
383.93948
383.78854
476.5451
476.32006
476.33669
476.04635
476.53604
476.2253
476.32769
476.29619
476.51339
476.3017
383.50872
382.52488
383.47451
382.48581
383.49904
382.4378
382.18937
383.32255
383.58448
382.41285
382.29174
385.35914
381.75037
384.6297
383.69999
385.37541
381.65198
384.64955
387.52266
385.70384
387.23713
386.03718
387.53574
385.70594
387.24244
389.79906
388.56914
389.6668
388.55027
389.80761
388.5687
389.66963
392.07937
391.05317
391.99632
390.97568
392.0855
391.05238
391.99829
394.33588
393.38695
394.26753
393.30642
394.34087
393.38608
394.26914
396.5652
395.65044
396.5012
395.5744
396.56965
395.64953
396.50263
398.76925
397.87287
398.70663
397.80045
398.77341
397.87193
398.70797
400.95052
400.06646
400.88854
399.99623
400.95452
400.06549
400.88982
403.11117
402.23675
403.04966
402.16776
403.11505
402.23575
403.0509
405.25303
404.38685
405.19196
404.31862
405.25682
404.38583
405.19316
407.3777
406.51885
407.31706
406.4511
407.3814
406.51781
407.31822
409.48668
408.63444
409.42644
408.56703
409.4903
408.63337
409.42757
411.58137
410.73511
411.52152
410.66796
411.58492
410.73402
411.52263
413.66316
412.82227
413.60368
412.75533
413.66663
412.82116
413.60475
415.73339
414.8973
415.67425
414.83052
415.73679
414.89617
415.67529
417.79337
416.96153
417.73455
416.89486
417.7967
416.96037
417.73556
419.84443
419.01627
419.78589
418.94969
419.84768
419.01509
419.78687
421.88784
421.06283
421.82958
420.9963
421.89103
421.06162
421.83053
423.92491
423.10249
423.86688
423.03597
423.92803
423.10126
423.8678
425.95689
425.13652
425.89907
425.06999
425.95995
425.13526
425.89996
427.98505
427.1662
427.92741
427.09961
427.98804
427.16491
427.92827
430.01062
429.19276
429.95314
429.12609
430.01355
429.19145
429.95397
432.03486
431.21746
431.97751
431.15068
432.03773
431.21613
431.97831
434.05899
433.24153
434.00174
433.1746
434.06179
433.24017
434.00252
436.08422
435.2662
436.02706
435.19908
436.08697
435.26481
436.02781
438.11178
437.29267
438.05468
437.22533
438.11447
437.29125
438.0554
440.14288
439.32216
440.08581
439.25457
440.14551
439.32071
440.0865
442.17872
441.35587
442.12165
441.288
442.18129
441.3544
442.12231
444.22051
443.39501
444.16341
443.32683
444.22302
443.39351
444.16404
446.26943
445.44078
446.21227
445.37226
446.27189
445.43925
446.21288
448.32669
447.49438
448.26944
447.42557
448.32911
447.49282
448.27002
450.39346
449.557
450.33607
449.48802
450.39584
449.55541
450.33661
452.471
451.62969
452.4132
451.56072
452.47334
451.62807
452.41371
454.56102
453.71322
454.50178
453.64432
454.56327
453.71157
454.50228
456.66642
455.80811
456.60298
455.7388
456.66832
455.80646
456.60353
458.79244
457.91555
458.71949
457.8443
458.79343
457.91395
458.72019
460.94516
460.0399
460.85768
459.96495
460.94439
460.03845
460.85865
463.12866
462.19532
463.0323
462.1152
463.12641
462.1941
463.03357
465.31238
464.40999
465.26729
464.33267
465.31417
464.40876
465.26823
467.52395
466.75905
467.61993
466.71853
467.54207
466.75658
467.619
469.59672
469.2669
470.10058
469.40411
469.65921
469.26094
470.09186
472.0648
472.16642
472.88133
472.40452
472.17873
472.15047
472.85648
475.25495
474.8114
475.26013
474.92552
475.34919
474.77876
475.22896
476.03366
475.92229
475.96887
475.87248
476.02517
475.90101
475.95911
475.90114
475.94833
475.9072
381.28766
379.64438
381.25477
379.61409
381.0785
379.39205
379.04437
381.07312
381.05748
379.37275
379.03314
381.14498
378.02358
377.24961
380.49555
381.23037
378.04067
377.31962
384.44855
374.45839
380.00552
384.48296
374.7562
387.17884
385.32307
387.18336
389.67884
388.41556
389.6805
392.02991
390.96489
392.03128
394.30921
393.32095
394.31054
396.54616
395.59339
396.54748
398.75288
397.81988
398.7542
400.93517
400.01544
400.93648
403.09625
402.18677
403.09756
405.23832
404.33748
405.23962
407.36312
406.46989
407.36442
409.47218
408.58576
409.47348
411.56694
410.68666
411.56824
413.64879
412.77401
413.65008
415.71906
414.84919
415.72036
417.77909
416.91353
417.78038
419.83018
418.96836
419.83148
421.87363
421.01498
421.87493
423.91072
423.05467
423.91202
425.94271
425.08871
425.94402
427.97088
427.11837
427.97218
429.99645
429.14489
429.99777
432.02069
431.16952
432.02201
434.0448
433.19349
434.04613
436.07002
435.21803
436.07136
438.09756
437.24435
438.09891
440.12863
439.27367
440.12999
442.16443
441.30718
442.16579
444.20617
443.34609
444.20754
446.25504
445.39162
446.25643
448.31226
447.44499
448.31366
450.37899
449.50738
450.3804
452.45628
451.57986
452.45769
454.54501
453.6631
454.54646
456.64625
455.75735
456.64782
458.76263
457.8634
458.76452
460.90114
459.98597
460.90364
463.0785
462.14114
463.08176
465.32983
464.36881
465.33296
467.72401
466.75638
467.72353
470.30376
469.39075
470.29114
473.0707
472.31664
473.0384
475.37978
474.88007
475.33892
476.01614
475.94392
475.99953
378.13434
376.57245
378.12184
376.56085
377.8187
376.43934
376.23648
377.97811
377.81688
376.43122
376.23096
377.14379
375.73318
375.44223
377.32456
377.16323
375.73541
375.45173
374.9575
376.82113
374.98519
375.10991
373.76733
375.11066
373.76503
374.96858
373.73148
373.66716
375.0556
374.97098
373.72854
373.66385
374.65886
373.49783
373.42648
374.74208
374.66351
373.49522
373.42325
373.34057
374.57825
373.33701
372.39737
371.194
372.40204
371.19346
372.36839
371.18787
371.17261
372.39252
372.37137
371.18624
371.17025
372.27937
371.11669
371.102
372.29572
372.28092
371.11392
371.0984
371.08825
372.26597
371.08314
369.87936
368.75041
369.88353
368.74924
369.86813
368.74334
368.72056
369.88167
369.87082
368.74117
368.7181
369.81711
368.6536
368.62306
369.8267
369.81913
368.65139
368.62078
368.60552
369.80914
368.60212
367.4627
366.41893
367.46593
366.41741
367.42025
366.40118
366.34064
367.45691
367.42208
366.39776
366.33722
367.2967
366.15625
366.03814
367.32537
367.29966
366.15324
366.03787
365.97121
367.25866
365.96914
365.14901
364.30458
365.15196
364.30293
365.02501
364.28368
364.19915
365.12762
365.02473
364.27564
364.18742
364.7452
363.73786
363.2757
364.76543
364.74532
363.5708
363.14263
363.00016
364.57355
362.99418
363.04538
362.58817
363.04925
362.58987
362.6122
362.58374
362.71669
362.99677
362.58691
362.57582
362.65272
357.91199
351.6752
361.64113
357.92704
351.90322
354.32306
352.16115
354.29372
352.18491
352.2959
351.28496
352.2858
351.29006
350.31162
349.6279
350.30975
349.62748
348.30732
347.66932
348.3084
347.66684
346.24328
345.59663
346.24467
345.59379
344.17345
343.51558
344.1746
343.51286
342.11332
341.45194
342.11417
341.44935
340.06794
339.40785
340.06861
339.40531
338.03585
337.3789
338.03642
337.37635
336.015
335.36139
336.0155
335.35881
334.00359
333.353
334.00405
333.35037
332.00031
331.35229
332.00072
331.34962
330.004
329.35815
330.00436
329.35544
328.0136
327.36954
328.01392
327.36679
326.02805
325.38544
326.02833
325.38264
324.0463
323.40476
324.04653
323.40193
322.06727
321.42645
322.06745
321.42357
320.08988
319.44943
320.09003
319.44651
318.11307
317.47262
318.11317
317.46965
316.13575
315.49492
316.13581
315.49191
314.15683
313.51527
314.15686
313.51221
312.17523
311.53257
312.17522
311.52947
310.18986
309.54571
310.18981
309.54257
308.19961
307.55361
308.19952
307.55042
306.20337
305.55514
306.20324
305.5519
304.20003
303.5492
304.19987
303.54591
302.18847
301.53465
302.18827
301.53131
300.16755
299.51036
300.16731
299.50697
298.13611
297.47518
298.13584
297.47174
296.09303
295.428
296.09273
295.42451
294.03711
293.36762
294.03677
293.36408
291.96723
291.29307
291.96685
291.28947
289.88207
289.20304
289.88166
289.19937
287.78077
287.09736
287.78032
287.0936
285.66162
284.97449
285.66112
284.97063
283.52497
282.83842
283.52443
282.83434
281.36782
280.68819
281.36718
280.68379
279.19768
278.54993
279.19694
278.54465
277.01128
276.43374
277.01013
276.42675
274.86874
274.47383
274.86698
274.4618
272.83892
272.66951
272.8342
272.64977
271.60114
271.45076
271.58884
271.43287
271.36114
271.31321
271.37049
271.31483
271.4226
271.41372
361.66834
361.41907
361.67464
361.42421
361.27428
361.49548
361.41513
361.70462
361.2166
361.4851
361.3195
271.47438
270.9762
271.27363
271.99873
271.46747
271.07114
271.25265
271.29239
271.60125
271.26464
361.10921
360.95552
361.11639
360.9619
361.11067
361.11641
360.72823
361.22313
361.02544
361.10543
360.65237
270.59651
269.83596
269.93138
270.82112
270.56972
269.94228
269.90265
270.01431
270.69104
269.97117
361.07312
361.07565
361.1277
361.21632
361.09483
360.3549
360.71574
360.36042
357.67381
357.99339
357.66713
354.62023
355.14856
354.61137
352.01101
352.70983
352.00694
349.69622
350.42782
349.69552
347.56903
348.28931
347.5698
345.50547
346.20254
345.50649
343.46232
344.14271
343.46317
341.42417
342.09446
341.42483
339.39122
340.05567
339.39175
337.36561
338.02608
337.36606
335.34858
336.00582
335.34897
333.34006
333.99444
333.34041
331.33927
331.99109
331.33957
329.34517
329.99475
329.34543
327.35666
328.00436
327.35687
325.37264
326.01883
325.3728
323.39203
324.0371
323.39214
321.41378
322.05808
321.41384
319.4368
320.0807
319.43681
317.46002
318.1039
317.45999
315.48238
316.12659
315.48229
313.50276
314.14768
313.50263
311.5201
312.1661
311.51991
309.53329
310.18074
309.53305
307.54123
308.1905
307.54093
305.5428
306.19428
305.54245
303.53689
304.19096
303.53649
301.52236
302.17942
301.5219
299.49807
300.15851
299.49756
297.46286
298.12709
297.46229
295.41556
296.08401
295.41494
293.35488
294.02805
293.35421
291.27967
291.95809
291.27895
289.18815
289.87273
289.18738
287.07909
287.771
287.07829
284.94817
285.65092
284.94741
282.7921
283.51217
282.79145
280.58912
281.34954
280.58898
278.30777
279.16245
278.30892
275.78839
276.91568
275.79385
272.70863
274.53996
272.72925
267.5993
261.39819
271.72869
267.62728
261.63586
267.99564
267.0743
267.03316
267.28592
267.97391
267.11245
267.01977
267.17537
268.14061
267.14679
263.45045
262.09067
263.50798
262.12673
264.12647
262.82007
263.18133
263.89638
264.26363
262.82813
263.1739
265.06169
263.63865
263.82776
264.63399
265.05619
263.63073
263.81962
263.93422
265.2033
263.92261
261.6101
260.54876
261.6172
260.54598
261.8667
260.66364
260.75949
261.73655
261.8719
260.66098
260.75714
262.25258
260.93126
261.01218
262.11122
262.25249
260.92853
261.00945
261.04461
262.30733
261.04212
259.45667
258.31964
259.45545
258.31401
259.50484
258.33212
258.35555
259.47512
259.50706
258.32844
258.35293
259.62337
258.41064
258.43594
259.58766
259.62625
258.40843
258.4344
258.43946
259.63362
258.43894
257.04619
255.82715
257.04646
255.82332
257.07029
255.83943
255.88531
257.05173
257.07285
255.83679
255.88312
257.13106
255.94273
255.97921
257.11322
257.13409
255.94014
255.97705
255.98096
257.1318
255.97985
254.51116
253.14019
254.51364
253.13817
254.6087
253.20407
253.37162
254.53852
254.61211
253.20278
253.36995
254.74161
253.51854
253.62133
254.69132
254.74372
253.51478
253.61789
253.62718
254.74306
253.62559
251.84586
249.97295
251.85279
249.97822
252.17979
250.24598
250.84293
251.95368
252.18409
250.24865
250.84025
252.50304
251.2073
251.45568
252.37641
252.50353
251.2001
251.44962
251.45699
252.49977
251.45571
157.01015
157.04993
157.01249
157.05472
157.39274
157.56094
157.39686
157.56589
158.52708
158.84834
158.52864
158.85177
160.22327
160.81651
160.22245
160.81863
162.20114
162.9928
162.19992
162.99451
164.3392
165.21761
164.33772
165.2193
166.5288
167.43919
166.52724
167.44087
168.72787
169.64435
168.7263
169.64603
170.91629
171.8297
170.91472
171.83138
173.08848
173.99531
173.08691
173.99698
175.24251
176.14199
175.24096
176.14365
177.37875
178.27087
177.37721
178.27252
179.49803
180.38319
179.4965
180.38483
181.60151
182.48021
181.6
182.48184
183.69043
184.5632
183.68892
184.56482
185.76604
186.63345
185.76455
186.63506
187.82962
188.69223
187.82814
188.69383
189.88245
190.74079
189.88097
190.74239
191.92577
192.78041
191.9243
192.782
193.96085
194.81234
193.95938
194.81393
195.98894
196.83784
195.98748
196.83942
198.01129
198.85814
198.00984
198.85973
200.02915
200.8745
200.0277
200.87608
202.04376
202.88815
202.04231
202.88973
204.05635
204.90033
204.05491
204.90191
206.06816
206.91228
206.06672
206.91386
208.08043
208.92522
208.07899
208.9268
210.09438
210.9404
210.09294
210.94198
212.11126
212.95903
212.10981
212.96062
214.13227
214.98235
214.13083
214.98395
216.15867
217.01159
216.15723
217.01319
218.19166
219.04796
218.19022
219.04956
220.23246
221.09267
220.23101
221.09428
222.28228
223.14696
222.28082
223.14858
224.34238
225.21206
224.34093
225.21369
226.41415
227.28927
226.41268
227.29089
228.49912
229.3798
228.49762
229.38138
230.59857
231.48428
230.59695
231.48572
232.71115
233.60088
232.70922
233.6019
234.82496
235.71971
234.82236
235.71986
236.89518
237.81062
236.89169
237.80998
238.78728
239.82561
238.78575
239.82868
240.11381
241.81303
240.14145
241.84314
248.96362
239.40828
244.69725
249.00514
239.70239
244.81798
249.92768
246.32277
248.58697
249.26124
249.92844
246.21663
248.44813
250.57222
249.29124
249.73747
250.3322
250.56934
249.26942
249.72523
249.6965
250.54352
249.69683
157.09844
156.95831
157.0816
156.93315
157.13964
156.92462
156.89298
157.0441
157.13152
156.90827
156.88428
157.60812
157.35927
157.10675
157.4201
157.59951
157.26731
157.04777
158.83869
158.6215
158.26931
158.54094
158.83374
158.55808
158.2502
160.80237
160.22565
160.56201
160.26255
160.80122
160.20424
160.55684
162.95664
162.16044
162.90847
162.2415
162.95712
162.15252
162.90729
165.17344
164.31043
165.202
164.38429
165.17464
164.30634
165.20221
167.39126
166.50696
167.44796
166.57418
167.39267
166.50405
167.44859
169.59589
168.71062
169.66151
168.77404
169.59738
168.70808
169.66228
171.78124
170.90041
171.84954
170.96236
171.78273
170.89798
171.8503
173.94723
173.07331
174.01595
173.13447
173.94871
173.07088
174.01668
176.09427
175.22752
176.16278
175.28824
176.09572
175.22508
176.16344
178.22353
177.36387
178.29161
177.42423
178.22495
177.36139
178.2922
180.33619
179.48318
180.4038
179.54323
180.33758
179.48066
180.40432
182.43353
181.58669
182.50067
181.64645
182.43489
181.58412
182.50113
184.51683
183.67561
184.58351
183.73512
184.51816
183.67299
184.5839
186.58736
185.75123
186.65361
185.81052
186.58866
185.74856
186.65393
188.64639
187.8148
188.71225
187.8739
188.64767
187.81208
188.7125
190.6952
189.86761
190.76068
189.92656
190.69644
189.86484
190.76086
192.73505
191.91091
192.80017
191.96973
192.73626
191.90809
192.80029
194.76718
193.94597
194.83198
194.00469
194.76837
193.94309
194.83203
196.79287
195.97403
196.85736
196.03269
196.79402
195.97109
196.85735
198.81334
197.99634
198.87756
198.05498
198.81446
197.99335
198.87748
200.82984
200.01416
200.89382
200.0728
200.83094
200.01111
200.89367
202.84362
202.02871
202.90737
202.08739
202.84469
202.0256
202.90717
204.85592
204.04125
204.91947
204.09999
204.85696
204.03808
204.9192
206.86796
206.05299
206.93133
206.11184
206.86896
206.04976
206.931
208.88098
208.06519
208.9442
208.12417
208.88195
208.0619
208.94381
210.89621
210.07907
210.95931
210.13821
210.89716
210.07571
210.95885
212.91488
212.09585
212.97788
212.1552
212.9158
212.09244
212.97737
214.93823
214.11678
215.00115
214.17635
214.93912
214.11329
215.00058
216.96747
216.14308
217.03034
216.20292
216.96833
216.13953
217.0297
219.00384
218.17597
219.06666
218.2361
219.00467
218.17235
219.06596
221.04854
220.21664
221.11134
220.27713
221.04935
220.21296
221.11058
223.10283
222.26629
223.16557
222.32723
223.10361
222.26253
223.16476
225.16796
224.32613
225.23047
224.38768
225.1687
224.3223
225.2296
227.24519
226.39748
227.30692
226.4598
227.24589
226.39358
227.30603
229.33565
228.482
229.39527
228.54502
229.33629
228.47801
229.3945
231.43976
230.58152
231.49516
230.64429
231.44029
230.57749
231.4948
233.55553
232.69613
233.60619
232.75603
233.5558
232.69226
233.60651
235.67339
234.81685
235.72855
234.86966
235.67319
234.81359
235.72898
237.76747
236.91273
237.86798
236.94967
237.76721
236.91034
237.86577
239.81669
238.91918
240.09372
238.9131
239.81967
238.91626
240.07952
241.98795
240.79993
242.56735
240.62508
242.005
240.79099
242.52881
245.65823
242.82797
245.65253
242.27735
245.74019
242.80918
245.65325
249.17172
248.65027
248.7825
248.89618
249.1629
248.55721
248.77141
248.69296
249.12114
248.69772
156.35737
155.76164
156.32303
155.7204
156.3646
155.68725
155.63668
156.22702
156.45028
155.65962
155.73932
248.57995
248.11842
248.42672
248.45061
248.57127
248.0426
248.41536
248.28716
248.48966
248.2937
153.9612
153.02314
153.93141
152.99471
153.01066
152.88804
152.92808
153.77931
153.12059
152.87469
152.96732
157.55775
147.30733
153.50533
157.60924
147.54425
160.39189
158.59018
160.40311
162.79875
161.67839
162.80292
165.08183
164.22643
165.08461
167.3166
166.5498
167.31892
169.52642
168.79636
169.52868
171.71349
170.99911
171.71574
173.8804
173.17605
173.88268
176.028
175.33095
176.03032
178.15773
177.46705
178.16009
180.27076
179.58574
180.27317
182.36842
181.68857
182.37088
184.45198
183.77682
184.45448
186.52272
185.85181
186.52527
188.58192
187.91483
188.58452
190.63085
189.96713
190.6335
192.67077
192.01
192.67347
194.70293
194.04469
194.70569
196.7286
196.07244
196.73141
198.74902
198.09452
198.75188
200.76542
200.11217
200.76834
202.77905
202.12662
202.78203
204.79116
204.13912
204.79419
206.80296
206.15091
206.80605
208.81571
208.16321
208.81885
210.83061
210.17726
210.83382
212.84892
212.19428
212.85219
214.87186
214.21552
214.87518
216.90065
216.24219
216.90404
218.93653
218.27552
218.93998
220.98072
220.31678
220.98424
223.03442
222.3672
223.038
225.09867
224.42786
225.10232
227.17415
226.49928
227.17784
229.26087
228.58071
229.26458
231.35863
230.66979
231.36229
233.4696
232.76536
233.47321
235.6063
234.87979
235.61013
237.80184
237.06345
237.80699
240.12621
239.43616
240.13606
242.62986
242.12151
242.64803
245.5029
245.17939
245.52264
247.99109
247.62241
248.00015
248.56615
248.4652
248.54789
248.42162
151.10048
149.84525
151.08557
149.83315
150.51455
149.73866
149.54975
150.94399
150.52384
149.73039
149.54169
149.63754
149.10174
148.74223
150.18684
149.7905
149.09467
148.74995
148.00988
149.41168
148.04587
148.2376
146.98589
148.23576
146.98288
148.03473
146.95098
146.86676
148.17949
148.0354
146.94811
146.86403
147.65434
146.69524
146.59615
147.80201
147.65951
146.69303
146.59368
146.48004
147.54031
146.47746
145.57911
144.39363
145.58265
144.39282
145.52917
144.38857
144.36034
145.57341
145.53146
144.38693
144.35814
145.41328
144.30294
144.27694
145.4496
145.41428
144.30044
144.27341
144.26364
145.39394
144.2581
143.08649
141.94159
143.09042
141.94032
143.06589
141.93876
141.90007
143.09165
143.06845
141.93657
141.89751
143.00066
141.83932
141.79131
143.02565
143.00245
141.83721
141.78873
141.77773
142.99647
141.77383
140.70444
139.59164
140.70774
139.58989
140.65093
139.58413
139.47818
140.70737
140.65291
139.58063
139.4744
140.49063
139.32361
139.15209
140.56967
140.49397
139.32197
139.15076
139.08337
140.4674
139.08116
138.4661
137.42446
138.4693
137.42288
138.34069
137.41993
137.16481
138.47153
138.34097
137.41363
137.15733
137.89797
136.77871
136.16906
138.13919
137.90421
136.77591
136.17129
135.87456
137.79765
135.87945
136.51492
135.67124
136.51906
135.67087
136.30298
135.70648
135.24739
136.5426
136.29791
135.69356
135.22448
135.16875
134.4798
132.16421
135.87118
135.19051
134.34389
132.05878
130.40815
124.85394
134.91953
130.53324
125.15983
127.30138
125.48835
127.33294
125.51731
125.10972
123.97301
125.11316
123.9712
122.8622
121.83457
122.8615
121.83055
120.50002
119.47684
120.50005
119.47371
118.07484
117.04163
118.0758
117.0392
115.62053
114.57834
115.62198
114.57625
113.14998
112.10075
113.15164
112.09879
110.66645
109.61106
110.66818
109.60913
108.16995
107.10846
108.17171
107.10654
105.65965
104.59179
105.66143
104.58985
103.13467
102.06007
103.13647
102.05813
100.59422
99.512546
100.59603
99.510599
98.037579
96.948494
98.039404
96.94654
95.464033
94.367217
95.465873
94.365256
92.872874
91.768004
92.874731
91.766035
90.263385
89.150139
90.26526
89.148162
87.634844
86.51289
87.636737
86.510903
84.986521
83.855523
84.988431
83.853527
82.31768
81.177303
82.319608
81.175297
79.627583
78.477489
79.629529
78.475474
76.915483
75.755335
76.917449
75.753309
74.18063
73.010086
74.182617
73.008048
71.422263
70.240969
71.424269
70.238921
68.639614
67.447222
68.641643
67.445161
65.831909
64.628064
65.833959
64.625991
62.998377
61.78271
63.000448
61.780626
60.138217
58.910368
60.140311
58.908269
57.250626
56.010223
57.252743
56.008111
54.334792
53.081453
54.336931
53.079327
51.38988
50.123215
51.392043
50.121075
48.415037
47.134647
48.417224
47.13249
45.409386
44.114858
45.411597
44.112685
42.372026
41.06293
42.374261
41.060741
39.302018
37.977904
39.304278
37.975698
36.198378
34.858778
36.200663
34.85655
33.060069
31.704467
33.062377
31.702217
29.885979
28.51382
29.888309
28.511543
26.674873
25.285493
26.67722
25.283184
23.425351
22.017981
23.427704
22.015619
20.135613
18.708967
20.137938
18.706501
16.803067
15.3552
16.80528
15.352487
13.422595
11.947923
13.424413
11.944629
9.9824656
8.4701692
9.9833111
8.465999
6.4496838
4.8752871
6.4488726
4.8720081
2.7582103
1.143879
2.7562376
1.150713
135.10085
134.68514
135.10683
134.6886
134.92609
134.765
134.62254
135.1438
134.85324
134.75336
134.52604
127.78531
131.40033
128.44944
131.52416
127.85451
131.40598
128.43225
126.01449
128.09061
126.2181
127.50373
126.02457
128.05419
126.21094
124.10722
125.39332
124.11142
125.10213
124.10559
125.38157
124.11118
121.89458
122.92375
121.85161
122.81269
121.89233
122.92418
121.85174
119.52584
120.50943
119.46813
120.44542
119.52419
120.51268
119.46707
117.09088
118.08084
117.02426
118.02076
117.08961
118.08394
117.02268
114.62917
115.63233
114.5586
115.56742
114.62807
115.63476
114.55677
112.15255
113.16641
112.08079
113.09731
112.15152
113.16842
112.07894
109.6633
110.68527
109.59153
110.61377
109.6623
110.68712
109.5897
107.16091
108.18975
107.08932
108.11703
107.15994
108.19158
107.0875
104.64441
105.67983
104.57285
105.60642
104.64345
105.68168
104.57103
102.11291
103.15504
102.04122
103.08114
102.11196
103.15691
102.03939
99.565625
100.61474
99.493722
100.54039
99.56469
100.61664
99.491892
97.001844
98.058266
96.92969
97.983454
97.000924
98.060185
96.927851
94.420855
95.484892
94.348423
95.40961
94.419949
95.48683
94.346581
91.821945
92.893911
91.749219
92.818147
91.821052
92.895868
91.747367
89.204395
90.284604
89.131359
90.208346
89.203514
90.286579
89.129504
86.567473
87.656252
86.494114
87.579484
86.566606
87.658246
86.492251
83.91045
85.008124
83.836752
84.930829
83.909595
85.010137
83.834879
81.232587
82.339476
81.158536
82.261647
81.231744
82.341509
81.156656
78.533143
79.649575
78.458723
79.5712
78.532313
79.651629
78.456833
75.811372
76.937676
75.736569
76.858742
75.810554
76.93975
75.734669
73.066519
74.203032
72.991319
74.123521
73.065712
74.205128
72.989407
70.297813
71.444876
70.222203
71.364777
70.297019
71.446992
70.220281
67.504489
68.662444
67.428449
68.581741
67.503706
68.664582
67.426516
64.685768
65.854959
64.60928
65.77364
64.684998
65.85712
64.607336
61.840867
63.02164
61.763916
62.9397
61.840107
63.023821
61.76196
58.968988
60.1617
58.891561
60.079124
58.968242
60.163905
58.889592
56.069323
57.274336
55.991407
57.191109
56.068588
57.276565
55.989426
53.141047
54.358734
53.062628
54.27484
53.140324
54.360988
53.060633
50.183318
51.41406
50.104383
51.329483
50.182606
51.416338
50.102376
47.195273
48.439463
47.115806
48.354185
47.194572
48.441767
47.113783
44.176024
45.434064
44.096008
45.348069
44.175334
45.436393
44.093972
41.124651
42.396962
41.044068
42.310232
41.123972
42.399318
41.042018
38.040197
39.327218
37.959027
39.239735
38.039527
39.329601
37.956964
34.921661
36.223851
34.839882
36.135597
34.921003
36.226262
34.837805
31.767958
33.085825
31.685549
32.996772
31.767309
33.088265
31.683458
28.57795
29.912031
28.494886
29.822157
28.577308
29.9145
28.492784
25.350267
26.701223
25.266502
26.610489
25.349627
26.703722
25.264384
22.083489
23.452034
21.99899
23.360406
22.082834
23.454558
21.996848
18.77514
20.162594
18.689781
20.069964
18.774425
20.165116
18.687578
15.422539
16.830519
15.336327
16.736807
15.421628
16.832968
15.33393
12.016286
13.450476
11.928672
13.355126
12.014877
13.452572
11.92578
8.5439561
10.01274
8.4554222
9.9153849
8.541863
10.013867
8.4517194
4.9584659
6.4849068
4.862728
6.3833282
4.9575576
6.4837806
4.859751
1.2838926
2.7894554
1.1795674
2.6977608
1.2915317
2.7877795
1.1849335
134.49306
134.29425
134.4982
134.29804
134.50885
134.41323
134.07084
134.56683
134.42029
134.40213
133.99357
134.45334
134.44921
134.4495
134.53552
134.41646
133.44269
133.89209
133.44918
130.86219
131.27361
130.85637
127.60187
128.19511
127.59177
124.67579
125.45133
124.66868
122.0307
122.86464
122.02755
119.55049
120.38385
119.54904
117.11537
117.93553
117.11409
114.67263
115.48636
114.67111
112.20854
113.02265
112.20683
109.72445
110.5424
109.72265
107.22352
108.04646
107.22169
104.70731
105.53552
104.70548
102.17596
103.00955
102.17412
99.628914
100.46806
99.62707
97.065462
97.91037
97.06361
94.48485
95.335766
94.482989
91.886342
92.743521
91.884472
89.269212
90.132913
89.267333
86.632734
87.503215
86.630845
83.976177
84.853697
83.974279
81.298804
82.183625
81.296895
78.599873
79.492259
78.597954
75.878633
76.778853
75.876705
73.134337
74.042659
73.132398
70.366217
71.282913
70.364267
67.573502
68.498847
67.571541
64.755414
65.689687
64.753442
61.911166
62.854652
61.909182
59.039964
59.99295
59.037968
56.141
57.103779
56.138991
53.213453
54.186324
53.211431
50.256486
51.239751
50.25445
47.269237
48.263207
47.267186
44.25082
45.255816
44.248753
41.200322
42.216673
41.198237
38.116786
39.144839
38.11468
34.999227
36.039337
34.997098
31.84656
32.899121
31.844403
28.657709
29.723097
28.655516
25.431235
26.509991
25.428995
22.166016
23.258488
22.163697
18.859119
19.96654
18.856669
15.509559
16.631985
15.506791
12.105345
13.248199
12.101896
8.6444117
9.8058179
8.6394011
5.0533712
6.2652403
5.0473382
1.4025598
2.5676751
1.4021822
632.77739
623.59914
633.89105
623.53505
621.15909
618.18981
621.17104
618.15866
616.26321
614.58629
616.26165
614.57815
612.62682
611.3954
612.62757
611.39265
609.42116
608.34126
609.42522
608.33896
606.30949
605.28018
606.31418
605.27705
603.22738
602.21263
603.2318
602.20863
600.16751
599.15844
600.17133
599.15387
597.13578
596.13232
597.13908
596.1275
594.13572
593.13982
594.13873
593.13497
591.16733
590.18052
591.17022
590.17575
588.2288
587.25169
588.23166
587.247
585.31807
584.35057
585.32094
584.34594
582.43359
581.47531
582.43646
581.47072
579.57428
578.62482
579.57716
578.62027
576.73941
575.79846
576.74229
575.79395
573.92834
572.99565
573.93122
572.99118
571.14046
570.21581
571.14334
570.21137
568.37513
567.4583
568.37802
567.45391
565.63172
564.72248
565.63461
564.71812
562.90958
562.00769
562.91247
562.00338
560.20807
559.31332
560.21097
559.30904
557.52657
556.63871
557.52947
556.63447
554.86443
553.98325
554.86734
553.97905
552.22103
551.34629
552.22394
551.34212
549.59572
548.7272
549.59864
548.72307
546.98788
546.12535
546.99081
546.12126
544.39686
543.5401
544.3998
543.53605
541.82204
540.97082
541.82499
540.9668
539.26278
538.41687
539.26573
538.41288
536.71842
535.87761
536.72138
535.87365
534.18834
533.35238
534.19131
533.34846
531.67187
530.84055
531.67485
530.83666
529.16838
528.34147
529.17136
528.33761
526.67718
525.85447
526.68017
525.85064
524.1976
523.3789
524.2006
523.37509
521.72892
520.91411
521.73193
520.91032
519.2704
518.45953
519.2734
518.45574
516.82123
516.01479
516.82422
516.01097
514.38051
513.58004
514.38344
513.57609
511.94743
511.15723
511.95021
511.15294
509.52166
508.75214
509.52407
508.74707
507.10647
506.38292
507.10801
506.37601
504.71808
504.09125
504.71762
504.08038
502.42371
501.97752
502.4188
501.95894
500.42565
500.20654
500.41245
500.17688
499.20732
499.02305
499.18202
498.99388
498.91551
498.86954
498.92864
498.87496
498.9486
498.94703
499.06078
498.52822
498.78118
499.5492
499.05999
498.66313
498.7704
498.79991
499.17205
498.7783
622.08944
627.32713
621.63077
629.43612
621.89186
628.52411
621.44591
618.44078
620.24837
617.93932
620.64684
618.40648
620.24649
617.90629
614.9039
616.09826
614.66048
616.44594
614.89123
616.09163
614.65137
611.5007
612.69099
611.42633
612.89753
611.49081
612.68854
611.42133
608.25039
609.49757
608.26631
609.65602
608.24269
609.4966
608.26236
605.09368
606.3681
605.15044
606.49748
605.08797
606.36732
605.14657
601.99752
603.27656
602.07325
603.38661
601.99338
603.27566
602.06928
598.94679
600.21937
599.03146
600.31486
598.9437
600.21832
599.02743
595.93412
597.19521
596.02215
597.28051
595.93157
597.1941
596.01812
592.95383
594.20208
593.0425
594.28142
592.95147
594.20099
593.03852
590.00199
591.23779
590.0904
591.3142
589.99967
591.23674
590.08648
587.07674
588.30069
587.16471
588.37584
587.07442
588.29971
587.16085
584.17735
585.38985
584.26485
585.46443
584.17504
585.38893
584.26105
581.30338
582.50467
581.39037
582.57889
581.3011
582.50382
581.38662
578.45434
579.64459
578.54074
579.71849
578.4521
579.64381
578.53706
575.62959
576.80903
575.71536
576.88262
575.62739
576.8083
575.71174
572.82846
573.99733
572.91358
574.07063
572.8263
573.99667
572.91002
570.05026
571.20886
570.13474
571.28189
570.04813
571.20825
570.13123
567.29434
568.44296
567.37819
568.51573
567.29224
568.44241
567.37474
564.56004
565.69899
564.64328
565.77151
564.55797
565.6985
564.63989
561.84674
562.97631
561.9294
563.04859
561.84471
562.97587
561.92606
559.15383
560.27429
559.2359
560.34635
559.15183
560.27392
559.23263
556.48066
557.5923
556.56216
557.66414
556.47869
557.59198
556.55894
553.82658
554.92969
553.90753
555.00133
553.82464
554.92943
553.90436
551.19097
552.28584
551.27138
552.35728
551.18907
552.28564
551.26827
548.5732
549.66011
548.65308
549.73136
548.57132
549.65996
548.65003
545.97263
547.05187
546.052
547.12294
545.97079
547.05177
546.04901
543.38864
544.46048
543.4675
544.53139
543.38682
544.46044
543.46456
540.82057
541.8853
540.89895
541.95606
540.81878
541.88531
540.89607
538.26779
539.3257
538.3457
539.39632
538.26604
539.32577
538.34287
535.72965
536.78103
535.80711
536.85152
535.72793
536.78116
535.80434
533.20551
534.25066
533.28255
534.32103
533.20382
534.25084
533.27983
530.69473
531.73394
530.77134
531.8042
530.69307
531.73417
530.76868
528.19661
529.2302
528.27283
529.30036
528.19499
529.23048
528.27023
525.71047
526.73876
525.78632
526.80885
525.70888
526.73911
525.78377
523.23553
524.25894
523.31107
524.32897
523.23398
524.25934
523.30858
520.7709
521.79
520.84626
521.85997
520.7694
521.79045
520.84383
518.31545
519.3311
518.39084
519.40106
518.31403
519.33162
518.38846
515.86747
516.88128
515.94333
516.9513
515.86617
516.88185
515.94101
513.42386
514.43915
513.50112
514.50952
513.42283
514.43978
513.49886
510.9789
512.00248
511.05905
512.07419
510.97844
512.00318
511.05684
508.52141
509.56691
508.60504
509.64347
508.52222
509.56767
508.60291
506.03112
507.12319
506.10963
507.21627
506.03485
507.12406
506.10764
503.47748
504.6503
503.4923
504.79709
503.48758
504.65128
503.49069
500.87343
502.10745
500.5251
502.4157
500.89441
502.10847
500.52462
498.63055
499.44245
496.55381
500.17809
498.50246
499.44801
496.41784
498.18404
497.01493
497.2791
498.38867
498.17514
497.16183
497.26933
497.35535
498.30875
497.32832
622.54288
633.399
622.48282
618.2917
621.42039
618.29199
614.74604
616.46097
614.74566
611.43174
612.86608
611.42956
608.22934
609.60546
608.2268
605.09472
606.44831
605.09194
602.01046
603.34483
602.00743
598.96677
600.28259
598.96356
595.95751
597.25618
595.9542
592.9784
594.26198
592.97508
590.02685
591.29706
590.02354
587.10162
588.35951
587.09836
584.20219
585.4483
584.19899
581.32816
582.56279
581.325
578.479
579.7024
578.47589
575.6541
576.86655
575.65104
572.85279
574.05459
572.84977
570.07441
571.26587
570.07144
567.31831
568.49972
567.31538
564.58384
565.7555
564.58095
561.87038
563.03259
561.86754
559.1773
560.33034
559.1745
556.50395
557.64813
556.5012
553.84971
554.98531
553.847
551.21394
552.34126
551.21128
548.59601
549.71533
548.59338
545.99528
547.1069
545.9927
543.41112
544.51533
543.40858
540.84289
541.93998
540.8404
538.28996
539.38022
538.28751
535.75168
536.8354
535.74926
533.2274
534.30489
533.22503
530.71647
531.78803
530.71414
528.21822
529.28416
528.21592
525.73193
526.79259
525.72968
523.25685
524.31263
523.25464
520.79211
521.8435
520.78993
518.33655
519.38433
518.33441
515.88845
516.934
515.88634
513.44465
514.49083
513.44255
510.99872
512.05198
510.99659
508.53565
509.61174
508.53339
506.01719
507.15743
506.01457
503.33252
504.65802
503.32888
500.13247
502.03566
500.12549
494.86074
489.77191
499.2337
494.94631
490.04367
495.23264
492.14059
492.84395
496.03596
495.35567
492.18534
492.85552
495.92984
493.85688
494.21407
495.86001
495.9202
493.85265
494.20723
494.45558
496.08734
494.43991
491.62801
489.79809
491.63101
489.81014
492.13616
490.25681
490.5444
491.96446
492.13532
490.25791
490.54505
492.81658
491.0488
491.25772
492.63862
492.81506
491.04657
491.25576
491.38805
492.95492
491.3852
489.39451
488.15322
489.38813
488.14826
489.56446
488.24159
488.31552
489.47956
489.56466
488.23865
488.31386
489.88648
488.48678
488.55405
489.79804
489.88805
488.48519
488.55341
488.59185
489.9453
488.59294
487.09318
485.91004
487.08996
485.90604
487.12602
485.92715
485.94295
487.10974
487.12668
485.92493
485.94138
487.22498
486.00011
486.01671
487.20389
487.22694
485.99881
486.01601
486.02516
487.23971
486.0258
484.64538
483.43916
484.64455
483.43626
484.66393
483.45891
483.48822
484.6569
484.6649
483.4574
483.48684
484.71914
483.55518
483.57765
484.70929
484.72057
483.55364
483.57638
483.58703
484.72517
483.58688
482.10444
480.81851
482.10397
480.81476
482.17024
480.88883
480.99726
482.14625
482.17146
480.88748
480.99447
482.29963
481.18176
481.2393
482.26672
482.30047
481.17929
481.23719
481.26192
482.31308
481.26191
479.43085
477.86704
479.42875
477.84832
479.62044
478.20713
478.5897
479.59415
479.62033
477.999
478.36048
479.9736
479.03934
479.11886
479.87488
479.97379
479.0274
479.11287
479.15487
480.00609
479.15568
384.1387
384.13685
384.04947
384.10473
384.05697
384.1192
384.22526
384.39328
384.19523
384.36756
385.39431
385.59471
385.36437
385.58131
387.11623
387.53686
387.09749
387.53167
389.14569
389.73479
389.13461
389.73392
391.31675
391.98965
391.30956
391.9907
393.53098
394.23775
393.52561
394.2396
395.74839
396.46463
395.74381
396.4668
397.95241
398.66827
397.94819
398.67055
400.13834
400.84994
400.13429
400.85226
402.30515
403.01129
402.30117
403.0136
404.45347
405.15395
404.44953
405.15625
406.5844
407.27943
406.58048
407.2817
408.69924
409.38918
408.69533
409.39142
410.79931
411.48458
410.79542
411.48681
412.88597
413.56702
412.88209
413.56922
414.96055
415.63783
414.95667
415.64
417.02438
417.69832
417.0205
417.70048
419.07876
419.74982
419.07489
419.75196
421.12499
421.79362
421.12112
421.79573
423.16437
423.83098
423.1605
423.83309
425.19816
425.8632
425.19428
425.86529
427.22762
427.89152
427.22375
427.8936
429.25402
429.9172
429.25013
429.91926
431.27858
431.94147
431.27469
431.94352
433.30254
433.96556
433.29865
433.9676
435.32713
435.9907
435.32323
435.99273
437.35357
438.0181
437.34965
438.02013
439.38307
440.04898
439.37914
440.05099
441.41684
442.08452
441.4129
442.08654
443.45607
444.12594
443.45212
444.12795
445.50194
446.1744
445.49797
446.17641
447.55553
448.23107
447.55155
448.23308
449.61797
450.29719
449.61398
450.29919
451.69073
452.37431
451.6867
452.37631
453.77648
454.46474
453.7724
454.46677
455.88022
456.57179
455.87603
456.574
458.00901
458.699
458.00478
458.70173
460.16486
460.84399
460.16098
460.84769
462.32686
462.99234
462.32426
462.99701
464.39664
465.09094
464.39691
465.09376
466.18674
467.16868
466.19082
467.16046
467.23866
469.30236
467.24935
469.26255
476.48425
467.28992
473.02118
476.52182
467.48381
473.03148
477.83947
477.53441
477.42589
477.42967
477.83536
477.44322
477.42097
477.45708
477.91066
477.46123
384.34081
383.92924
384.3263
383.91092
384.61402
383.91898
383.69744
384.22096
384.70587
383.91179
383.82728
476.53032
476.26471
476.32137
476.02117
476.52421
476.13228
476.31543
476.30869
476.5313
476.31555
383.4426
382.4508
383.41953
382.42653
383.41551
382.38829
382.14075
383.29597
383.54393
382.38074
382.28433
385.35465
381.81294
384.66409
383.70032
385.37805
381.68258
384.66974
387.5277
385.70793
387.24563
386.05903
387.54449
385.70791
387.24738
389.80472
388.56803
389.6717
388.56209
389.81473
388.56724
389.67358
392.08457
391.05151
391.99997
390.98094
392.0912
391.05046
392.00179
394.34066
393.38516
394.27061
393.30859
394.3457
393.38402
394.27235
396.5697
395.64858
396.50399
395.57518
396.574
395.64737
396.50565
398.77354
397.87094
398.70925
397.80056
398.77745
397.86968
398.71083
400.95464
400.06446
400.89104
399.99599
400.95834
400.06314
400.89254
403.11515
402.23468
403.05206
402.1673
403.11868
402.23329
403.05348
405.25688
404.38471
405.19426
404.31799
405.26028
404.38325
405.19561
407.38142
406.51664
407.31927
406.45033
407.3847
406.51512
407.32054
409.49027
408.63215
409.42857
408.56613
409.49344
408.63057
409.42976
411.58485
410.73275
411.52357
410.66693
411.58791
410.7311
411.52468
413.66652
412.81985
413.60564
412.75417
413.66948
412.81813
413.60668
415.73663
414.89481
415.67612
414.82924
415.73949
414.89302
415.67709
417.7965
416.95897
417.73634
416.89346
417.79926
416.95711
417.73723
419.84745
419.01364
419.7876
418.94816
419.85011
419.01172
419.78842
421.89076
421.06012
421.8312
420.99464
421.89332
421.05813
421.83195
423.92772
423.09971
423.86842
423.03419
423.93018
423.09765
423.8691
425.9596
425.13367
425.90053
425.06808
425.96196
425.13155
425.90114
427.98765
427.16327
427.92879
427.09758
427.98992
427.16108
427.92932
430.01313
429.18976
429.95445
429.12394
430.0153
429.18751
429.95491
432.03726
431.21439
431.97874
431.1484
432.03934
431.21207
431.97912
434.06129
433.23839
434.00289
433.17219
434.06328
433.23599
434.00321
436.08643
435.26297
436.02813
435.19654
436.08833
435.26051
436.02838
438.1139
437.28937
438.05567
437.22267
438.1157
437.28684
438.05585
440.14491
439.31878
440.08672
439.25178
440.14662
439.31618
440.08683
442.18066
441.35242
442.12249
441.28508
442.18228
441.34975
442.12253
444.22236
443.39148
444.16416
443.32377
444.22389
443.38874
444.16414
446.27119
445.43717
446.21295
445.36908
446.27264
445.43436
446.21286
448.32838
447.49069
448.27004
447.42225
448.32974
447.48782
448.26988
450.39507
449.55324
450.33659
449.48453
450.39635
449.55029
450.33636
452.4725
451.62584
452.41364
451.55707
452.47373
451.62283
452.41334
454.56232
453.7093
454.50217
453.64058
454.56345
453.70621
454.50181
456.66728
455.80415
456.60341
455.73522
456.6681
455.801
456.60301
458.79261
457.91167
458.72018
457.84139
458.79253
457.90846
458.71978
460.94462
460.03631
460.85891
459.96308
460.94256
460.03308
460.85861
463.12942
462.19222
463.03424
462.11345
463.12455
462.18906
463.03422
465.32235
464.40703
465.26885
464.32586
465.3178
464.40406
465.2691
467.55069
466.7539
467.61834
466.69267
467.55743
466.75102
467.61887
469.65112
469.25522
470.0847
469.32526
469.69954
469.25236
470.08265
472.10426
472.1345
472.8332
472.29858
472.22667
472.1275
472.82343
475.17343
474.74606
475.19768
474.8863
475.31561
474.72975
475.1837
476.01653
475.88254
475.95015
475.85702
476.01166
475.8695
475.94373
475.91264
475.96533
475.9175
381.22526
379.58964
381.20406
379.57477
381.03156
379.35858
379.02536
381.04751
381.02171
379.35241
379.02179
381.16005
378.05314
377.37974
380.54668
381.27158
378.06488
377.42415
384.49557
375.05723
380.20694
384.47706
375.32515
387.18378
385.31442
387.17942
389.68082
388.40918
389.67988
392.03204
390.96007
392.03238
394.31149
393.31683
394.31227
396.54849
395.58954
396.54941
398.75522
397.81615
398.75618
400.93749
400.01173
400.93844
403.09855
402.18306
403.09947
405.2406
404.33375
405.24148
407.36537
406.46612
407.36621
409.47441
408.58197
409.4752
411.56915
410.68283
411.5699
413.65097
412.77014
413.65168
415.72122
414.84528
415.7219
417.78123
416.90959
417.78186
419.8323
418.96438
419.8329
421.87573
421.01096
421.87629
423.91281
423.05061
423.91332
425.94479
425.08461
425.94527
427.97294
427.11422
427.97338
429.99851
429.14069
429.99892
432.02273
431.16528
432.0231
434.04684
433.1892
434.04718
436.07205
435.21369
436.07236
438.09959
437.23996
438.09986
440.13065
439.26923
440.13089
442.16645
441.30269
442.16666
444.20818
443.34155
444.20836
446.25706
445.38702
446.2572
448.31428
447.44033
448.31439
450.38101
449.50266
450.38109
452.45829
451.57507
452.45833
454.54705
453.65825
454.54707
456.64849
455.75252
456.64852
458.76544
457.85883
458.76561
460.9051
459.98212
460.90566
463.08408
462.13858
463.08544
465.33561
464.36741
465.33786
467.72387
466.7529
467.7259
470.28131
469.3752
470.27753
473.01036
472.2708
472.99309
475.30107
474.80254
475.27325
475.98248
475.89214
475.9673
378.11193
376.55297
378.10693
376.55009
377.8147
376.42586
376.22711
377.9726
377.81276
376.42408
376.22512
377.17466
375.73745
375.45837
377.32911
377.17314
375.73834
375.45982
375.00742
376.84683
375.01981
375.11221
373.7644
375.11503
373.76543
374.97253
373.72682
373.66153
375.0588
374.9733
373.72632
373.66016
374.66509
373.49326
373.42033
374.74556
374.66301
373.49187
373.41771
373.33294
374.57225
373.32835
372.40634
371.19365
372.41016
371.19433
372.37353
371.18523
371.16857
372.39748
372.3749
371.18467
371.16746
372.28143
371.11185
371.09552
372.29845
372.28113
371.1105
371.09351
371.07855
372.26124
371.07472
369.8871
368.74867
369.88996
368.74858
369.87274
368.73956
368.71622
369.88558
369.87397
368.73841
368.71484
369.82035
368.64972
368.61901
369.82974
369.82099
368.64851
368.61768
368.599
369.80843
368.59619
367.46882
366.41665
367.47142
366.41667
367.42332
366.39499
366.33443
367.45918
367.42411
366.39295
366.33209
367.30158
366.15204
366.03893
367.32901
367.30236
366.14933
366.03774
365.96652
367.25938
365.96286
365.15524
364.30249
365.1591
364.30328
365.0247
364.2699
364.18141
365.12767
365.02447
364.2639
364.16959
364.74678
363.74596
363.34663
364.77061
364.74203
363.51385
363.13654
362.99158
364.57385
362.97293
363.05492
362.5932
363.0621
362.59742
362.62472
362.57011
362.65356
362.98946
362.57087
362.56524
362.56268
358.06002
352.32821
361.6557
358.06867
352.51938
354.33657
352.27666
354.29298
352.28341
352.28633
351.30377
352.27524
351.30638
350.30256
349.62042
350.30369
349.62024
348.30486
347.6588
348.30877
347.65635
346.24499
345.58906
346.24851
345.58551
344.17714
343.51068
344.17994
343.50677
342.11753
341.44838
342.11985
341.44441
340.07218
339.40477
340.07429
339.40083
338.04002
337.37593
338.04205
337.37201
336.0191
335.35841
336.02111
335.35451
334.00767
333.35001
334.00967
333.34612
332.00436
331.34929
332.00636
331.3454
330.00804
329.35514
330.01003
329.35126
328.01762
327.36653
328.01961
327.36266
326.03206
325.38242
326.03405
325.37855
324.05029
323.40173
324.05228
323.39788
322.07125
321.42341
322.07324
321.41956
320.09385
319.44637
320.09585
319.44253
318.11703
317.46954
318.11903
317.4657
316.1397
315.49183
316.14171
315.48799
314.16077
313.51216
314.16279
313.50832
312.17917
311.52944
312.1812
311.52559
310.19379
309.54256
310.19583
309.53872
308.20354
307.55043
308.20558
307.54659
306.2073
305.55194
306.20936
305.54809
304.20396
303.54597
304.20604
303.54212
302.19239
301.53139
302.19449
301.52753
300.17147
299.50708
300.17358
299.5032
298.14005
297.47187
298.14217
297.46799
296.09697
295.42466
296.09912
295.42076
294.04106
293.36425
294.04322
293.36033
291.9712
291.28966
291.97338
291.28571
289.88608
289.1996
289.88827
289.19561
287.78485
287.09387
287.78703
287.0898
285.66582
284.971
285.66795
284.96679
283.52944
282.83483
283.53148
282.8303
281.37282
280.68467
281.37455
280.67953
279.20389
278.54598
279.2051
278.53938
277.02005
276.42977
277.01969
276.42018
274.88379
274.46718
274.88043
274.45006
272.86786
272.66754
272.85512
272.63772
271.63396
271.47045
271.60904
271.44069
271.37829
271.31943
271.39227
271.32655
271.40836
271.40663
361.68301
361.43106
361.69208
361.4379
361.29197
361.47813
361.35986
361.69338
361.18972
361.47129
361.22766
271.46067
270.98427
271.23166
271.96438
271.46305
271.114
271.22378
271.23921
271.5679
271.22104
361.12436
360.96858
361.13126
360.97394
361.08695
361.09735
360.72121
361.21079
360.96667
361.08852
360.6139
270.54304
269.77617
269.87438
270.77461
270.53442
269.92242
269.86274
269.9315
270.6322
269.90238
361.07601
361.07508
361.06565
361.18268
361.04019
360.23815
360.63327
360.26403
357.5744
357.96162
357.57793
354.57216
355.15229
354.56299
351.99983
352.72145
351.99208
349.6971
350.43687
349.69186
347.57103
348.29559
347.5677
345.50519
346.20681
345.50272
343.46002
344.14622
343.45784
341.4208
342.09778
341.41868
339.38745
340.05903
339.38533
337.36172
338.0295
337.35961
335.34466
336.00929
335.34257
333.33613
333.99793
333.33405
331.33532
331.9946
331.33326
329.3412
329.99828
329.33915
327.35266
328.00791
327.35062
325.36861
326.0224
325.36659
323.38798
324.04069
323.38596
321.4097
322.06169
321.40769
319.4327
320.08435
319.43069
317.45589
318.10757
317.45389
315.47821
316.13029
315.47622
313.49857
314.15142
313.49658
311.51588
312.16987
311.51388
309.52903
310.18455
309.52704
307.53693
308.19435
307.53494
305.53847
306.19817
305.53647
303.53252
304.1949
303.53052
301.51795
302.1834
301.51594
299.49362
300.16254
299.49161
297.45836
298.13116
297.45635
295.41102
296.08813
295.409
293.3503
294.03222
293.34828
291.27503
291.96231
291.27302
289.18346
289.877
289.18147
287.07433
287.7753
287.0724
284.94341
285.65521
284.94162
282.78729
283.51641
282.78582
280.58463
281.35349
280.58404
278.30376
279.16583
278.30519
275.7874
276.91727
275.79438
272.72002
274.53946
272.73948
267.76169
262.06338
271.72478
267.78589
262.26772
267.95364
266.96576
267.00614
267.33267
267.94681
267.02149
267.00345
267.12198
268.09887
267.1059
263.55241
262.15466
263.5779
262.16937
264.13866
262.82479
263.15747
264.0001
264.35072
262.8221
263.14856
265.05181
263.62396
263.81348
264.65354
265.05288
263.61887
263.81058
263.91421
265.18732
263.91026
261.6189
260.54182
261.61388
260.53611
261.87603
260.65806
260.75503
261.73776
261.87786
260.65483
260.75313
262.25295
260.92659
261.00784
262.11295
262.25446
260.92538
261.00733
261.04129
262.30991
261.04211
259.45272
258.30877
259.44888
258.30424
259.50845
258.32544
258.35094
259.47437
259.50919
258.3233
258.34962
259.62866
258.40689
258.43348
259.59061
259.63063
258.40592
258.43301
258.43921
259.64127
258.44
257.04581
255.81985
257.04456
255.81684
257.07457
255.83479
255.8815
257.05318
257.07561
255.83345
255.88041
257.13635
255.93825
255.97548
257.11619
257.13784
255.93699
255.97442
255.97941
257.13826
255.97953
254.51451
253.13569
254.51371
253.13244
254.61434
253.20196
253.36871
254.54162
254.61544
253.20138
253.36781
254.74506
253.51195
253.61521
254.6931
254.74575
253.51012
253.61342
253.625
254.74843
253.62543
251.85529
249.97887
251.85232
249.97261
252.1866
250.25212
250.83892
251.95864
252.18718
250.25309
250.83645
252.50334
251.19447
251.44467
252.37532
252.50284
251.19088
251.44141
251.45605
252.50608
251.4582
157.01798
157.06282
157.02624
157.07372
157.40447
157.57472
157.41371
157.58583
158.53269
158.85821
158.53819
158.86715
160.22308
160.82261
160.22465
160.82835
162.1998
162.99737
162.20042
163.00139
164.33723
165.2218
164.33742
165.22512
166.52665
167.4432
166.52672
167.44621
168.72565
169.6483
168.72565
169.65117
170.91406
171.8336
170.91402
171.83638
173.08623
173.99917
173.08616
174.00189
175.24027
176.1458
175.24017
176.14847
177.37651
178.27464
177.37638
178.27727
179.49579
180.38692
179.49563
180.3895
181.59928
182.4839
181.59909
182.48644
183.68819
184.56686
183.68798
184.56935
185.76381
186.63708
185.76356
186.63952
187.82738
188.69582
187.82711
188.69823
189.8802
190.74436
189.8799
190.74672
191.92352
192.78394
191.92318
192.78627
193.95859
194.81585
193.95822
194.81814
195.98667
196.84132
195.98627
196.84357
198.00902
198.8616
198.00859
198.86381
200.02687
200.87794
200.0264
200.88011
202.04146
202.89157
202.04096
202.8937
204.05404
204.90373
204.0535
204.90582
206.06583
206.91565
206.06527
206.91771
208.07809
208.92858
208.07748
208.9306
210.09202
210.94374
210.09138
210.94573
212.10887
212.96236
212.1082
212.96431
214.12987
214.98568
214.12915
214.98759
216.15624
217.0149
216.15549
217.01678
218.18921
219.05126
218.18842
219.0531
220.22998
221.09596
220.22915
221.09778
222.27977
223.15025
222.2789
223.15203
224.33985
225.21534
224.33894
225.21709
226.41159
227.29253
226.41063
227.29424
228.49647
229.38296
228.49545
229.38462
230.59567
231.48714
230.59454
231.48866
232.70763
233.60291
232.70625
233.60406
234.82011
235.71988
234.81816
235.72007
236.88843
237.80852
236.88548
237.80656
238.7835
239.82797
238.78026
239.82277
240.16385
241.86239
240.17649
241.86458
249.02482
239.99898
244.93374
249.01225
240.26147
245.01338
249.92832
246.39038
248.58587
249.28394
249.92226
246.25072
248.41648
250.5661
249.2556
249.71565
250.32279
250.5633
249.24045
249.70762
249.69949
250.55372
249.70459
157.06714
156.91041
157.05668
156.89295
157.12561
156.8959
156.8778
157.03919
157.1255
156.88976
156.8793
157.5958
157.31318
157.12802
157.41569
157.59299
157.18431
157.02647
158.83217
158.56578
158.30169
158.53491
158.83184
158.47577
158.2561
160.80198
160.20499
160.57432
160.2596
160.8043
160.1737
160.56259
162.95889
162.15363
162.91501
162.24132
162.96203
162.14327
162.91221
165.17687
164.30728
165.20698
164.38465
165.18029
164.30342
165.20701
167.39499
166.50495
167.45234
166.57473
167.39839
166.50312
167.45306
169.59971
168.70894
169.6657
168.77453
169.60307
168.70774
169.66664
171.78502
170.89882
171.85357
170.96278
171.7883
170.89778
171.85449
173.95095
173.0717
174.01987
173.13478
173.95416
173.07066
174.02073
176.09791
175.22586
176.16657
175.28845
176.10104
175.22478
176.16734
178.22709
177.36215
178.29527
177.42432
178.23014
177.36099
178.29595
180.33967
179.48139
180.40735
179.54322
180.34264
179.48015
180.40793
182.43693
181.58482
182.50411
181.64633
182.43982
181.58349
182.50459
184.52014
183.67366
184.58683
183.73489
184.52295
183.67225
184.58722
186.59059
185.7492
186.65682
185.81018
186.59333
185.7477
186.65711
188.64955
187.81269
188.71535
187.87346
188.65221
187.8111
188.71554
190.69827
189.86542
190.76367
189.926
190.70086
189.86374
190.76376
192.73803
191.90864
192.80306
191.96907
192.74055
191.90687
192.80305
194.77009
193.94361
194.83476
194.00392
194.77253
193.94175
194.83466
196.79569
195.97158
196.86004
196.0318
196.79806
195.96963
196.85985
198.81608
197.99381
198.88014
198.05398
198.81837
197.99178
198.87984
200.83251
200.01154
200.8963
200.07168
200.83472
200.00941
200.8959
202.84621
202.026
202.90975
202.08616
202.84835
202.02378
202.90927
204.85842
204.03845
204.92175
204.09865
204.86049
204.03613
204.92117
206.87037
206.0501
206.93352
206.11038
206.87237
206.04769
206.93284
208.88331
208.0622
208.94629
208.12259
208.88524
208.0597
208.94552
210.89846
210.07598
210.9613
210.13652
210.90032
210.07338
210.96044
212.91706
212.09267
212.97979
212.15338
212.91884
212.08997
212.97883
214.94033
214.11349
215.00297
214.17442
214.94204
214.1107
215.00192
216.96949
216.13969
217.03206
216.20087
216.97113
216.1368
217.03091
219.00577
218.17247
219.06829
218.23393
219.00734
218.16949
219.06705
221.05039
220.21305
221.11288
220.27484
221.05189
220.20996
221.11154
223.1046
222.26259
223.16703
222.32481
223.10602
222.25941
223.1656
225.16964
224.32234
225.23186
224.38513
225.17099
224.31905
225.23033
227.24678
226.39358
227.3083
226.45713
227.24805
226.39018
227.30669
229.33709
228.47787
229.39679
228.5422
229.33828
228.47437
229.39522
231.44096
230.57686
231.497
230.64128
231.44203
230.57333
231.49578
233.55619
232.69048
233.60802
232.75272
233.55706
232.68725
233.60758
235.67307
234.81019
235.72857
234.86579
235.6735
234.80805
235.7291
237.7666
236.90697
237.86256
236.94477
237.7661
236.90665
237.86225
239.82049
238.9213
240.07452
238.90765
239.81859
238.92165
240.06481
242.01533
240.82058
242.53055
240.63065
242.01404
240.81303
242.49492
245.67807
242.87943
245.60742
242.3712
245.78472
242.85877
245.65929
249.15832
248.60372
248.76415
248.84387
249.15134
248.47715
248.75727
248.70445
249.13796
248.71146
156.29152
155.68209
156.26916
155.65346
156.28204
155.63215
155.57763
156.19606
156.41868
155.62054
155.72075
248.56533
248.10698
248.40693
248.38838
248.5588
248.0012
248.39805
248.30037
248.50444
248.30573
153.90563
152.9698
153.89011
152.95335
153.04257
152.86106
152.82265
153.75248
153.16477
152.85829
152.8801
157.57125
147.9704
153.6659
157.60577
148.17424
160.38917
158.6016
160.40381
162.7981
161.67906
162.80522
165.08339
164.22249
165.08856
167.31875
166.54462
167.32323
169.5289
168.79058
169.53318
171.71605
170.99321
171.72022
173.883
173.17008
173.88712
176.03063
175.32497
176.0347
178.16036
177.46106
178.16441
180.27341
179.57974
180.27742
182.37108
181.68257
182.37507
184.45465
183.77081
184.45861
186.5254
185.84579
186.52934
188.58462
187.90879
188.58854
190.63356
189.96108
190.63746
192.6735
192.00393
192.67738
194.70569
194.03859
194.70955
196.73138
196.06633
196.73522
198.75181
198.08838
198.75565
200.76824
200.106
200.77206
202.7819
202.12043
202.78571
204.79403
204.1329
204.79783
206.80587
206.14465
206.80966
208.81864
208.15691
208.82242
210.83358
210.17092
210.83736
212.85193
212.18791
212.8557
214.8749
214.2091
214.87867
216.90373
216.23572
216.9075
218.93965
218.26902
218.94341
220.98388
220.31022
220.98765
223.03762
222.36058
223.04139
225.10189
224.42117
225.10566
227.17736
226.49255
227.18112
229.26411
228.57411
229.26779
231.36218
230.66381
231.36564
233.47429
232.76081
233.47731
235.61358
234.87677
235.61617
237.81241
237.05821
237.8156
240.13743
239.41646
240.14559
242.62757
242.06932
242.64813
245.45156
245.0891
245.48526
247.89196
247.53627
247.92341
248.52914
248.40871
248.51342
248.42155
151.07397
149.82423
151.06855
149.81983
150.52796
149.72417
149.5349
150.94025
150.54233
149.7213
149.52993
149.6814
149.07886
148.74646
150.27168
149.89467
149.07057
148.74378
148.07387
149.48232
148.08874
148.23542
146.98162
148.23734
146.98216
148.03613
146.94644
146.86221
148.18138
148.03728
146.94601
146.86119
147.6621
146.69114
146.59102
147.80814
147.66116
146.68954
146.5881
146.47355
147.53749
146.46811
145.58621
144.39291
145.58976
144.39366
145.53323
144.38601
144.35672
145.5778
145.53466
144.38567
144.35595
145.41443
144.29867
144.27063
145.45217
145.41402
144.29762
144.26878
144.253
145.38773
144.24865
143.09387
141.93986
143.09677
141.94008
143.07038
141.93509
141.89577
143.09557
143.07174
141.93425
141.89478
143.00359
141.83579
141.78691
143.02883
143.00431
141.835
141.78584
141.7704
142.99472
141.7675
140.71064
139.58932
140.71317
139.58995
140.65426
139.57808
139.47173
140.70971
140.6551
139.57661
139.47025
140.49625
139.32095
139.15007
140.57348
140.49745
139.32042
139.1498
139.07862
140.46744
139.07542
138.47249
137.42324
138.47578
137.42571
138.34075
137.40877
137.15176
138.47123
138.34032
137.40592
137.14857
137.90825
136.77476
136.17462
138.1428
137.90947
136.77281
136.17583
135.87982
137.7968
135.87336
136.52388
135.67347
136.52953
135.67915
136.29328
135.6839
135.2102
136.53691
136.28866
135.67646
135.19526
135.20745
134.47983
132.22867
135.86504
135.21299
134.31394
132.0909
130.65385
125.46962
134.92567
130.73823
125.74503
127.35349
125.54105
127.35642
125.55476
125.11279
123.96882
125.10784
123.96556
122.86008
121.82697
122.85832
121.82394
120.5001
119.47115
120.50054
119.46917
118.0769
117.03736
118.07836
117.03597
115.62357
114.57474
115.62546
114.57362
113.15343
112.09742
113.15548
112.09641
110.67006
109.60781
110.67219
109.60686
108.17363
107.10523
108.1758
107.10432
105.66338
104.58856
105.6656
104.58768
103.13844
102.05686
103.1407
102.056
100.59803
99.509334
100.60034
99.508511
98.04144
96.945287
98.043793
96.944495
95.467941
94.364016
95.470338
94.363252
92.87683
91.764808
92.879273
91.764073
90.267387
89.146951
90.269876
89.146245
87.638895
86.509705
87.641431
86.509028
84.990622
83.852341
84.993203
83.851692
82.321835
81.17412
82.324461
81.1735
79.63179
78.474308
79.634462
78.473716
76.919744
75.752154
76.922463
75.75159
74.184942
73.006908
74.187709
73.006372
71.426631
70.237789
71.429445
70.237281
68.644038
67.444043
68.646902
67.443562
65.836389
64.624883
65.839301
64.62443
63.002914
61.779526
63.005875
61.779101
60.142814
58.907181
60.145824
58.906784
57.255283
56.007032
57.258343
56.006664
54.33951
53.078257
54.34262
53.077917
51.394659
50.120014
51.397821
50.119702
48.419879
47.131438
48.423092
47.131155
45.414291
44.111643
45.417557
44.111388
42.376994
41.059707
42.380314
41.05948
39.307049
37.974671
39.310423
37.974474
36.203473
34.855534
36.206902
34.855366
33.065227
31.701209
33.068711
31.70107
29.891199
28.510541
29.89474
28.510432
26.680147
25.282184
26.683745
25.282106
23.430663
22.014612
23.43432
22.014565
20.140912
18.705463
20.144625
18.705446
16.80821
15.351353
16.811978
15.351361
13.42717
11.943231
13.430959
11.943284
9.9855972
8.4642718
9.9893887
8.4644762
6.4503259
4.8712686
6.4540454
4.8724338
2.7571807
1.1553279
2.7609214
1.1576454
135.11517
134.69534
135.12414
134.70358
134.91938
134.74677
134.57554
135.13293
134.80005
134.74158
134.4453
127.91374
131.35663
128.50129
131.57119
127.95601
131.4169
128.48384
126.03187
128.05628
126.24086
127.51606
126.03296
128.02359
126.23626
124.10398
125.37687
124.11664
125.10343
124.10188
125.37039
124.12033
121.89047
122.92068
121.84796
122.81362
121.889
122.92375
121.85091
119.5229
120.51186
119.46272
120.44768
119.52191
120.51583
119.46359
117.0887
118.08508
117.02014
118.02402
117.0879
118.08798
117.01991
114.62734
115.63672
114.55549
115.57119
114.62664
115.63873
114.55485
112.15088
113.17061
112.07822
113.10133
112.15025
113.17223
112.07754
109.66171
110.68935
109.58916
110.61794
109.66115
110.69088
109.58852
107.15938
108.19382
107.087
108.12131
107.15888
108.19537
107.0864
104.64294
105.68396
104.57055
105.61081
104.64248
105.68555
104.56999
102.11148
103.15925
102.03894
103.08563
102.11108
103.16088
102.03841
99.564248
100.61904
99.491483
100.54498
99.563901
100.62071
99.490967
97.000517
98.062636
96.927492
97.988148
97.000226
98.064344
96.926996
94.419577
95.489336
94.346259
95.414404
94.419338
95.491079
94.345787
91.820715
92.898439
91.747093
92.823043
91.82053
92.900218
91.746641
89.203214
90.289205
89.129269
90.213342
89.203081
90.291019
89.128841
86.56634
87.660934
86.492054
87.58458
86.56626
87.662783
86.491649
83.909365
85.01289
83.834727
84.936027
83.909337
85.014775
83.834342
81.231549
82.344319
81.156541
82.266945
81.231574
82.34624
81.156179
78.532154
79.654506
78.456759
79.5766
78.532231
79.656463
78.456419
75.81043
76.942691
75.734636
76.864242
75.810561
76.944684
75.734318
73.065625
74.208131
72.989418
74.129123
73.06581
74.210162
72.98912
70.296968
71.450056
70.220331
71.370479
70.297206
71.452124
70.220056
67.503691
68.667714
67.426606
68.587546
67.503985
68.669819
67.426353
64.685019
65.860316
64.607468
65.779548
64.685367
65.86246
64.607236
61.840166
63.027084
61.762133
62.945711
61.840569
63.029267
61.761925
58.968337
60.167234
58.889807
60.085239
58.968797
60.169458
58.88962
56.068721
57.27996
55.989682
57.197328
56.069237
57.282225
55.989519
53.140494
54.364451
53.060932
54.281164
53.141068
54.366758
53.060792
50.182815
51.419869
50.102714
51.335912
50.183446
51.422217
50.102598
47.19482
48.445368
47.114166
48.36072
47.19551
48.447759
47.114074
44.175621
45.440063
44.094395
45.354712
44.176371
45.442498
44.09433
41.124299
42.403061
41.042484
42.316984
41.12511
42.405541
41.042445
38.039896
39.333416
37.957472
39.246597
38.040768
39.335943
37.957463
34.921412
36.230149
34.838357
36.142571
34.922351
36.232727
34.838378
31.767762
33.092225
31.684055
33.003861
31.768767
33.094857
31.684113
28.577804
29.918533
28.493425
29.829363
28.57888
29.921223
28.493525
25.350166
26.707827
25.26507
26.617815
25.351318
26.710581
25.26522
22.083411
23.458731
21.997573
23.367857
22.084645
23.461565
21.99779
18.775032
20.169346
18.688319
20.07753
18.776365
20.172266
18.688631
15.422214
16.837235
15.334667
16.744494
15.423688
16.840304
15.335139
12.015405
13.456762
11.92631
13.362834
12.017151
13.459983
11.92711
8.5424366
10.017821
8.45213
9.9231199
8.5448652
10.021499
8.4538276
4.9597544
6.4869316
4.8619208
6.3905464
4.9641342
6.4911843
4.8656857
1.2969421
2.7912197
1.1901007
2.7060145
1.3006536
2.7984521
1.1941451
134.50574
134.30446
134.51371
134.31176
134.48162
134.39565
134.06405
134.5573
134.35958
134.39003
133.95662
134.44613
134.44465
134.38847
134.50446
134.36478
133.34167
133.81956
133.36879
130.7632
131.23791
130.76881
127.54719
128.19648
127.5404
124.65756
125.46296
124.64952
122.02894
122.87566
122.02339
119.55118
120.39229
119.54742
117.11399
117.94207
117.11089
114.66931
115.49206
114.66631
112.20428
113.02818
112.20125
109.7199
110.54798
109.71682
107.21891
108.05213
107.21582
104.70269
105.54124
104.69961
102.17131
103.01531
102.16824
99.624232
100.47384
99.62117
97.060739
97.916181
97.057683
94.480083
95.341603
94.477032
91.881532
92.749387
91.878485
89.264358
90.138807
89.261315
86.627835
87.509138
86.624795
83.971232
84.859651
83.968196
81.293813
82.18961
81.290778
78.594835
79.498276
78.591802
75.873548
76.784902
75.870517
73.129204
74.048742
73.126174
70.361034
71.289031
70.358005
67.56827
68.505
67.565241
64.750131
65.695876
64.747102
61.905832
62.860878
61.902802
59.034578
59.999214
59.031547
56.135561
57.110082
56.132529
53.207961
54.192665
53.204926
50.250938
51.246132
50.247902
47.263632
48.269629
47.260593
44.245156
45.262279
44.242115
41.194597
42.223178
41.191552
38.110997
39.151387
38.107948
34.99337
36.045928
34.990316
31.84063
32.905757
31.83757
28.651696
29.729777
28.648626
25.425126
26.516712
25.422049
22.159765
23.265253
22.156668
18.852665
19.973309
18.849557
15.502607
16.638753
15.499421
12.097407
13.25468
12.094192
8.6340596
9.8120499
8.6304339
5.0422524
6.2702434
5.0392818
1.3990209
2.5773737
1.3944177
635.56743
623.523
638.22341
623.35079
621.23511
618.19831
621.24873
618.17089
616.2887
614.59245
616.30398
614.57416
612.63467
611.38947
612.64942
611.38199
609.42814
608.32989
609.44225
608.32389
606.31777
605.26778
606.33015
605.26069
603.23709
602.20067
603.24744
602.1915
600.17775
599.14708
600.18632
599.13618
597.14593
596.12138
597.15333
596.10946
594.14558
593.12911
594.15237
593.11681
591.17691
590.16994
591.18346
590.15764
588.23819
587.24118
588.24469
587.22903
585.32737
584.34012
585.33387
584.32815
582.44283
581.46492
582.44934
581.45311
579.58348
578.61452
579.58999
578.60285
576.74857
575.78823
576.75507
575.7767
573.93746
572.9855
573.94396
572.9741
571.14953
570.20573
571.15603
570.19446
568.38417
567.44829
568.39067
567.43716
565.64071
564.71254
565.64722
564.70154
562.91853
561.99782
562.92504
561.98695
560.21699
559.30351
560.22351
559.29277
557.53545
556.62897
557.54198
556.61835
554.87328
553.97357
554.87981
553.96307
552.22984
551.33667
552.23639
551.3263
549.6045
548.71764
549.61106
548.70739
546.99662
546.11585
547.0032
546.10571
544.40558
543.53066
544.41218
543.52064
541.83073
540.96144
541.83735
540.95153
539.27144
538.40754
539.27807
538.39774
536.72706
535.86832
536.73372
535.85863
534.19695
533.34315
534.20363
533.33357
531.68047
530.83137
531.68717
530.82189
529.17696
528.33234
529.18369
528.32296
526.68574
525.84538
526.69249
525.8361
524.20615
523.36985
524.21292
523.36065
521.73746
520.90511
521.74424
520.89598
519.27895
518.45056
519.2857
518.44145
516.82982
516.00585
516.83645
515.99668
514.38921
513.5711
514.39551
513.56167
511.9564
511.14827
511.9619
511.13811
509.5313
508.74318
509.53495
508.73136
507.1178
506.37409
507.11722
506.35853
504.73352
504.08359
504.72396
504.06034
502.44818
501.97428
502.42102
501.93632
500.46526
500.21507
500.41241
500.15511
499.24893
499.05353
499.17806
498.97906
498.93204
498.87978
498.92644
498.87831
498.94683
498.94432
499.06101
498.53633
498.76723
499.58871
499.07349
498.73177
498.7842
498.76821
499.16331
498.76898
621.61757
630.19876
621.20907
633.73156
621.43117
632.79755
620.96636
618.31018
620.20041
617.86597
620.49219
618.29386
620.12197
617.81744
614.85612
616.07754
614.63866
616.39654
614.8524
616.05443
614.62598
611.47952
612.68489
611.41416
612.87924
611.47167
612.67529
611.40883
608.23956
609.49563
608.25635
609.64689
608.23215
609.48972
608.25253
605.08583
606.3666
605.14051
606.49072
605.0802
606.36131
605.13676
601.99019
603.27471
602.06303
603.38029
601.9863
603.26938
602.05922
598.93943
600.21721
599.02113
600.30857
598.93676
600.2119
599.01741
595.92671
597.19298
596.01191
597.27437
595.92474
597.18783
596.00839
592.94645
594.19995
593.03243
594.27554
592.94476
594.195
593.0291
589.9947
591.2358
590.08051
591.30856
589.99308
591.23102
590.07731
587.06958
588.29886
587.15498
588.37039
587.06796
588.2942
587.15189
584.17034
585.38816
584.25527
585.45914
584.16874
585.38362
584.25228
581.29652
582.50312
581.38094
582.57375
581.29496
582.49868
581.37803
578.44762
579.64318
578.53147
579.71349
578.44611
579.63884
578.52865
575.62301
576.80775
575.70624
576.87776
575.62156
576.80351
575.70351
572.82201
573.99619
572.90461
574.06591
572.82061
573.99205
572.90197
570.04395
571.20785
570.12592
571.27731
570.04259
571.20381
570.12337
567.28815
568.44208
567.36951
568.5113
567.28684
568.43814
567.36705
564.55398
565.69824
564.63475
565.76722
564.55272
565.69439
564.63238
561.84082
562.97568
561.92102
563.04443
561.8396
562.97194
561.91873
559.14803
560.2738
559.22767
560.34233
559.14686
560.27015
559.22547
556.47499
557.59193
556.55407
557.66025
556.47386
557.58838
556.55195
553.82104
554.92945
553.89958
554.99758
553.81996
554.92599
553.89755
551.18556
552.28573
551.26358
552.35367
551.18453
552.28236
551.26164
548.56791
549.66013
548.64542
549.72788
548.56692
549.65685
548.64357
545.96747
547.05201
546.04448
547.1196
545.96653
547.04883
546.04272
543.3836
544.46074
543.46013
544.52818
543.38271
544.45766
543.45845
540.81565
541.88569
540.89171
541.95299
540.81481
541.8827
540.89012
538.263
539.32622
538.3386
539.39338
538.2622
539.32332
538.33709
535.72499
536.78168
535.80015
536.84872
535.72423
536.77887
535.79874
533.20098
534.25143
533.27573
534.31837
533.20027
534.24872
533.2744
530.69032
531.73484
530.76467
531.80167
530.68966
531.73222
530.76342
528.19233
529.23122
528.2663
529.29797
528.19172
529.2287
528.26514
525.70631
526.73992
525.77993
526.8066
525.70575
526.73749
525.77886
523.2315
524.26023
523.30482
524.32686
523.231
524.25789
523.30385
520.76701
521.79141
520.84015
521.85801
520.76659
521.78917
520.83926
518.31172
519.33265
518.38487
519.39927
518.3114
519.33051
518.38407
515.86391
516.88295
515.9375
516.94969
515.86377
516.8809
515.93678
513.42055
514.44093
513.49541
514.50814
513.42075
514.43896
513.49476
510.97602
512.00434
511.05344
512.07316
510.97694
512.00245
511.05282
508.5193
509.56878
508.59953
509.643
508.52185
509.5669
508.59883
506.03057
507.12491
506.10424
507.21692
506.03683
507.12295
506.10319
503.4799
504.65135
503.4873
504.79985
503.49456
504.649
503.48502
500.87867
502.10598
500.52214
502.42243
500.90983
502.10196
500.51313
498.63217
499.4394
496.59876
500.18908
498.49292
499.42846
496.38252
498.17615
496.99621
497.26896
498.42612
498.199
497.21331
497.29497
497.31769
498.30261
497.32456
622.3958
637.78266
622.35433
618.29101
621.47809
618.2998
614.74404
616.47708
614.74689
611.42646
612.87196
611.42573
608.22311
609.60751
608.2202
605.08784
606.44809
605.08374
602.00306
603.3434
601.99846
598.95909
600.28067
598.9544
595.94973
597.25423
595.94513
592.97066
594.26015
592.96618
590.0192
591.29538
590.01483
587.09409
588.35797
587.08981
584.19479
585.44687
584.19059
581.32087
582.56147
581.31675
578.47182
579.7012
578.46779
575.64704
576.86546
575.64308
572.84584
574.05361
572.84196
570.06757
571.26499
570.06377
567.31157
568.49895
567.30785
564.57722
565.75484
564.57357
561.86387
563.03204
561.8603
559.17089
560.3299
559.1674
556.49765
557.6478
556.49424
553.84351
554.98508
553.84017
551.20785
552.34114
551.20458
548.59002
549.71532
548.58683
545.98939
547.10699
545.98627
543.40534
544.51553
543.40229
540.83721
541.94029
540.83424
538.28438
539.38063
538.28147
535.7462
536.83592
535.74336
533.22202
534.30551
533.21926
530.71119
531.78876
530.7085
528.21303
529.28499
528.21041
525.72684
526.79354
525.72429
523.25186
524.31368
523.24938
520.78721
521.84465
520.78479
518.33174
519.38557
518.32936
515.88371
516.93529
515.88134
513.43994
514.49209
513.43751
510.99394
512.05302
510.99127
508.53057
509.6121
508.52721
506.01116
507.15585
506.00579
503.32344
504.65074
503.31147
500.10932
502.00825
500.06512
494.97724
490.22131
499.04861
494.94033
490.25534
495.20375
492.1843
492.85239
496.05848
495.43361
492.1364
492.83524
495.92444
493.85456
494.21311
495.86548
495.94568
493.86239
494.22883
494.43996
496.09101
494.45761
491.60523
489.80717
491.56657
489.77234
492.12585
490.25076
490.54313
491.91068
492.11391
490.23253
490.53456
492.81914
491.0466
491.25867
492.64026
492.82918
491.04808
491.26484
491.38917
492.97201
491.40184
489.37545
488.14318
489.35832
488.13387
489.56174
488.23627
488.31278
489.46458
489.55721
488.2338
488.31122
489.89017
488.48456
488.55392
489.79801
489.89282
488.48499
488.55531
488.59551
489.95738
488.60067
487.08627
485.90328
487.08189
485.901
487.12662
485.92389
485.94062
487.10797
487.12579
485.92427
485.94071
487.22798
485.99795
486.01547
487.20388
487.22772
485.99805
486.01546
486.02651
487.24493
486.02818
484.6434
483.43371
484.64116
483.4311
484.66535
483.45636
483.48586
484.65656
484.66474
483.45618
483.48567
484.72118
483.55247
483.57543
484.70904
484.7204
483.5525
483.57549
483.58697
484.72785
483.5885
482.10198
480.80991
482.09697
480.80133
482.17208
480.88763
480.99412
482.14446
482.17094
480.88357
480.99091
482.30115
481.17755
481.23595
482.26653
482.30072
481.17789
481.23665
481.26258
482.31714
481.26607
479.42106
477.83356
479.4049
477.78942
479.62656
478.26608
478.6208
479.58856
479.62343
477.89645
478.25583
479.97534
479.02841
479.11179
479.87578
479.97589
479.02596
479.11187
479.15797
480.01571
479.1656
384.13882
384.14127
384.06559
384.12616
384.06975
384.12577
384.25939
384.43895
384.18639
384.36874
385.4062
385.63766
385.34746
385.58559
387.11656
387.56451
387.0797
387.53798
389.14175
389.75336
389.11941
389.74405
391.31174
392.00408
391.29699
392.00342
393.5259
394.25039
393.51485
394.25372
395.74336
396.47647
395.73402
396.48148
397.94743
398.67969
397.93888
398.68538
400.13338
400.86111
400.12518
400.86703
402.30017
403.02226
402.29213
403.02823
404.44847
405.16476
404.4405
405.17068
406.57937
407.29009
406.57142
407.29592
408.69417
409.39969
408.68622
409.40543
410.7942
411.49496
410.78624
411.50061
412.88081
413.57726
412.87283
413.58282
414.95534
415.64794
414.94734
415.65341
417.01911
417.70832
417.01109
417.7137
419.07343
419.7597
419.06538
419.765
421.1196
421.80338
421.11151
421.8086
423.15891
423.84064
423.15078
423.84578
425.19263
425.87276
425.18446
425.87783
427.22202
427.90098
427.2138
427.90598
429.24833
429.92656
429.24007
429.9315
431.27281
431.95074
431.26449
431.95561
433.29669
433.97474
433.28831
433.97956
435.3212
435.9998
435.31275
436.00456
437.34754
438.02712
437.33903
438.03183
439.37694
440.05791
439.36836
440.06258
441.41061
442.09339
441.40195
442.09801
443.44975
444.13474
443.44101
444.13932
445.4955
446.18313
445.48668
446.18768
447.54899
448.23973
447.54009
448.24425
449.61133
450.3058
449.60233
450.31027
451.68402
452.38292
451.67488
452.38735
453.7697
454.47349
453.76043
454.47792
455.87328
456.5809
455.86404
456.58558
458.0015
458.70853
457.99298
458.71412
460.15585
460.853
460.14964
460.86079
462.31487
462.99747
462.3129
463.00862
464.38173
465.0842
464.38472
465.09756
466.1753
467.1386
466.17059
467.14332
467.27398
469.25697
467.23517
469.2457
476.38827
467.76649
473.05074
476.42837
467.7198
473.07582
477.84037
477.50658
477.42286
477.38019
477.84005
477.37004
477.42734
477.46676
477.93185
477.47657
384.31916
383.90338
384.32414
383.90578
384.56895
383.91215
383.71083
384.24265
384.75356
383.93173
383.90164
476.52839
476.26297
476.31843
475.95606
476.52958
476.04536
476.3213
476.32312
476.55233
476.33046
383.40903
382.41691
383.41509
382.42283
383.37445
382.38132
382.12748
383.32277
383.58588
382.40664
382.339
385.33381
381.85742
384.66269
383.69654
385.39435
381.65053
384.65457
387.52206
385.70681
387.24628
386.07961
387.55603
385.70003
387.24418
389.8049
388.56526
389.67495
388.57389
389.82223
388.56469
389.67427
392.08707
391.04846
392.0039
390.98776
392.0966
391.04898
392.00354
394.34393
393.38204
394.27468
393.31305
394.34999
393.38284
394.27437
396.57315
395.64537
396.50801
395.57852
396.57768
395.64622
396.50766
398.77693
397.86763
398.71313
397.80328
398.78072
397.86842
398.7127
400.95788
400.06102
400.89476
399.99831
400.96128
400.06171
400.89422
403.11821
402.2311
403.05559
402.16931
403.12135
402.23167
403.05494
405.25973
404.38098
405.19761
404.31973
405.26268
404.38143
405.19685
407.38407
406.51275
407.32243
406.45182
407.38685
406.51309
407.32155
409.49272
408.62811
409.43154
408.56737
409.49534
408.62832
409.43054
411.58709
410.72855
411.52635
410.66793
411.58957
410.72864
411.52524
413.66856
412.81549
413.60824
412.75494
413.6709
412.81546
413.60702
415.73848
414.89029
415.67854
414.82977
415.74067
414.89015
415.6772
417.79815
416.95429
417.73857
416.89376
417.8002
416.95403
417.73713
419.84891
419.0088
419.78966
418.94823
419.85082
419.00842
419.7881
421.89203
421.05513
421.83309
420.99448
421.8938
421.05463
421.83141
423.9288
423.09456
423.87013
423.0338
423.93043
423.09394
423.86835
425.96049
425.12836
425.90207
425.06747
425.96198
425.12763
425.90017
427.98836
427.1578
427.93016
427.09674
427.98971
427.15696
427.92815
430.01365
429.18413
429.95564
429.12287
430.01487
429.18318
429.95353
432.0376
431.2086
431.97976
431.14711
432.03868
431.20753
431.97754
434.06145
433.23243
434.00375
433.17067
434.0624
433.23125
434.00141
436.08641
435.25685
436.02883
435.1948
436.08723
435.25556
436.02638
438.1137
437.28308
438.0562
437.22071
438.11438
437.28169
438.05364
440.14453
439.31233
440.08709
439.2496
440.14507
439.31082
440.08442
442.1801
441.3458
442.12269
441.28268
442.18051
441.34418
442.11991
444.22163
443.38469
444.16421
443.32115
444.2219
443.38297
444.16132
446.27029
445.43021
446.21284
445.36623
446.27043
445.42838
446.20984
448.32731
447.48357
448.26978
447.41917
448.32731
447.48163
448.26666
450.39384
449.54594
450.33616
449.48123
450.39371
449.5439
450.33294
452.47109
451.61838
452.41306
451.55354
452.47087
451.61623
452.40972
454.56062
453.70166
454.50142
453.63686
454.56035
453.6994
454.49796
456.66505
455.79633
456.60251
455.73136
456.66464
455.79392
456.59887
458.78949
457.90364
458.71916
457.83746
458.78852
457.90099
458.71526
460.94059
460.02813
460.85799
459.95897
460.93782
460.02514
460.85379
463.12589
462.18411
463.03391
462.10875
463.11898
462.18085
463.02965
465.32602
464.39952
465.26972
464.31792
465.31242
464.39658
465.26622
467.5705
466.74752
467.62121
466.67749
467.55387
466.74674
467.6206
469.69747
469.25096
470.08665
469.28622
469.69856
469.25607
470.09177
472.1503
472.12485
472.82467
472.25846
472.24535
472.1397
472.83829
475.13409
474.72232
475.18028
474.923
475.36977
474.74335
475.1974
476.00994
475.86679
475.94165
475.86986
476.01381
475.87405
475.94343
475.92092
475.97714
475.92337
381.19705
379.57472
381.20679
379.59124
381.01096
379.35833
379.02421
381.07251
381.02785
379.37351
379.03234
381.09162
378.06245
377.42415
380.6275
381.29781
378.04673
377.37868
384.41054
375.50161
380.20445
384.29346
375.5381
387.16905
385.25569
387.15332
389.67758
388.39301
389.67355
392.03246
390.95236
392.03159
394.31314
393.31166
394.31332
396.55055
395.58523
396.55109
398.75738
397.81212
398.75803
400.93963
400.00777
400.94028
403.10062
402.17906
403.10123
405.24257
404.32968
405.24312
407.36724
406.46196
407.36772
409.47617
408.5777
409.47658
411.57081
410.67845
411.57114
413.65253
412.76566
413.65278
415.72268
414.84069
415.72286
417.78258
416.90488
417.7827
419.83356
418.95956
419.8336
421.87689
421.00602
421.87686
423.91387
423.04556
423.91377
425.94576
425.07944
425.94559
427.97382
427.10893
427.97358
429.99929
429.13529
429.99898
432.02342
431.15975
432.02305
434.04744
433.18356
434.047
436.07257
435.20792
436.07206
438.10002
437.23407
438.09944
440.131
439.26321
440.13035
442.16671
441.29654
442.166
444.20836
443.33528
444.20758
446.25716
445.38062
446.25632
448.3143
447.4338
448.31339
450.38094
449.49601
450.37997
452.45813
451.56828
452.4571
454.54681
453.65132
454.5457
456.64819
455.74542
456.64698
458.76526
457.85158
458.76394
460.90549
459.97488
460.90419
463.08598
462.13193
463.0853
465.34
464.36302
465.34149
467.73057
466.75284
467.73697
470.28282
469.38286
470.29561
472.99137
472.27214
473.0021
475.25985
474.78588
475.26032
475.95681
475.87167
475.94977
378.10963
376.55387
378.12309
376.56615
377.81147
376.42712
376.22546
377.9866
377.81513
376.43336
376.2273
377.15081
375.73683
375.45318
377.30946
377.12184
375.72888
375.43565
375.01744
376.78556
374.98374
375.11947
373.76799
375.12693
373.77318
374.97328
373.72702
373.6598
375.06396
374.97392
373.72866
373.66053
374.6563
373.49107
373.41558
374.73889
374.64877
373.48979
373.41331
373.32355
374.54356
373.31453
372.41316
371.19511
372.41552
371.19688
372.37549
371.1843
371.16683
372.3987
372.37542
371.1845
371.16718
372.28039
371.10997
371.0927
372.29809
372.27981
371.11031
371.09329
371.0721
372.25359
371.06997
369.89195
368.74874
369.89281
368.75033
369.87456
368.73759
368.71385
369.88573
369.87416
368.7378
368.71408
369.82128
368.64773
368.61683
369.83006
369.82108
368.64776
368.61685
368.59375
369.80529
368.59123
367.4738
366.41739
367.47559
366.42089
367.42463
366.3918
366.33051
367.45967
367.42425
366.39261
366.33099
367.30219
366.14911
366.03807
367.32888
367.30092
366.14607
366.03412
365.95807
367.2525
365.94943
365.16381
364.3056
365.16874
364.31313
365.02615
364.26287
364.17085
365.12993
365.02561
364.26303
364.16851
364.74194
363.77648
363.40635
364.77411
364.73661
363.40904
363.03408
362.95827
364.54976
362.9134
363.07251
362.60309
363.08309
362.61266
362.65766
362.56722
362.62694
362.99416
362.52095
362.57178
362.48957
358.09431
352.80799
361.56209
358.11252
352.7499
354.29486
352.31545
354.2684
352.26156
352.25682
351.29539
352.25335
351.28303
350.29494
349.60698
350.30408
349.60657
348.30877
347.64742
348.31859
347.64494
346.25309
345.58026
346.26085
345.57472
344.18615
343.50328
344.19218
343.49574
342.1264
341.44156
342.13149
341.43318
340.08082
339.39816
340.08553
339.38954
338.04855
337.36942
338.05313
337.36078
336.02763
335.35199
336.03217
335.3434
334.01624
333.34368
334.02077
333.33513
332.01299
331.34306
332.01752
331.33456
330.01673
329.34901
330.02126
329.34055
328.02637
327.36049
328.03093
327.35209
326.04088
325.37646
326.04545
325.3681
324.05918
323.39587
324.06378
323.38755
322.08021
321.41763
322.08483
321.40935
320.10289
319.44067
320.10754
319.43242
318.12614
317.46391
318.13083
317.4557
316.14889
315.48627
316.15362
315.47809
314.17005
313.50666
314.17483
313.49852
312.18854
311.524
312.19336
311.51588
310.20325
309.53719
310.20812
309.52909
308.21309
307.54512
308.21801
307.53703
306.21695
305.54668
306.22193
305.53861
304.21371
303.54076
304.21875
303.5327
302.20226
301.52622
302.20736
301.51817
300.18145
299.50195
300.18661
299.4939
298.15013
297.46678
298.15537
297.45873
296.10718
295.4196
296.11248
295.41154
294.05139
293.35923
294.05675
293.35114
291.98167
291.28467
291.98707
291.27652
289.8967
289.19464
289.9021
289.1864
287.79565
287.08891
287.80097
287.08048
285.67686
284.96608
285.68192
284.9573
283.54084
282.82983
283.54529
282.82035
281.38491
280.67983
281.38796
280.66895
279.21733
278.54085
279.21741
278.52722
277.03684
276.42586
277.03022
276.40643
274.90804
274.46367
274.88756
274.43271
272.91078
272.6786
272.85875
272.61994
271.68068
271.50469
271.61188
271.43287
271.39871
271.3348
271.39824
271.33922
271.40851
271.41139
361.70355
361.44569
361.71228
361.45185
361.34167
361.47466
361.36224
361.69922
361.12459
361.47777
361.14627
271.46822
270.99969
271.22304
272.01082
271.48416
271.18871
271.24234
271.21298
271.566
271.2152
361.13797
360.97893
361.13978
360.97749
361.10423
361.08899
360.75544
361.21505
360.90679
361.08847
360.56003
270.53702
269.73872
269.8607
270.83012
270.56213
269.97397
269.88682
269.8878
270.62745
269.89312
361.07344
361.071
361.03209
361.17211
361.03688
360.16474
360.6304
360.24304
357.5233
357.98661
357.5646
354.55321
355.17961
354.54834
351.99271
352.74151
351.9787
349.69109
350.44789
349.67661
347.56322
348.30294
347.55191
345.49576
346.21344
345.4873
343.4498
344.15337
343.443
341.41036
342.10559
341.40437
339.37704
340.0673
339.3714
337.35143
338.03805
337.34596
335.3345
336.018
335.32914
333.32607
334.00675
333.32081
331.32537
332.00352
331.32019
329.33134
330.0073
329.32625
327.34289
328.01704
327.33787
325.35893
326.03164
325.35398
323.37839
324.05004
323.3735
321.40019
322.07116
321.39536
319.42326
320.09393
319.41849
317.44653
318.11729
317.44182
315.46892
316.14014
315.46426
313.48935
314.1614
313.48473
311.50672
312.18
311.50215
309.51993
310.19482
309.5154
307.52789
308.20478
307.5234
305.52948
306.20876
305.52502
303.52359
304.20565
303.51915
301.50906
302.19433
301.50466
299.48478
300.17365
299.48041
297.44957
298.14246
297.44522
295.40226
296.09963
295.39794
293.34158
294.04394
293.3373
291.26634
291.97425
291.26212
289.17482
289.8892
289.17068
287.0657
287.78781
287.06174
284.93484
285.66813
284.93121
282.77864
283.52984
282.77564
280.57605
281.36768
280.57425
278.29406
279.18064
278.29447
275.77491
276.93193
275.77883
272.68697
274.54536
272.68501
267.80523
262.55077
271.60901
267.84338
262.5073
267.95106
266.90174
267.00414
267.35486
267.96924
266.99133
267.02395
267.10041
268.11133
267.1124
263.55911
262.1622
263.52505
262.11589
264.0968
262.79788
263.12726
264.08976
264.46541
262.77806
263.11738
265.05814
263.61501
263.81161
264.66668
265.07007
263.61765
263.81864
263.91213
265.20437
263.92357
261.60059
260.52893
261.57835
260.51654
261.87681
260.65113
260.75123
261.72375
261.87485
260.64804
260.74984
262.25765
260.92482
261.00788
262.11528
262.26102
260.92603
261.01013
261.04439
262.32273
261.04986
259.44465
258.30099
259.43906
258.29837
259.50946
258.32239
258.34904
259.47266
259.50881
258.3231
258.34947
259.63213
258.40542
258.43272
259.59158
259.63241
258.40594
258.43313
258.4409
259.64721
258.44281
257.04317
255.81445
257.04097
255.81202
257.07614
255.83286
255.87981
257.05344
257.07584
255.83303
255.87987
257.1385
255.93632
255.97375
257.11637
257.13793
255.9365
255.97388
255.97997
257.14104
255.98141
254.51121
253.12823
254.50646
253.11966
254.61539
253.20099
253.36717
254.5402
254.61445
253.1995
253.36642
254.74588
253.50948
253.61269
254.69263
254.74544
253.50969
253.61318
253.62683
254.7516
253.6298
251.84262
249.95761
251.82585
249.91764
252.18579
250.25422
250.83608
251.95277
252.1841
250.24622
250.83302
252.5024
251.19059
251.4406
252.37441
252.50264
251.19152
251.44209
251.46213
252.51238
251.46833
157.03645
157.08621
157.04854
157.09858
157.42543
157.60103
157.4382
157.61376
158.54548
158.88019
158.55684
158.89151
160.22699
160.83662
160.23319
160.8433
162.20144
163.00709
162.20493
163.0121
164.33795
165.22966
164.34003
165.23385
166.52713
167.45024
166.52869
167.45413
168.72597
169.65496
168.72725
169.65866
170.91429
171.84004
170.91544
171.84362
173.08638
174.00547
173.08744
174.00895
175.24034
176.15197
175.24134
176.15538
177.37651
178.2807
177.37744
178.28403
179.49572
180.39287
179.49659
180.39613
181.59913
182.48974
181.59995
182.49293
183.68797
184.57259
183.68873
184.57571
185.76351
186.6427
185.76421
186.64575
187.82701
188.70135
187.82766
188.70433
189.87975
190.74978
189.88034
190.75269
191.92299
192.78927
191.92352
192.79212
193.95799
194.82108
193.95845
194.82386
195.98599
196.84645
195.9864
196.84917
198.00825
198.86664
198.0086
198.86929
200.02602
200.88288
200.0263
200.88546
202.04052
202.89642
202.04075
202.89893
204.05302
204.90849
204.05318
204.91094
206.06473
206.92032
206.06482
206.92271
208.07689
208.93316
208.07692
208.93548
210.09073
210.94823
210.0907
210.95049
212.10749
212.96676
212.10739
212.96895
214.12839
214.98999
214.12823
214.99212
216.15467
217.01913
216.15444
217.02119
218.18754
219.0554
218.18723
219.05739
220.22822
221.10002
220.22784
221.10195
222.27791
223.15422
222.27745
223.15608
224.33789
225.21923
224.33735
225.22103
226.40951
227.29633
226.4089
227.29806
228.49426
229.38666
228.49359
229.38834
230.59326
231.49062
230.59253
231.49225
232.70479
233.60577
232.70399
233.6073
234.81636
235.72094
234.81528
235.72195
236.88286
237.80465
236.88038
237.80311
238.77591
239.81242
238.76686
239.80042
240.17487
241.84125
240.14296
241.81148
248.95029
240.43388
245.04041
248.83276
240.46729
245.00313
249.91799
246.43872
248.58505
249.26577
249.91428
246.21675
248.37532
250.56228
249.24415
249.70655
250.32159
250.56407
249.24481
249.70873
249.71223
250.56573
249.72206
157.05277
156.88489
157.05376
156.88479
157.13099
156.89498
156.88998
157.057
157.14426
156.91035
156.9089
157.60217
157.32348
157.18778
157.43492
157.60909
157.10904
156.97059
158.83982
158.54756
158.3574
158.54911
158.84433
158.40949
158.22104
160.81083
160.19615
160.59963
160.26817
160.81491
160.15171
160.55731
162.96791
162.15262
162.92755
162.24784
162.97148
162.1393
162.9145
165.18584
164.30848
165.21522
164.39023
165.18907
164.30523
165.21161
167.40369
166.5069
167.45884
166.57989
167.40672
166.50656
167.45791
169.6082
168.71102
169.67154
168.77939
169.61107
168.71161
169.67147
171.79329
170.90086
171.85903
170.96739
171.79602
170.90161
171.8591
173.95902
173.0736
174.02507
173.13915
173.96162
173.07434
174.02513
176.10578
175.22761
176.17155
175.2926
176.10826
175.22824
176.1715
178.23476
177.36372
178.30005
177.42826
178.23713
177.36423
178.29988
180.34715
179.48279
180.41192
179.54693
180.3494
179.48315
180.41161
182.44421
181.58604
182.50848
181.64983
182.44635
181.58627
182.50803
184.52724
183.67471
184.59101
183.73818
184.52926
183.67479
184.59043
186.5975
185.75007
186.6608
185.81326
186.59941
185.75001
186.66008
188.65628
187.81338
188.71914
187.87632
188.65806
187.81318
188.71828
190.70482
189.86593
190.76727
189.92866
190.70649
189.86559
190.76627
192.7444
191.90897
192.80646
191.97151
192.74596
191.9085
192.80532
194.77628
193.94377
194.83798
194.00615
194.77772
193.94315
194.8367
196.8017
195.97156
196.86307
196.03382
196.80303
195.9708
196.86165
198.82191
197.99361
198.88297
198.05579
198.82313
197.99271
198.88142
200.83816
200.01116
200.89894
200.07328
200.83926
200.01011
200.89725
202.85168
202.02544
202.91221
202.08754
202.85267
202.02426
202.91038
204.86372
204.0377
204.92402
204.09982
204.8646
204.03638
204.92205
206.87551
206.04917
206.93561
206.11134
206.87626
206.04771
206.93349
208.88827
208.06109
208.9482
208.12334
208.88891
208.05949
208.94594
210.90325
210.07468
210.96302
210.13704
210.90378
210.07294
210.96063
212.92167
212.09118
212.98132
212.1537
212.92208
212.0893
212.97879
214.94477
214.11182
215.00433
214.17452
214.94506
214.10979
215.00164
216.97376
216.13783
217.03323
216.20074
216.97393
216.13566
217.03041
219.00987
218.17042
219.06928
218.23359
219.00993
218.16811
219.06632
221.05433
220.2108
221.11368
220.27427
221.05426
220.20835
221.11058
223.10837
222.26016
223.16765
222.32402
223.10817
222.25757
223.16439
225.17323
224.31972
225.2323
224.38411
225.17292
224.31697
225.2289
227.2502
226.39078
227.30863
226.45588
227.24977
226.38786
227.30505
229.34034
228.47485
229.39713
228.54075
229.33982
228.47177
229.39343
231.44401
230.57348
231.49758
230.63968
231.44344
230.57044
231.49396
233.55891
232.68647
233.60872
232.75107
233.55838
232.68411
233.60589
235.67499
234.80533
235.72816
234.86418
235.67451
234.80517
235.72753
237.76615
236.90136
237.8568
236.94256
237.76465
236.90503
237.85941
239.81329
238.91725
240.05295
238.90053
239.8052
238.92286
240.0551
241.99451
240.82107
242.48202
240.60355
241.96555
240.81332
242.46869
245.61933
242.8997
245.54035
242.31751
245.80837
242.85669
245.72372
249.15564
248.61499
248.76109
248.76943
249.15614
248.41043
248.76375
248.71984
249.15476
248.72524
156.25983
155.63825
156.26337
155.64213
156.24573
155.61787
155.53842
156.22199
156.48452
155.64273
155.77333
248.56137
248.13572
248.39858
248.32884
248.5625
247.94832
248.39791
248.31079
248.51281
248.3099
153.88933
152.94723
153.90074
152.95817
153.0879
152.85885
152.76034
153.77435
153.18817
152.8786
152.85274
157.45226
148.4586
153.72374
157.48824
148.41381
160.36583
158.54269
160.40509
162.79579
161.66012
162.81705
165.08801
164.2093
165.10166
167.32534
166.53337
167.33667
169.53608
168.7795
169.54634
171.72329
170.98223
171.73314
173.89017
173.15903
173.89977
176.03767
175.31388
176.0471
178.16728
177.44989
178.17656
180.28019
179.56851
180.28935
182.37772
181.67126
182.38676
184.46116
183.75942
184.47008
186.53179
185.83431
186.5406
188.59088
187.89722
188.59959
190.6397
189.94941
190.64831
192.67952
191.99215
192.68804
194.7116
194.02671
194.72002
196.73718
196.05432
196.7455
198.75751
198.07625
198.76575
200.77383
200.09373
200.78199
202.78739
202.10802
202.79547
204.79943
204.12034
204.80743
206.81117
206.13193
206.8191
208.82385
208.14404
208.83172
210.83871
210.15788
210.84651
212.85697
212.17469
212.8647
214.87986
214.19569
214.88754
216.90861
216.22212
216.91623
218.94446
218.25522
218.95202
220.98862
220.29622
220.99614
223.04229
222.34635
223.04975
225.10647
224.40671
225.11388
227.18179
226.47783
227.18913
229.26831
228.55906
229.27546
231.36613
230.64833
231.37279
233.4785
232.74489
233.4841
235.61993
234.86066
235.62393
237.82454
237.04303
237.82787
240.15937
239.4032
240.1672
242.6548
242.06022
242.67948
245.45119
245.06815
245.50215
247.84158
247.52285
247.92594
248.50375
248.40355
248.50267
248.41781
151.07245
149.82137
151.08446
149.83252
150.5467
149.72256
149.52645
150.95777
150.55612
149.73001
149.52968
149.63625
149.05016
148.71988
150.38554
149.98452
149.0411
148.70059
148.0818
149.43091
148.03571
148.2423
146.9844
148.24998
146.99004
148.03909
146.94682
146.86099
148.18865
148.04051
146.94952
146.86267
147.6551
146.68801
146.58474
147.80593
147.64796
146.68705
146.582
146.46115
147.50249
146.44891
145.59314
144.3947
145.59603
144.39691
145.53587
144.38568
144.3558
145.58027
145.53638
144.38652
144.35676
145.41352
144.29739
144.26821
145.45253
145.41296
144.29824
144.26926
144.24559
145.37825
144.24312
143.0989
141.94077
143.10004
141.94257
143.07263
141.93395
141.89453
143.09639
143.07274
141.93455
141.89523
143.00494
141.83483
141.78565
143.02987
143.0053
141.8354
141.78628
141.7653
142.99145
141.76303
140.71527
139.59174
140.71703
139.59525
140.65556
139.5764
139.47018
140.71034
140.65567
139.57752
139.47109
140.49756
139.32039
139.14993
140.57353
140.49696
139.32033
139.14906
139.07137
140.46042
139.06278
138.4791
137.43032
138.48319
137.43749
138.34009
137.40592
137.14911
138.4724
138.34089
137.40845
137.15118
137.90742
136.77338
136.17768
138.14115
137.90482
136.77139
136.17062
135.85824
137.76997
135.81712
136.53573
135.68805
136.54362
135.69981
136.28793
135.67682
135.20031
136.54004
136.28994
135.681
135.20301
135.20584
134.48202
132.27748
135.85919
135.19668
134.27705
132.06003
130.76857
125.9267
134.74096
130.73269
125.96294
127.33267
125.55356
127.30176
125.52069
125.0976
123.96129
125.08546
123.95227
122.85684
121.82148
122.8558
121.81937
120.50197
119.46757
120.50369
119.46695
118.08068
117.03474
118.08297
117.03441
115.62806
114.57256
115.63046
114.57227
113.15818
112.09543
113.16063
112.09516
110.67495
109.60593
110.67744
109.60571
108.17862
107.10343
108.18117
107.10326
105.66847
104.58684
105.67109
104.58672
103.14364
102.0552
103.14633
102.05515
100.60334
99.507758
100.6061
99.507755
98.046852
96.943785
98.049679
96.943837
95.473458
94.362586
95.476354
94.362692
92.882454
91.76345
92.885418
91.763609
90.273118
89.145664
90.276151
89.145874
87.644735
86.508489
87.647835
86.50875
84.996569
83.851195
84.999739
83.851509
82.32789
81.173045
82.331128
81.173412
79.637953
78.473303
79.641261
78.473721
76.926017
75.751218
76.929394
75.751688
74.191328
73.006041
74.194775
73.00656
71.433128
70.236992
71.436645
70.237564
68.650649
67.443314
68.654237
67.443936
65.843114
64.624224
65.846774
64.624897
63.009754
61.778936
63.013486
61.779662
60.14977
58.906661
60.153574
58.907437
57.262356
56.006582
57.266234
56.00741
54.346702
53.077877
54.350653
53.078756
51.401971
50.119704
51.405997
50.120636
48.427312
47.1312
48.431413
47.132184
45.421848
44.111476
45.426026
44.112513
42.384676
41.059612
42.388933
41.060704
39.314859
37.97465
39.319195
37.975797
36.211412
34.855588
36.215831
34.856791
33.073298
31.701339
33.077802
31.702602
29.899407
28.510752
29.903997
28.512076
26.688495
25.28248
26.69318
25.283874
23.43916
22.015002
23.443947
22.016477
20.149568
18.705973
20.154486
18.707575
16.817065
15.352036
16.822178
15.353843
13.436285
11.944297
13.441771
11.946609
9.9951867
8.4660989
10.001375
8.4691826
6.4606109
4.8749559
6.4679358
4.8786406
2.7680361
1.1573318
2.7752511
1.1548775
135.1351
134.71452
135.14522
134.72355
134.94433
134.74876
134.59253
135.14257
134.72633
134.75541
134.38139
127.95288
131.29238
128.52542
131.60149
127.90564
131.49209
128.4877
126.02511
128.01162
126.24526
127.46925
126.00799
128.00317
126.24239
124.09887
125.35907
124.11646
125.09263
124.09743
125.36605
124.12695
121.88755
122.91863
121.84579
122.81524
121.88966
122.92601
121.85431
119.52074
120.5153
119.46094
120.45187
119.52318
120.51928
119.46543
117.08678
118.08963
117.01934
118.02851
117.08908
118.0912
117.0214
114.62555
115.64108
114.55529
115.57571
114.6278
115.64168
114.5565
112.14921
113.17472
112.07833
113.10594
112.15149
113.17513
112.07942
109.66018
110.6934
109.58942
110.62269
109.66254
110.69386
109.59059
107.15798
108.19795
107.08737
108.12624
107.16044
108.19849
107.08863
104.64166
105.68821
104.57103
105.61593
104.64422
105.68882
104.57236
102.11033
103.16364
102.03953
103.09093
102.113
103.1643
102.04093
99.563225
100.62357
99.492186
100.55047
99.565995
100.62428
99.493632
96.999621
98.067307
96.928308
97.993827
97.002491
98.068073
96.929804
94.418805
95.494146
94.347193
95.420269
94.421778
95.494963
94.348742
91.820069
92.903388
91.748141
92.829093
91.823142
92.904252
91.749741
89.202691
90.294293
89.130433
90.219579
89.205866
90.29521
89.132086
86.565942
87.66616
86.493334
87.591004
86.56922
87.667127
86.495042
83.90909
85.018256
83.836121
84.942639
83.912471
85.019271
83.837881
81.231398
82.349827
81.158052
82.273746
81.234884
82.350894
81.159868
78.532127
79.660155
78.458386
79.58359
78.535718
79.661271
78.460255
75.810528
76.948483
75.736379
76.871423
75.814224
76.949649
75.738303
73.065849
74.214068
72.991276
74.136496
73.069649
74.215284
72.993254
70.297317
71.456139
70.222307
71.378045
70.301225
71.457409
70.224341
67.504168
68.673943
67.428701
68.595307
67.508183
68.675263
67.430791
64.685623
65.866693
64.60968
65.787505
64.689749
65.868067
64.611828
61.840898
63.033611
61.764466
62.953866
61.845134
63.035039
61.766672
58.9692
60.173914
58.89226
60.093595
58.973547
60.175396
58.894525
56.069715
57.286795
55.992258
57.205886
56.074175
57.288331
55.994582
53.14162
54.371442
53.063631
54.289926
53.146195
54.373034
53.066016
50.184075
51.427017
50.105539
51.344882
50.188767
51.428667
50.107987
47.196217
48.452677
47.117117
48.3699
47.201026
48.454385
47.119629
44.177156
45.447536
44.097478
45.364105
44.182087
45.449306
44.100057
41.125977
42.410701
41.045701
42.326595
41.131031
42.412533
41.048349
38.041718
39.341227
37.960828
39.256432
38.046901
39.343126
37.96355
34.923386
36.238137
34.841855
36.152636
34.9287
36.240109
34.844658
31.769893
33.100396
31.687705
33.014163
31.775344
33.102446
31.690594
28.580101
29.926896
28.497238
29.839915
28.585698
29.929036
28.500226
25.352644
26.716394
25.269064
26.628634
25.358401
26.718634
25.272167
22.086095
23.467531
22.001782
23.378977
22.09204
23.469903
22.005042
18.777993
20.17841
18.69283
20.089024
18.784194
20.180954
18.696316
15.425612
16.846705
15.339656
16.756557
15.432249
16.849583
15.343603
12.019755
13.466837
11.93237
13.375973
12.027343
13.470332
11.937317
8.5488605
10.029369
8.4605527
9.9386567
8.5584174
10.034549
8.4678347
4.9706033
6.5011284
4.8755825
6.4107972
4.9831477
6.5090836
4.8862638
1.3038852
2.8124355
1.2020815
2.7320937
1.3143942
2.8258071
1.2133495
134.5231
134.32112
134.53058
134.32649
134.50095
134.39586
134.10336
134.57104
134.30575
134.40137
133.91051
134.44552
134.44967
134.35964
134.50304
134.36816
133.28272
133.82923
133.36032
130.71307
131.25963
130.75088
127.52639
128.23348
127.53476
124.65043
125.4908
124.63966
122.02491
122.89425
122.01158
119.54557
120.40638
119.53452
117.10658
117.95516
117.09793
114.66095
115.50551
114.65353
112.1956
113.04217
112.18862
109.71115
110.56236
109.70428
107.21016
108.06673
107.20331
104.69394
105.55602
104.68709
102.16254
103.03022
102.15571
99.61543
100.48889
99.608622
97.051902
97.931367
97.045112
94.471209
95.356932
94.464435
91.872619
92.764862
91.865857
89.255404
90.154432
89.248654
86.618839
87.524917
86.612097
83.962193
84.875587
83.955457
81.284727
82.205706
81.277997
78.585701
79.514535
78.578974
75.864365
76.80133
75.857639
73.119969
74.065341
73.113242
70.351747
71.305805
70.345018
67.558928
68.521953
67.552195
64.740734
65.713013
64.733995
61.896378
62.878202
61.889631
59.025064
60.01673
59.018308
56.125987
57.127794
56.119219
53.198325
54.210578
53.191544
50.241239
51.26425
50.234444
47.253868
48.287958
47.247059
44.235328
45.280825
44.228503
41.184702
42.241947
41.17786
38.101037
39.170387
38.094177
34.983344
36.065168
34.976466
31.83054
32.925247
31.823645
28.641542
29.74953
28.634627
25.414921
26.53675
25.407998
22.149504
23.285598
22.142569
18.842414
19.99405
18.835536
15.492321
16.65996
15.4855
12.087447
13.276834
12.081137
8.6239947
9.8354396
8.6179999
5.0344805
6.2970127
5.0302309
1.3844227
2.6038375
1.3707694
614.00576
636.70519
621.54053
634.22163
621.84345
616.05856
620.83793
618.40998
620.73974
618.42342
612.66022
616.21488
614.62096
616.04167
614.69879
609.71156
612.70744
611.39232
612.55112
611.46965
606.74211
609.50121
608.29447
609.35377
608.37325
603.76938
606.39122
605.2147
606.24457
605.29541
600.78408
603.30672
602.14005
603.16167
602.22248
597.80502
600.24443
599.08463
600.10197
599.16824
594.84359
597.21023
596.05911
597.07074
596.14328
591.90588
594.2082
593.06751
594.07147
593.15181
588.99328
591.23845
590.10894
591.10407
590.19314
586.10536
588.2991
587.18067
588.16667
587.26467
583.24127
585.38782
584.28001
585.2571
584.36379
580.40046
582.50292
581.40519
582.37376
581.48875
577.58262
579.64319
578.55515
579.51555
578.6385
574.78754
576.80791
575.72923
576.68174
575.81238
572.01495
573.99643
572.92688
573.8717
573.00981
569.26448
571.20816
570.14748
571.08484
570.23022
566.5357
568.44247
567.39043
568.32051
567.47297
563.82807
565.6987
564.65504
565.57808
564.7374
561.14107
562.97622
561.94068
562.85691
562.02288
558.47416
560.27438
559.24673
560.15635
559.32878
555.82676
557.59256
556.57253
557.47578
556.65445
553.19831
554.93012
553.91747
554.81456
553.99928
550.58822
552.28641
551.28091
552.17207
551.36262
547.99591
549.66083
548.6622
549.54765
548.74383
545.42078
547.05271
546.06071
546.94069
546.1423
542.86227
544.46146
543.47583
544.35055
543.55737
540.31979
541.88638
540.90691
541.77659
540.98843
537.79279
539.32689
538.35329
539.21818
538.43483
535.28069
536.78231
535.81435
536.67467
535.89593
532.78301
534.25204
533.28946
534.14543
533.37109
530.29922
531.73539
530.77795
531.62981
530.85966
527.82887
529.23173
528.27916
529.12715
528.361
525.37157
526.74038
525.79245
526.63681
525.87445
522.92703
524.26068
523.31715
524.15811
523.39937
520.49508
521.79196
520.85262
521.69038
520.9351
518.07577
519.33342
518.39823
519.23287
518.48107
515.66961
516.88442
515.95357
516.78494
516.03689
513.27773
514.44414
513.51859
514.34585
513.60261
510.90298
512.0121
511.0948
511.91532
511.17995
508.55119
509.58868
508.6871
509.49397
508.77403
506.23693
507.17839
506.31205
507.08714
506.40169
503.99186
504.79857
504.00955
504.71343
504.10188
501.89849
502.51483
501.88873
502.44138
501.97862
500.13406
500.5043
500.12685
500.44897
500.19327
499.06698
499.25088
499.0093
499.22403
499.04159
498.84455
498.88329
498.79287
498.91674
498.8217
619.2219
631.18343
619.62084
629.75794
619.69196
628.76636
619.9899
620.07975
631.19561
618.90445
629.57691
620.68709
628.76551
619.62449
393.19592
384.17951
384.06826
384.25239
384.17338
393.32866
384.19333
384.4012
384.27998
384.43022
394.40785
385.27311
385.62855
385.39368
385.62893
396.09419
386.99106
387.58819
387.13241
387.57064
397.9902
389.03197
389.77977
389.17389
389.7517
399.96677
391.21694
392.02877
391.35466
391.99579
401.95964
393.43934
394.27353
393.57297
394.23815
403.9477
395.66146
396.49906
395.79187
396.46247
405.92209
397.86839
398.70236
397.99616
398.665
407.88046
400.05636
400.88415
400.18188
400.84619
409.82247
402.22482
403.04583
402.34827
403.00729
411.74872
404.37462
405.18892
404.4961
405.14977
413.66011
406.50691
407.31487
406.6265
407.27506
415.55774
408.62303
409.4251
408.74076
409.38458
417.44281
410.72433
411.52102
410.84025
411.47972
419.31651
412.81216
413.60398
412.9263
413.56183
421.18009
414.88789
415.67535
415.00026
415.63227
423.03468
416.95277
417.73639
417.06344
417.69234
424.88157
419.00818
419.78845
419.11716
419.74335
426.72196
421.05541
421.83283
421.16271
421.78661
428.55703
423.0957
423.87078
423.20138
423.82339
430.388
425.13039
425.9036
425.23445
425.85495
432.2161
427.16073
427.93255
427.26318
427.88258
434.04241
429.18791
429.95885
429.28881
429.9075
435.86817
431.21323
431.98375
431.3126
431.93096
437.69456
433.23791
434.0085
433.33576
433.95419
439.52272
435.26318
436.0343
435.35954
435.97841
441.35383
437.29025
438.06237
437.38514
438.00484
443.18908
439.32034
440.09393
439.41378
440.03469
445.02968
441.35467
442.13019
441.44668
442.06916
446.8768
443.39442
444.17231
443.48502
444.10945
448.73162
445.44074
446.22147
445.52997
446.15671
450.59544
447.49476
448.27882
447.58263
448.2121
452.46958
449.55758
450.34559
449.64413
450.27686
454.35582
451.63066
452.42344
451.71592
452.35256
456.25703
453.71655
454.51502
453.8006
454.44167
458.17788
455.82003
456.62428
455.90291
456.54785
460.12466
457.94794
458.75536
458.02953
458.67507
462.09986
460.10259
460.90421
460.18218
460.82034
464.09061
462.26519
463.04824
462.3415
462.96515
466.04116
464.34509
465.105
464.41544
465.03847
467.88601
466.17937
467.05817
466.24703
467.03773
469.59808
467.36517
468.83048
467.42875
468.92266
475.97885
468.26314
473.20513
475.82636
468.20627
473.02054
357.5374
358.2672
353.31239
360.94786
358.08356
353.2629
354.1704
353.8722
352.41244
353.97457
352.48321
352.77466
352.16667
351.30131
352.15791
351.37211
351.00695
350.30811
349.57329
350.25237
349.64473
349.16247
348.35377
347.60026
348.27972
347.67676
347.26154
346.30099
345.52911
346.22427
345.60868
345.36422
344.23081
343.45119
344.15637
343.53284
343.48055
342.16804
341.38931
342.09672
341.47239
341.61188
340.12064
339.34578
340.05202
339.43008
339.75517
338.08729
337.3168
338.02092
337.40227
337.90808
336.06563
335.29905
336.0012
335.3857
336.06893
334.0536
333.29036
333.99097
333.37819
334.2366
332.04973
331.28933
331.98881
331.37836
332.4101
330.05286
329.29485
329.99358
329.38509
330.58853
328.06192
327.30589
328.00422
327.39734
328.77086
326.07584
325.32139
326.01965
325.41407
326.95622
324.09358
323.34029
324.03884
323.43422
325.14363
322.11406
321.36152
322.06071
321.45672
323.33211
320.13621
319.38401
320.08419
319.48048
321.52069
318.15895
317.40667
318.1082
317.50445
319.70841
316.1812
315.42843
316.13166
315.52752
317.89425
314.20186
313.44818
314.15348
313.54862
316.07726
312.21987
311.46485
312.17258
311.56665
314.25644
310.23412
309.47733
310.18787
309.58053
312.4308
308.24351
307.48453
308.19825
307.58914
310.59936
306.24693
305.48533
306.2026
305.59139
308.76112
304.24328
303.47862
304.19982
303.58614
306.91509
302.23142
301.46327
302.18877
301.57228
305.06025
300.21021
299.43813
300.16833
299.54868
303.19562
298.1785
297.40206
298.13734
297.51417
301.32029
296.13517
295.35395
296.09468
295.46766
299.43329
294.07903
293.29259
294.03915
293.40793
297.53382
292.00895
291.21698
291.96966
291.334
295.62101
289.92365
289.1258
289.8849
289.24456
293.69472
287.82224
287.0187
287.78405
287.13932
291.75437
285.70316
284.89418
285.66553
285.01678
289.80264
283.56682
282.75533
283.53001
282.88024
287.84042
281.41087
280.60127
281.37508
280.72875
285.88401
279.24336
278.45417
279.20985
278.58534
283.94484
277.06408
276.32522
277.03408
276.4599
282.10859
274.93467
274.34038
274.91404
274.4788
280.46456
272.92705
272.56331
272.92052
272.68134
279.57038
271.66469
271.45679
271.68802
271.53848
280.00026
271.35093
271.43856
271.4496
271.50746
360.98109
352.23108
352.65965
360.87591
360.87554
360.08161
352.35005
351.95551
360.44008
360.0824
357.43552
350.21973
349.48142
357.87816
357.45166
354.48279
347.58237
346.87726
355.08942
354.50161
351.94087
345.26308
344.64262
352.64313
351.96166
349.64781
343.15066
342.57085
350.34896
349.66635
347.52276
341.18483
340.63004
348.20528
347.54082
345.45634
339.27756
338.73107
346.11876
345.47436
343.41078
337.39437
336.85204
344.06154
343.42962
341.37182
335.52127
334.98139
342.01644
341.39183
339.33907
333.65604
333.11862
339.98066
339.36048
337.31406
331.79903
331.26405
337.95383
337.33693
335.29772
329.95047
329.41785
335.93615
335.32207
333.28983
328.10997
327.57946
333.92723
333.31571
331.28961
326.27669
325.748
331.92627
331.31704
329.29602
324.44963
323.92245
329.93229
329.32503
327.30796
322.62775
322.10179
327.94421
327.33859
325.32436
320.81004
320.285
325.96096
325.35663
323.34414
318.9955
318.47109
323.98146
323.37808
321.36623
317.18313
316.65906
322.00463
321.40187
319.38955
315.37192
314.8479
320.02941
319.42693
317.41303
313.5609
313.03665
318.05472
317.45218
315.4356
311.74911
311.22433
316.0795
315.47656
313.45617
309.93555
309.40997
314.10265
313.49897
311.47365
308.11924
307.59255
312.12308
311.51832
309.48693
306.29914
305.77106
310.13971
309.53353
307.49492
304.4743
303.94454
308.15143
307.54348
305.49651
302.64368
302.11195
306.15714
305.54707
303.49058
300.8063
300.27228
304.15573
303.54317
301.47598
298.96111
298.42451
302.14606
301.53067
299.4516
297.10708
296.5676
300.12701
299.50842
297.41625
295.24317
294.70047
298.09741
297.47524
295.36878
293.36829
292.82206
296.05613
295.43
293.30792
291.4813
290.93118
294.00194
293.37141
291.23249
289.58105
289.02663
291.9337
291.2983
289.14082
287.66597
287.10677
289.84997
289.20896
287.03167
285.73471
285.16997
287.74969
287.10216
284.90123
283.78381
283.21239
285.63059
284.97399
282.7465
281.81048
281.22966
283.49164
282.82146
280.5486
279.80014
279.20473
281.32538
280.62535
278.27888
277.73776
277.10972
279.12541
278.35746
275.78625
275.51274
274.80967
276.83623
275.86978
272.76478
273.02287
271.8614
274.3539
272.85115
268.06916
267.52927
263.09363
271.04137
267.88701
263.08051
157.02069
148.99422
153.4665
153.76889
156.91208
148.9835
160.33339
157.88395
159.08201
158.71524
160.21897
162.81607
160.92421
161.65242
161.7556
162.72658
165.13628
163.29545
163.94313
164.27726
165.05178
167.38211
165.45057
166.06178
166.58853
167.29833
169.59563
167.52399
168.11748
168.82943
169.51157
171.78366
169.54774
170.12945
171.02902
171.69863
173.95069
171.5392
172.11222
173.20351
173.86454
176.09812
173.50452
174.07034
175.35618
176.0107
178.22758
175.44806
176.00766
177.49009
178.13881
180.34031
177.37229
177.92636
179.6066
180.25012
182.43766
179.27928
179.82839
181.70722
182.34599
184.52089
181.1707
181.71532
183.79324
184.42769
186.59132
183.04807
183.58863
185.86599
186.49653
188.65021
184.91278
185.44968
187.92675
188.55378
190.69883
186.76614
187.29977
189.97679
190.60071
192.73846
188.60943
189.14016
192.01737
192.63858
194.77033
190.44389
190.97208
194.04976
194.66865
196.7957
192.27071
192.79672
196.0752
196.69216
198.81582
194.09111
194.61529
198.09494
198.71037
200.83193
195.9063
196.429
200.11023
200.72452
202.84528
197.71745
198.23901
202.12231
202.73584
204.85711
199.52575
200.04651
204.13242
204.74559
206.86862
201.33229
201.8526
206.14178
206.75497
208.88108
203.13833
203.65853
208.15164
208.76523
210.8957
204.94499
205.46542
210.16322
210.7776
212.91373
206.75345
207.27446
212.17776
212.79332
214.93637
208.56487
209.0868
214.19647
214.81359
216.96487
210.38045
210.90364
216.22059
216.83966
219.00046
212.20136
212.72617
218.25134
218.87276
221.04437
214.0288
214.55558
220.28999
220.9141
223.09777
215.86396
216.39304
222.33774
222.96489
225.16166
217.70794
218.23962
224.39569
225.02615
227.23656
219.56153
220.09596
226.46441
227.09847
229.3222
221.42478
221.96192
228.54338
229.18175
231.41824
223.29706
223.83688
230.63085
231.27576
233.52794
225.17872
225.72239
232.72662
233.38327
235.66875
227.07861
227.63079
234.84302
235.51928
237.88229
229.02488
229.60007
237.02477
237.72029
240.25137
231.09211
231.70961
239.3765
240.06326
242.78959
233.34265
234.04992
241.9925
242.57073
245.58058
235.93751
236.62425
244.94785
245.37757
247.86931
238.15489
238.50601
247.3566
247.72276
248.26208
238.82872
238.31764
248.21598
248.1615
0.84066735
3.5413066
0.93955721
3.6263287
0.83704722
3.097826
0.90140396
1.2779738
4.0000145
1.2695294
3.2916543
1.0367602
3.6401308
1.0077071
134.34049
134.26074
134.135
134.5155
134.3303
133.22381
133.55803
133.06787
133.74102
133.29553
130.61689
131.29286
130.49056
131.22252
130.71891
127.44712
128.34342
127.50751
128.20194
127.54492
124.58823
125.60224
124.84528
125.45792
124.68961
121.97058
123.06123
122.3367
122.85499
122.07075
119.4947
120.62866
119.91824
120.36698
119.59395
117.05619
118.22651
117.5161
117.91686
117.1554
114.61004
115.8177
115.10264
115.46816
114.71003
112.14401
113.39023
112.66949
113.00526
112.24512
109.65905
110.94348
110.21741
110.52562
109.76131
107.15769
108.47922
107.74819
108.03011
107.26109
104.64115
105.99867
105.26284
105.5195
104.74567
102.10945
103.50211
102.76144
102.99383
102.2151
99.56205
100.98927
100.24364
100.45263
99.668834
96.998215
98.459667
97.708903
97.895217
97.106155
94.41721
95.912714
95.156651
95.320885
94.526324
91.818298
93.347807
92.586264
92.728903
91.928611
89.200759
90.764332
89.997116
90.118549
89.31229
86.563854
88.161615
87.388536
87.48909
86.676632
83.906865
85.539018
84.759873
84.839806
84.02091
81.229043
82.895845
82.110432
82.169954
81.344385
78.529652
80.231416
79.439529
79.4788
78.646318
75.807938
77.545027
76.746459
76.765596
75.925959
73.063162
74.83599
74.03053
74.0296
73.182563
70.29455
72.103581
71.291014
71.270043
70.415359
67.501327
69.347085
68.527201
68.486156
67.623578
64.682721
66.565795
65.738386
65.677171
64.806447
61.837945
63.759012
62.923875
62.842306
61.96318
58.966206
60.926045
60.082979
59.980773
59.092984
56.066695
58.066217
57.215031
57.09177
56.195055
53.138595
55.17888
54.319393
54.174486
53.268576
50.18107
52.26342
51.395468
51.228094
50.312716
47.19326
49.319274
48.442718
48.251746
47.326619
44.174285
46.345958
45.460691
45.244577
44.309409
41.123234
43.343095
42.449062
42.20569
41.260185
38.039161
40.310468
39.407687
39.134167
38.178009
34.921095
37.248103
36.336692
36.029055
35.061922
31.767974
34.156322
33.236556
32.889343
31.910879
28.578759
31.036022
30.108401
29.714001
28.723869
25.352146
27.888684
26.95409
26.50186
25.49961
22.087244
24.717392
23.777253
23.251898
22.237278
18.782123
21.526207
20.583135
19.96263
18.934965
15.437879
18.325419
17.383738
16.634001
15.593997
12.052103
15.124545
14.197749
13.26406
12.21266
8.6490268
11.997348
11.120843
9.8644854
8.8160207
5.4399539
8.8990503
8.5846078
6.411622
5.4761337
1.2859324
9.4213434
3.0415925
1.2500765
475.57565
157.421
157.35025
475.72693
157.28976
157.23924
475.82567
157.19755
157.16324
475.88333
157.13493
157.11156
475.91167
157.09235
157.07682
475.9214
157.06477
157.05614
475.92135
157.05099
157.04939
475.91553
157.05165
157.05716
)
;

boundaryField
{
    inlet
    {
        type            zeroGradient;
    }
    outlet
    {
        type            fixedValue;
        value           uniform 0;
    }
    top
    {
        type            zeroGradient;
    }
    fluid
    {
        type            zeroGradient;
    }
    catalyst
    {
        type            zeroGradient;
    }
}


// ************************************************************************* //
